 rest Pulling 
 realtime Pulling 
 studio Pulling 
 clamav Pulling 
 functions Pulling 
 storage Pulling 
 kong Pulling 
 meta Pulling 
 imgproxy Pulling 
 vector Pulling 
 auth Pulling 
 analytics Pulling 
 db Pulling 
 redis Pulling 
 rabbitmq Pulling 
 3236b1441e41 Pulling fs layer 
 213ec9aee27d Pulling fs layer 
 a70653f7a2d5 Pulling fs layer 
 531e3bd93090 Pulling fs layer 
 814dd06d26c7 Pulling fs layer 
 531e3bd93090 Waiting 
 814dd06d26c7 Waiting 
 c29f5b76f736 Pulling fs layer 
 8f67c847f393 Pulling fs layer 
 530eb31ea830 Pulling fs layer 
 ef3a60081ed0 Pulling fs layer 
 59329b3a560e Pulling fs layer 
 5fca9f90cdf9 Pulling fs layer 
 e3f300fc928f Pulling fs layer 
 0878adb31cc0 Pulling fs layer 
 83f8df266756 Pulling fs layer 
 0b5dfd2389b7 Pulling fs layer 
 73966364e302 Pulling fs layer 
 530eb31ea830 Waiting 
 ef3a60081ed0 Waiting 
 59329b3a560e Waiting 
 5fca9f90cdf9 Waiting 
 e3f300fc928f Waiting 
 0878adb31cc0 Waiting 
 83f8df266756 Waiting 
 8f67c847f393 Waiting 
 0b5dfd2389b7 Waiting 
 73966364e302 Waiting 
 c29f5b76f736 Waiting 
 3da95a905ed5 Pulling fs layer 
 0dfbb916091a Pulling fs layer 
 16ccf2d7e28e Pulling fs layer 
 93039ce05c0f Pulling fs layer 
 5068b8a29899 Pulling fs layer 
 6f8dada44fff Pulling fs layer 
 0dfbb916091a Waiting 
 8e89002132fb Pulling fs layer 
 93039ce05c0f Waiting 
 16ccf2d7e28e Waiting 
 6f8dada44fff Waiting 
 5068b8a29899 Waiting 
 8e89002132fb Waiting 
 3da95a905ed5 Waiting 
 3236b1441e41 Downloading [>                                                  ]  54.09kB/5.311MB
 a70653f7a2d5 Downloading [==================================================>]     132B/132B
 a70653f7a2d5 Verifying Checksum 
 a70653f7a2d5 Download complete 
 3236b1441e41 Downloading [=========>                                         ]  981.4kB/5.311MB
 2d429b9e73a6 Pulling fs layer 
 83dd93d3dd14 Pulling fs layer 
 24b6e9e308bb Pulling fs layer 
 a287ee838830 Pulling fs layer 
 81b4e824a7fc Pulling fs layer 
 dd85eb8fe9b6 Pulling fs layer 
 e760ae920e54 Pulling fs layer 
 3236b1441e41 Downloading [=========>                                         ]  1.047MB/5.311MB
 0a9a5dfd008f Pulling fs layer 
 4f4fb700ef54 Pulling fs layer 
 bc93b75590f6 Pulling fs layer 
 a287ee838830 Waiting 
 81b4e824a7fc Waiting 
 7f7f2bda001d Pulling fs layer 
 d6fdad86d21a Pulling fs layer 
 24b6e9e308bb Waiting 
 fcfafa19adef Pulling fs layer 
 dd85eb8fe9b6 Waiting 
 8e77f09be314 Pulling fs layer 
 4f4fb700ef54 Waiting 
 99d836164c84 Pulling fs layer 
 36715fac4319 Pulling fs layer 
 e760ae920e54 Waiting 
 80fd1defeed5 Pulling fs layer 
 d5db3ddc23dd Pulling fs layer 
 bc93b75590f6 Waiting 
 83dd93d3dd14 Waiting 
 213ec9aee27d Downloading [>                                                  ]  28.75kB/2.806MB
 7f7f2bda001d Waiting 
 2d429b9e73a6 Waiting 
 d6fdad86d21a Waiting 
 fcfafa19adef Waiting 
 80fd1defeed5 Waiting 
 8e77f09be314 Waiting 
 d5db3ddc23dd Waiting 
 99d836164c84 Waiting 
 0a9a5dfd008f Waiting 
 36715fac4319 Waiting 
 f18232174bc9 Pulling fs layer 
 215a21532880 Pulling fs layer 
 0cca667c7eaa Pulling fs layer 
 15f68d6d24b4 Pulling fs layer 
 c57f7b28229f Pulling fs layer 
 842fd6281a5f Pulling fs layer 
 f18232174bc9 Waiting 
 215a21532880 Waiting 
 0cca667c7eaa Waiting 
 15f68d6d24b4 Waiting 
 c57f7b28229f Waiting 
 842fd6281a5f Waiting 
 3236b1441e41 Downloading [===========================>                       ]  2.948MB/5.311MB
 213ec9aee27d Downloading [==============>                                    ]  802.8kB/2.806MB
 d9802f032d67 Pulling fs layer 
 509ee5635ab7 Pulling fs layer 
 b7ff0b002068 Pulling fs layer 
 682e346897fd Pulling fs layer 
 efc837203904 Pulling fs layer 
 eaf2e29bee29 Pulling fs layer 
 4f4fb700ef54 Pulling fs layer 
 803debb29f36 Pulling fs layer 
 53ed40429b23 Pulling fs layer 
 4b4a7c81ca57 Pulling fs layer 
 0432ea1c2fb4 Pulling fs layer 
 ed19f0710562 Pulling fs layer 
 d72e08f1aa32 Pulling fs layer 
 27848b8d6ce7 Pulling fs layer 
 30ee1d7fcd7c Pulling fs layer 
 812ac9f6c814 Pulling fs layer 
 87ad3dc54565 Pulling fs layer 
 3a00dab3dc12 Pulling fs layer 
 af6a4fc76e12 Pulling fs layer 
 1cebda970ac2 Pulling fs layer 
 da6d5b2391f4 Pulling fs layer 
 c056af83c75a Pulling fs layer 
 b956856aa990 Pulling fs layer 
 d087a09e04a4 Pulling fs layer 
 7e7d4e867166 Pulling fs layer 
 b7ff0b002068 Waiting 
 d9802f032d67 Waiting 
 4325d0494d4b Pulling fs layer 
 87d6bacbc6c0 Pulling fs layer 
 efc837203904 Waiting 
 eaf2e29bee29 Waiting 
 7a742dd64d12 Pulling fs layer 
 4f4fb700ef54 Waiting 
 598f4e1c04e2 Pulling fs layer 
 803debb29f36 Waiting 
 53ed40429b23 Waiting 
 46c7635c6fb7 Pulling fs layer 
 4b4a7c81ca57 Waiting 
 221837824867 Pulling fs layer 
 0432ea1c2fb4 Waiting 
 ed19f0710562 Waiting 
 919a1e71b68a Pulling fs layer 
 d72e08f1aa32 Waiting 
 fb497473dc17 Pulling fs layer 
 27848b8d6ce7 Waiting 
 0fdad042f1e9 Pulling fs layer 
 30ee1d7fcd7c Waiting 
 192972bd0978 Pulling fs layer 
 d848265640dd Pulling fs layer 
 6a6b346c4dd7 Pulling fs layer 
 812ac9f6c814 Waiting 
 87ad3dc54565 Waiting 
 d79924120685 Pulling fs layer 
 3a00dab3dc12 Waiting 
 99963b4ffd8b Pulling fs layer 
 af6a4fc76e12 Waiting 
 1cebda970ac2 Waiting 
 02f19c300d1a Pulling fs layer 
 da6d5b2391f4 Waiting 
 d59b132bb007 Pulling fs layer 
 c056af83c75a Waiting 
 b956856aa990 Waiting 
 115f008298f4 Pulling fs layer 
 d087a09e04a4 Waiting 
 6bbafa363cd7 Pulling fs layer 
 7e7d4e867166 Waiting 
 f87fdf314246 Pulling fs layer 
 87862446a133 Pulling fs layer 
 d848265640dd Waiting 
 4325d0494d4b Waiting 
 6a6b346c4dd7 Waiting 
 d79924120685 Waiting 
 99963b4ffd8b Waiting 
 02f19c300d1a Waiting 
 d59b132bb007 Waiting 
 115f008298f4 Waiting 
 6bbafa363cd7 Waiting 
 f87fdf314246 Waiting 
 87862446a133 Waiting 
 7a742dd64d12 Waiting 
 598f4e1c04e2 Waiting 
 46c7635c6fb7 Waiting 
 221837824867 Waiting 
 509ee5635ab7 Waiting 
 682e346897fd Waiting 
 919a1e71b68a Waiting 
 fb497473dc17 Waiting 
 0fdad042f1e9 Waiting 
 192972bd0978 Waiting 
 87d6bacbc6c0 Waiting 
 3236b1441e41 Downloading [=====================================>             ]  3.931MB/5.311MB
 213ec9aee27d Downloading [================================>                  ]  1.819MB/2.806MB
 32f112e3802c Pulling fs layer 
 3bb924c23a44 Pulling fs layer 
 2a325605524d Pulling fs layer 
 e2b6df31d6e6 Pulling fs layer 
 630289efdde3 Pulling fs layer 
 2075556302e0 Pulling fs layer 
 7ffa9188421a Pulling fs layer 
 721d203bc179 Pulling fs layer 
 bbbeb4a4152c Pulling fs layer 
 a80fce81716e Pulling fs layer 
 2075556302e0 Waiting 
 32f112e3802c Waiting 
 3bb924c23a44 Waiting 
 a80fce81716e Waiting 
 2a325605524d Waiting 
 7ffa9188421a Waiting 
 e2b6df31d6e6 Waiting 
 bbbeb4a4152c Waiting 
 630289efdde3 Waiting 
 3236b1441e41 Downloading [==========================================>        ]  4.496MB/5.311MB
 213ec9aee27d Downloading [===============================================>   ]  2.679MB/2.806MB
 531e3bd93090 Downloading [>                                                  ]  466.9kB/46.53MB
 213ec9aee27d Verifying Checksum 
 213ec9aee27d Download complete 
 213ec9aee27d Extracting [>                                                  ]  32.77kB/2.806MB
 7cf63256a31a Pulling fs layer 
 87cebe46a2f9 Pulling fs layer 
 be5cba3f61a8 Pulling fs layer 
 4e92bbed68b7 Pulling fs layer 
 dafd5988e10b Pulling fs layer 
 5915a2307275 Pulling fs layer 
 be0fb269c172 Pulling fs layer 
 abf40e7ab36b Pulling fs layer 
 d3af41f674df Pulling fs layer 
 d6bf9fe0041c Pulling fs layer 
 dafd5988e10b Waiting 
 5915a2307275 Waiting 
 be0fb269c172 Waiting 
 7cf63256a31a Waiting 
 abf40e7ab36b Waiting 
 87cebe46a2f9 Waiting 
 4e92bbed68b7 Waiting 
 d3af41f674df Waiting 
 d6bf9fe0041c Waiting 
 be5cba3f61a8 Waiting 
 3236b1441e41 Verifying Checksum 
 3236b1441e41 Download complete 
 3236b1441e41 Extracting [>                                                  ]  65.54kB/5.311MB
 531e3bd93090 Downloading [===>                                               ]  2.834MB/46.53MB
 213ec9aee27d Extracting [=>                                                 ]  65.54kB/2.806MB
 59e22667830b Pulling fs layer 
 563069fa03b4 Pulling fs layer 
 49031c033a72 Pulling fs layer 
 c645e9c24a26 Pulling fs layer 
 ab52a92c7961 Pulling fs layer 
 4f4fb700ef54 Pulling fs layer 
 550e4087f9e6 Pulling fs layer 
 563069fa03b4 Waiting 
 49031c033a72 Waiting 
 c645e9c24a26 Waiting 
 ab52a92c7961 Waiting 
 4f4fb700ef54 Waiting 
 59e22667830b Waiting 
 550e4087f9e6 Waiting 
 531e3bd93090 Downloading [=====>                                             ]   5.19MB/46.53MB
 531e3bd93090 Downloading [======>                                            ]   6.14MB/46.53MB
 c29f5b76f736 Pulling fs layer 
 2e028960d368 Pulling fs layer 
 3c06cd7325ad Pulling fs layer 
 6e829fdb373b Pulling fs layer 
 5bae82939a32 Pulling fs layer 
 6904def1bcbe Pulling fs layer 
 c29f5b76f736 Waiting 
 2e028960d368 Waiting 
 3c06cd7325ad Waiting 
 6904def1bcbe Waiting 
 6e829fdb373b Waiting 
 5bae82939a32 Waiting 
 531e3bd93090 Downloading [=======>                                           ]   7.09MB/46.53MB
 814dd06d26c7 Downloading [==================================================>]     881B/881B
 814dd06d26c7 Verifying Checksum 
 814dd06d26c7 Download complete 
 d261077062b2 Pulling fs layer 
 2babd04ec7b1 Pulling fs layer 
 6bbeea27f58c Pulling fs layer 
 2b092e92b1a0 Pulling fs layer 
 9ced58d1ef15 Pulling fs layer 
 4f4fb700ef54 Pulling fs layer 
 2b092e92b1a0 Waiting 
 9ced58d1ef15 Waiting 
 4f4fb700ef54 Waiting 
 d261077062b2 Waiting 
 6bbeea27f58c Waiting 
 2babd04ec7b1 Waiting 
 531e3bd93090 Downloading [=========>                                         ]  8.974MB/46.53MB
 c29f5b76f736 Downloading [>                                                  ]  298.4kB/28.21MB
 c29f5b76f736 Downloading [>                                                  ]  298.4kB/28.21MB
 c29f5b76f736 Downloading [=>                                                 ]  593.4kB/28.21MB
 c29f5b76f736 Downloading [=>                                                 ]  593.4kB/28.21MB
 531e3bd93090 Downloading [============>                                      ]  11.33MB/46.53MB
 6dce3b49cfe6 Pulling fs layer 
 23a024790aeb Pulling fs layer 
 62af05ff28d1 Pulling fs layer 
 18202b973349 Pulling fs layer 
 1b619070c4cd Pulling fs layer 
 1776b39f721a Pulling fs layer 
 377fcd1199b5 Pulling fs layer 
 4af68626d1c5 Pulling fs layer 
 4f4fb700ef54 Pulling fs layer 
 b3def6342ddc Pulling fs layer 
 6dce3b49cfe6 Waiting 
 23a024790aeb Waiting 
 62af05ff28d1 Waiting 
 18202b973349 Waiting 
 1b619070c4cd Waiting 
 1776b39f721a Waiting 
 377fcd1199b5 Waiting 
 b3def6342ddc Waiting 
 4af68626d1c5 Waiting 
 4f4fb700ef54 Waiting 
 531e3bd93090 Downloading [==============>                                    ]  13.69MB/46.53MB
 c29f5b76f736 Downloading [==>                                                ]  1.186MB/28.21MB
 c29f5b76f736 Downloading [==>                                                ]  1.186MB/28.21MB
 bd159e379b3b Pulling fs layer 
 6309c66995c3 Pulling fs layer 
 afc82c51c69d Pulling fs layer 
 053e09c75ec1 Pulling fs layer 
 fc6c361fe360 Pulling fs layer 
 901d40e1841c Pulling fs layer 
 bd159e379b3b Waiting 
 6309c66995c3 Waiting 
 afc82c51c69d Waiting 
 053e09c75ec1 Waiting 
 fc6c361fe360 Waiting 
 901d40e1841c Waiting 
 213ec9aee27d Extracting [==>                                                ]  131.1kB/2.806MB
 3236b1441e41 Extracting [=>                                                 ]  131.1kB/5.311MB
 531e3bd93090 Downloading [=================>                                 ]  16.53MB/46.53MB
 c29f5b76f736 Downloading [===>                                               ]  2.071MB/28.21MB
 c29f5b76f736 Downloading [===>                                               ]  2.071MB/28.21MB
 3236b1441e41 Extracting [========>                                          ]  917.5kB/5.311MB
 8f67c847f393 Downloading [==============>                                    ]     933B/3.313kB
 8f67c847f393 Downloading [==================================================>]  3.313kB/3.313kB
 8f67c847f393 Verifying Checksum 
 8f67c847f393 Download complete 
 531e3bd93090 Downloading [===================>                               ]  18.42MB/46.53MB
 c29f5b76f736 Downloading [====>                                              ]  2.653MB/28.21MB
 c29f5b76f736 Downloading [====>                                              ]  2.653MB/28.21MB
 3236b1441e41 Extracting [=================>                                 ]  1.901MB/5.311MB
 531e3bd93090 Downloading [=====================>                             ]   20.3MB/46.53MB
 c29f5b76f736 Downloading [======>                                            ]   3.82MB/28.21MB
 c29f5b76f736 Downloading [======>                                            ]   3.82MB/28.21MB
 213ec9aee27d Extracting [=============>                                     ]  753.7kB/2.806MB
 c29f5b76f736 Downloading [=======>                                           ]  4.115MB/28.21MB
 c29f5b76f736 Downloading [=======>                                           ]  4.115MB/28.21MB
 3236b1441e41 Extracting [========================>                          ]  2.556MB/5.311MB
 531e3bd93090 Downloading [======================>                            ]  21.25MB/46.53MB
 213ec9aee27d Extracting [==============>                                    ]  786.4kB/2.806MB
 3236b1441e41 Extracting [=====================================>             ]  3.998MB/5.311MB
 c29f5b76f736 Downloading [=========>                                         ]  5.585MB/28.21MB
 c29f5b76f736 Downloading [=========>                                         ]  5.585MB/28.21MB
 531e3bd93090 Downloading [========================>                          ]  22.67MB/46.53MB
 213ec9aee27d Extracting [=======================================>           ]  2.195MB/2.806MB
 3236b1441e41 Extracting [==================================================>]  5.311MB/5.311MB
 213ec9aee27d Extracting [==================================================>]  2.806MB/2.806MB
 c29f5b76f736 Downloading [============>                                      ]  7.052MB/28.21MB
 c29f5b76f736 Downloading [============>                                      ]  7.052MB/28.21MB
 530eb31ea830 Downloading [>                                                  ]  416.2kB/40.85MB
 531e3bd93090 Downloading [=========================>                         ]  24.07MB/46.53MB
 c29f5b76f736 Downloading [===============>                                   ]  8.522MB/28.21MB
 c29f5b76f736 Downloading [===============>                                   ]  8.522MB/28.21MB
 531e3bd93090 Downloading [===========================>                       ]  25.48MB/46.53MB
 530eb31ea830 Downloading [==>                                                ]  1.661MB/40.85MB
 c29f5b76f736 Downloading [=================>                                 ]  9.685MB/28.21MB
 c29f5b76f736 Downloading [=================>                                 ]  9.685MB/28.21MB
 531e3bd93090 Downloading [============================>                      ]  26.91MB/46.53MB
 c29f5b76f736 Downloading [==================>                                ]  10.28MB/28.21MB
 3236b1441e41 Pull complete 
 c29f5b76f736 Downloading [===================>                               ]  10.86MB/28.21MB
 530eb31ea830 Downloading [===>                                               ]  2.911MB/40.85MB
 531e3bd93090 Downloading [=============================>                     ]  27.39MB/46.53MB
 c29f5b76f736 Downloading [==================>                                ]  10.28MB/28.21MB
 530eb31ea830 Downloading [====>                                              ]   3.32MB/40.85MB
 530eb31ea830 Downloading [====>                                              ]   3.73MB/40.85MB
 c29f5b76f736 Downloading [===================>                               ]  10.86MB/28.21MB
 531e3bd93090 Downloading [=============================>                     ]  27.87MB/46.53MB
 530eb31ea830 Downloading [=====>                                             ]  4.139MB/40.85MB
 530eb31ea830 Downloading [=====>                                             ]  4.549MB/40.85MB
 c29f5b76f736 Downloading [====================>                              ]  11.73MB/28.21MB
 c29f5b76f736 Downloading [====================>                              ]  11.73MB/28.21MB
 c29f5b76f736 Downloading [=====================>                             ]   12.3MB/28.21MB
 530eb31ea830 Downloading [======>                                            ]  4.963MB/40.85MB
 531e3bd93090 Downloading [==============================>                    ]   28.8MB/46.53MB
 c29f5b76f736 Downloading [=====================>                             ]   12.3MB/28.21MB
 531e3bd93090 Downloading [===============================>                   ]  29.27MB/46.53MB
 c29f5b76f736 Downloading [======================>                            ]   12.6MB/28.21MB
 c29f5b76f736 Downloading [======================>                            ]  12.89MB/28.21MB
 c29f5b76f736 Downloading [=======================>                           ]  13.48MB/28.21MB
 530eb31ea830 Downloading [=======>                                           ]  5.798MB/40.85MB
 c29f5b76f736 Downloading [======================>                            ]   12.6MB/28.21MB
 c29f5b76f736 Downloading [======================>                            ]  12.89MB/28.21MB
 530eb31ea830 Downloading [========>                                          ]  6.626MB/40.85MB
 213ec9aee27d Pull complete 
 530eb31ea830 Downloading [========>                                          ]  7.035MB/40.85MB
 531e3bd93090 Downloading [===============================>                   ]  29.74MB/46.53MB
 c29f5b76f736 Downloading [=======================>                           ]  13.48MB/28.21MB
 a70653f7a2d5 Extracting [==================================================>]     132B/132B
 a70653f7a2d5 Extracting [==================================================>]     132B/132B
 531e3bd93090 Downloading [================================>                  ]  30.22MB/46.53MB
 530eb31ea830 Downloading [==========>                                        ]  8.289MB/40.85MB
 c29f5b76f736 Downloading [=========================>                         ]  14.66MB/28.21MB
 c29f5b76f736 Downloading [=========================>                         ]  14.66MB/28.21MB
 531e3bd93090 Downloading [=================================>                 ]  31.63MB/46.53MB
 c29f5b76f736 Downloading [==========================>                        ]  14.95MB/28.21MB
 c29f5b76f736 Downloading [==========================>                        ]  14.95MB/28.21MB
 530eb31ea830 Downloading [===========>                                       ]  9.116MB/40.85MB
 c29f5b76f736 Downloading [============================>                      ]  15.83MB/28.21MB
 c29f5b76f736 Downloading [============================>                      ]  15.83MB/28.21MB
 rest Pulled 
 531e3bd93090 Downloading [===================================>               ]  32.58MB/46.53MB
 530eb31ea830 Downloading [============>                                      ]  9.943MB/40.85MB
 531e3bd93090 Downloading [===================================>               ]  33.05MB/46.53MB
 530eb31ea830 Downloading [============>                                      ]  10.36MB/40.85MB
 c29f5b76f736 Downloading [=============================>                     ]  16.42MB/28.21MB
 c29f5b76f736 Downloading [=============================>                     ]  16.42MB/28.21MB
 c29f5b76f736 Downloading [==============================>                    ]   17.3MB/28.21MB
 c29f5b76f736 Downloading [==============================>                    ]   17.3MB/28.21MB
 530eb31ea830 Downloading [=============>                                     ]  11.18MB/40.85MB
 531e3bd93090 Downloading [====================================>              ]     34MB/46.53MB
 531e3bd93090 Downloading [=====================================>             ]  34.94MB/46.53MB
 530eb31ea830 Downloading [==============>                                    ]     12MB/40.85MB
 c29f5b76f736 Downloading [================================>                  ]  18.48MB/28.21MB
 c29f5b76f736 Downloading [================================>                  ]  18.48MB/28.21MB
 530eb31ea830 Downloading [================>                                  ]  13.23MB/40.85MB
 c29f5b76f736 Downloading [==================================>                ]  19.66MB/28.21MB
 c29f5b76f736 Downloading [==================================>                ]  19.66MB/28.21MB
 531e3bd93090 Downloading [=======================================>           ]  36.36MB/46.53MB
 c29f5b76f736 Downloading [====================================>              ]  20.82MB/28.21MB
 c29f5b76f736 Downloading [====================================>              ]  20.82MB/28.21MB
 530eb31ea830 Downloading [=================>                                 ]  14.48MB/40.85MB
 531e3bd93090 Downloading [========================================>          ]  37.77MB/46.53MB
 c29f5b76f736 Downloading [======================================>            ]  21.99MB/28.21MB
 c29f5b76f736 Downloading [======================================>            ]  21.99MB/28.21MB
 530eb31ea830 Downloading [===================>                               ]  15.72MB/40.85MB
 531e3bd93090 Downloading [==========================================>        ]  39.19MB/46.53MB
 a70653f7a2d5 Pull complete 
 c29f5b76f736 Downloading [=========================================>         ]  23.15MB/28.21MB
 c29f5b76f736 Downloading [=========================================>         ]  23.15MB/28.21MB
 530eb31ea830 Downloading [====================>                              ]  16.96MB/40.85MB
 531e3bd93090 Downloading [===========================================>       ]  40.62MB/46.53MB
 c29f5b76f736 Downloading [==========================================>        ]  24.01MB/28.21MB
 c29f5b76f736 Downloading [==========================================>        ]  24.01MB/28.21MB
 530eb31ea830 Downloading [=====================>                             ]   17.8MB/40.85MB
 531e3bd93090 Downloading [============================================>      ]  41.09MB/46.53MB
 c29f5b76f736 Downloading [============================================>      ]  25.19MB/28.21MB
 c29f5b76f736 Downloading [============================================>      ]  25.19MB/28.21MB
 530eb31ea830 Downloading [=======================>                           ]  19.04MB/40.85MB
 531e3bd93090 Downloading [=============================================>     ]  42.51MB/46.53MB
 c29f5b76f736 Downloading [==============================================>    ]  26.35MB/28.21MB
 c29f5b76f736 Downloading [==============================================>    ]  26.35MB/28.21MB
 530eb31ea830 Downloading [========================>                          ]  20.27MB/40.85MB
 531e3bd93090 Downloading [===============================================>   ]  43.94MB/46.53MB
 c29f5b76f736 Downloading [================================================>  ]  27.52MB/28.21MB
 c29f5b76f736 Downloading [================================================>  ]  27.52MB/28.21MB
 530eb31ea830 Downloading [==========================>                        ]  21.51MB/40.85MB
 c29f5b76f736 Verifying Checksum 
 c29f5b76f736 Download complete 
 c29f5b76f736 Verifying Checksum 
 c29f5b76f736 Download complete 
 531e3bd93090 Downloading [================================================>  ]  45.35MB/46.53MB
 531e3bd93090 Verifying Checksum 
 531e3bd93090 Download complete 
 530eb31ea830 Downloading [============================>                      ]  23.16MB/40.85MB
 530eb31ea830 Downloading [================================>                  ]  26.48MB/40.85MB
 530eb31ea830 Downloading [===================================>               ]  29.37MB/40.85MB
 ef3a60081ed0 Downloading [>                                                  ]  17.22kB/1.712MB
 531e3bd93090 Extracting [>                                                  ]  491.5kB/46.53MB
 ef3a60081ed0 Downloading [=================>                                 ]  596.4kB/1.712MB
 59329b3a560e Downloading [==================================================>]     448B/448B
 59329b3a560e Download complete 
 530eb31ea830 Downloading [=======================================>           ]  32.29MB/40.85MB
 c29f5b76f736 Extracting [>                                                  ]  294.9kB/28.21MB
 c29f5b76f736 Extracting [>                                                  ]  294.9kB/28.21MB
 ef3a60081ed0 Downloading [==================================================>]  1.712MB/1.712MB
 ef3a60081ed0 Verifying Checksum 
 ef3a60081ed0 Download complete 
 530eb31ea830 Downloading [=========================================>         ]  33.96MB/40.85MB
 c29f5b76f736 Extracting [=>                                                 ]  589.8kB/28.21MB
 c29f5b76f736 Extracting [=>                                                 ]  589.8kB/28.21MB
 530eb31ea830 Downloading [=============================================>     ]  36.85MB/40.85MB
 c29f5b76f736 Extracting [===>                                               ]  2.064MB/28.21MB
 c29f5b76f736 Extracting [===>                                               ]  2.064MB/28.21MB
 530eb31ea830 Downloading [=================================================> ]  40.17MB/40.85MB
 530eb31ea830 Verifying Checksum 
 530eb31ea830 Download complete 
 5fca9f90cdf9 Downloading [>                                                  ]  539.1kB/130.5MB
 e3f300fc928f Downloading [>                                                  ]  94.44kB/9.422MB
 c29f5b76f736 Extracting [======>                                            ]  3.834MB/28.21MB
 c29f5b76f736 Extracting [======>                                            ]  3.834MB/28.21MB
 531e3bd93090 Extracting [=>                                                 ]    983kB/46.53MB
 5fca9f90cdf9 Downloading [>                                                  ]  2.128MB/130.5MB
 e3f300fc928f Downloading [====>                                              ]  891.3kB/9.422MB
 531e3bd93090 Extracting [===>                                               ]  3.441MB/46.53MB
 c29f5b76f736 Extracting [========>                                          ]  5.014MB/28.21MB
 c29f5b76f736 Extracting [========>                                          ]  5.014MB/28.21MB
 e3f300fc928f Downloading [=========>                                         ]  1.878MB/9.422MB
 5fca9f90cdf9 Downloading [=>                                                 ]  4.258MB/130.5MB
 c29f5b76f736 Extracting [============>                                      ]  6.783MB/28.21MB
 c29f5b76f736 Extracting [============>                                      ]  6.783MB/28.21MB
 531e3bd93090 Extracting [====>                                              ]  4.424MB/46.53MB
 e3f300fc928f Downloading [================>                                  ]  3.169MB/9.422MB
 5fca9f90cdf9 Downloading [==>                                                ]  5.868MB/130.5MB
 c29f5b76f736 Extracting [==============>                                    ]  7.963MB/28.21MB
 c29f5b76f736 Extracting [==============>                                    ]  7.963MB/28.21MB
 531e3bd93090 Extracting [=====>                                             ]  5.407MB/46.53MB
 e3f300fc928f Downloading [======================>                            ]  4.258MB/9.422MB
 5fca9f90cdf9 Downloading [==>                                                ]  6.941MB/130.5MB
 0878adb31cc0 Downloading [==================================================>]      93B/93B
 0878adb31cc0 Verifying Checksum 
 0878adb31cc0 Download complete 
 531e3bd93090 Extracting [======>                                            ]   6.39MB/46.53MB
 e3f300fc928f Downloading [=============================>                     ]  5.647MB/9.422MB
 c29f5b76f736 Extracting [===============>                                   ]  8.847MB/28.21MB
 c29f5b76f736 Extracting [===============>                                   ]  8.847MB/28.21MB
 5fca9f90cdf9 Downloading [===>                                               ]  8.555MB/130.5MB
 e3f300fc928f Downloading [=======================================>           ]  7.535MB/9.422MB
 c29f5b76f736 Extracting [================>                                  ]  9.142MB/28.21MB
 c29f5b76f736 Extracting [================>                                  ]  9.142MB/28.21MB
 5fca9f90cdf9 Downloading [===>                                               ]  10.16MB/130.5MB
 e3f300fc928f Downloading [==============================================>    ]  8.764MB/9.422MB
 e3f300fc928f Verifying Checksum 
 e3f300fc928f Download complete 
 531e3bd93090 Extracting [========>                                          ]  7.864MB/46.53MB
 c29f5b76f736 Extracting [================>                                  ]  9.437MB/28.21MB
 c29f5b76f736 Extracting [================>                                  ]  9.437MB/28.21MB
 5fca9f90cdf9 Downloading [====>                                              ]  11.78MB/130.5MB
 5fca9f90cdf9 Downloading [=====>                                             ]  14.46MB/130.5MB
 531e3bd93090 Extracting [==========>                                        ]   9.83MB/46.53MB
 83f8df266756 Downloading [>                                                  ]  94.44kB/9.349MB
 c29f5b76f736 Extracting [==================>                                ]  10.62MB/28.21MB
 c29f5b76f736 Extracting [==================>                                ]  10.62MB/28.21MB
 5fca9f90cdf9 Downloading [======>                                            ]  17.15MB/130.5MB
 83f8df266756 Downloading [====>                                              ]  891.3kB/9.349MB
 c29f5b76f736 Extracting [====================>                              ]   11.5MB/28.21MB
 c29f5b76f736 Extracting [====================>                              ]   11.5MB/28.21MB
 531e3bd93090 Extracting [===========>                                       ]  10.81MB/46.53MB
 5fca9f90cdf9 Downloading [======>                                            ]  18.22MB/130.5MB
 0b5dfd2389b7 Downloading [>                                                  ]    236kB/23.48MB
 83f8df266756 Downloading [===========>                                       ]  2.177MB/9.349MB
 c29f5b76f736 Extracting [=======================>                           ]  13.27MB/28.21MB
 c29f5b76f736 Extracting [=======================>                           ]  13.27MB/28.21MB
 531e3bd93090 Extracting [============>                                      ]   11.8MB/46.53MB
 5fca9f90cdf9 Downloading [=======>                                           ]  19.29MB/130.5MB
 0b5dfd2389b7 Downloading [=>                                                 ]  727.5kB/23.48MB
 83f8df266756 Downloading [================>                                  ]   3.05MB/9.349MB
 c29f5b76f736 Extracting [==========================>                        ]  14.75MB/28.21MB
 c29f5b76f736 Extracting [==========================>                        ]  14.75MB/28.21MB
 531e3bd93090 Extracting [==============>                                    ]  13.27MB/46.53MB
 0b5dfd2389b7 Downloading [===>                                               ]  1.711MB/23.48MB
 5fca9f90cdf9 Downloading [=======>                                           ]  20.36MB/130.5MB
 83f8df266756 Downloading [======================>                            ]  4.148MB/9.349MB
 531e3bd93090 Extracting [===============>                                   ]  14.25MB/46.53MB
 c29f5b76f736 Extracting [===========================>                       ]  15.34MB/28.21MB
 c29f5b76f736 Extracting [===========================>                       ]  15.34MB/28.21MB
 0b5dfd2389b7 Downloading [=====>                                             ]  2.694MB/23.48MB
 83f8df266756 Downloading [===========================>                       ]  5.233MB/9.349MB
 5fca9f90cdf9 Downloading [========>                                          ]  21.44MB/130.5MB
 531e3bd93090 Extracting [===============>                                   ]  14.75MB/46.53MB
 c29f5b76f736 Extracting [==============================>                    ]   17.1MB/28.21MB
 c29f5b76f736 Extracting [==============================>                    ]   17.1MB/28.21MB
 83f8df266756 Downloading [================================>                  ]  6.024MB/9.349MB
 0b5dfd2389b7 Downloading [=======>                                           ]  3.656MB/23.48MB
 5fca9f90cdf9 Downloading [========>                                          ]  22.51MB/130.5MB
 c29f5b76f736 Extracting [=================================>                 ]  19.17MB/28.21MB
 c29f5b76f736 Extracting [=================================>                 ]  19.17MB/28.21MB
 531e3bd93090 Extracting [================>                                  ]  15.73MB/46.53MB
 83f8df266756 Downloading [=====================================>             ]  6.998MB/9.349MB
 0b5dfd2389b7 Downloading [=========>                                         ]  4.623MB/23.48MB
 5fca9f90cdf9 Downloading [=========>                                         ]  23.59MB/130.5MB
 c29f5b76f736 Extracting [====================================>              ]  20.64MB/28.21MB
 c29f5b76f736 Extracting [====================================>              ]  20.64MB/28.21MB
 531e3bd93090 Extracting [=================>                                 ]  16.22MB/46.53MB
 83f8df266756 Downloading [==========================================>        ]  7.883MB/9.349MB
 0b5dfd2389b7 Downloading [===========>                                       ]  5.606MB/23.48MB
 5fca9f90cdf9 Downloading [=========>                                         ]  24.65MB/130.5MB
 531e3bd93090 Extracting [====================>                              ]  18.68MB/46.53MB
 c29f5b76f736 Extracting [========================================>          ]  22.71MB/28.21MB
 c29f5b76f736 Extracting [========================================>          ]  22.71MB/28.21MB
 83f8df266756 Downloading [==============================================>    ]  8.764MB/9.349MB
 0b5dfd2389b7 Downloading [==============>                                    ]  6.581MB/23.48MB
 83f8df266756 Verifying Checksum 
 83f8df266756 Download complete 
 5fca9f90cdf9 Downloading [=========>                                         ]  25.72MB/130.5MB
 531e3bd93090 Extracting [======================>                            ]  20.64MB/46.53MB
 c29f5b76f736 Extracting [=========================================>         ]   23.3MB/28.21MB
 c29f5b76f736 Extracting [=========================================>         ]   23.3MB/28.21MB
 0b5dfd2389b7 Downloading [=================>                                 ]  8.068MB/23.48MB
 5fca9f90cdf9 Downloading [==========>                                        ]   26.8MB/130.5MB
 531e3bd93090 Extracting [========================>                          ]  22.61MB/46.53MB
 0b5dfd2389b7 Downloading [===================>                               ]  9.042MB/23.48MB
 5fca9f90cdf9 Downloading [==========>                                        ]  28.41MB/130.5MB
 531e3bd93090 Extracting [==========================>                        ]  25.07MB/46.53MB
 0b5dfd2389b7 Downloading [======================>                            ]  10.75MB/23.48MB
 531e3bd93090 Extracting [============================>                      ]  26.54MB/46.53MB
 5fca9f90cdf9 Downloading [===========>                                       ]  30.57MB/130.5MB
 0b5dfd2389b7 Downloading [==========================>                        ]  12.47MB/23.48MB
 73966364e302 Downloading [>                                                  ]  86.15kB/8.306MB
 531e3bd93090 Extracting [===============================>                   ]     29MB/46.53MB
 5fca9f90cdf9 Downloading [============>                                      ]  31.65MB/130.5MB
 0b5dfd2389b7 Downloading [=============================>                     ]  13.69MB/23.48MB
 73966364e302 Downloading [======>                                            ]  1.048MB/8.306MB
 5fca9f90cdf9 Downloading [============>                                      ]  32.73MB/130.5MB
 531e3bd93090 Extracting [================================>                  ]  29.98MB/46.53MB
 73966364e302 Downloading [============>                                      ]  2.018MB/8.306MB
 0b5dfd2389b7 Downloading [===============================>                   ]  14.67MB/23.48MB
 5fca9f90cdf9 Downloading [=============>                                     ]  34.35MB/130.5MB
 73966364e302 Downloading [==================>                                ]  3.079MB/8.306MB
 0b5dfd2389b7 Downloading [=================================>                 ]  15.89MB/23.48MB
 c29f5b76f736 Extracting [==========================================>        ]  23.89MB/28.21MB
 c29f5b76f736 Extracting [==========================================>        ]  23.89MB/28.21MB
 73966364e302 Downloading [=========================>                         ]  4.217MB/8.306MB
 0b5dfd2389b7 Downloading [===================================>               ]  16.87MB/23.48MB
 5fca9f90cdf9 Downloading [=============>                                     ]  35.96MB/130.5MB
 c29f5b76f736 Extracting [===========================================>       ]  24.77MB/28.21MB
 c29f5b76f736 Extracting [===========================================>       ]  24.77MB/28.21MB
 73966364e302 Downloading [================================>                  ]  5.352MB/8.306MB
 0b5dfd2389b7 Downloading [======================================>            ]  18.09MB/23.48MB
 c29f5b76f736 Extracting [=============================================>     ]  25.66MB/28.21MB
 c29f5b76f736 Extracting [=============================================>     ]  25.66MB/28.21MB
 73966364e302 Downloading [====================================>              ]  6.024MB/8.306MB
 5fca9f90cdf9 Downloading [==============>                                    ]  37.57MB/130.5MB
 0b5dfd2389b7 Downloading [=======================================>           ]  18.59MB/23.48MB
 c29f5b76f736 Extracting [==============================================>    ]  26.25MB/28.21MB
 c29f5b76f736 Extracting [==============================================>    ]  26.25MB/28.21MB
 73966364e302 Downloading [===========================================>       ]  7.187MB/8.306MB
 0b5dfd2389b7 Downloading [=========================================>         ]  19.57MB/23.48MB
 5fca9f90cdf9 Downloading [==============>                                    ]  38.65MB/130.5MB
 531e3bd93090 Extracting [================================>                  ]  30.47MB/46.53MB
 73966364e302 Downloading [=================================================> ]  8.207MB/8.306MB
 73966364e302 Verifying Checksum 
 73966364e302 Download complete 
 0b5dfd2389b7 Downloading [============================================>      ]   20.8MB/23.48MB
 5fca9f90cdf9 Downloading [===============>                                   ]  39.71MB/130.5MB
 531e3bd93090 Extracting [=================================>                 ]  30.97MB/46.53MB
 0b5dfd2389b7 Downloading [===============================================>   ]  22.26MB/23.48MB
 5fca9f90cdf9 Downloading [===============>                                   ]  41.31MB/130.5MB
 c29f5b76f736 Extracting [===============================================>   ]  26.84MB/28.21MB
 c29f5b76f736 Extracting [===============================================>   ]  26.84MB/28.21MB
 0b5dfd2389b7 Downloading [==================================================>]  23.48MB/23.48MB
 0b5dfd2389b7 Download complete 
 531e3bd93090 Extracting [===================================>               ]  33.42MB/46.53MB
 5fca9f90cdf9 Downloading [================>                                  ]  43.45MB/130.5MB
 5fca9f90cdf9 Downloading [=================>                                 ]  46.14MB/130.5MB
 3da95a905ed5 Downloading [>                                                  ]  293.3kB/28.23MB
 531e3bd93090 Extracting [=====================================>             ]   34.9MB/46.53MB
 3da95a905ed5 Downloading [===>                                               ]  1.768MB/28.23MB
 5fca9f90cdf9 Downloading [==================>                                ]  48.28MB/130.5MB
 531e3bd93090 Extracting [======================================>            ]  35.88MB/46.53MB
 c29f5b76f736 Extracting [================================================>  ]  27.13MB/28.21MB
 c29f5b76f736 Extracting [================================================>  ]  27.13MB/28.21MB
 3da95a905ed5 Downloading [=====>                                             ]  3.222MB/28.23MB
 0dfbb916091a Downloading [>                                                  ]  232.9kB/22.09MB
 531e3bd93090 Extracting [========================================>          ]  37.85MB/46.53MB
 5fca9f90cdf9 Downloading [===================>                               ]  50.43MB/130.5MB
 3da95a905ed5 Downloading [=======>                                           ]  4.398MB/28.23MB
 0dfbb916091a Downloading [==>                                                ]  912.8kB/22.09MB
 531e3bd93090 Extracting [==========================================>        ]  39.32MB/46.53MB
 5fca9f90cdf9 Downloading [===================>                               ]  51.51MB/130.5MB
 3da95a905ed5 Downloading [=========>                                         ]  5.274MB/28.23MB
 0dfbb916091a Downloading [====>                                              ]  1.833MB/22.09MB
 3da95a905ed5 Downloading [==========>                                        ]  6.155MB/28.23MB
 5fca9f90cdf9 Downloading [====================>                              ]  52.59MB/130.5MB
 0dfbb916091a Downloading [======>                                            ]  2.751MB/22.09MB
 3da95a905ed5 Downloading [============>                                      ]   7.33MB/28.23MB
 5fca9f90cdf9 Downloading [====================>                              ]  53.66MB/130.5MB
 0dfbb916091a Downloading [========>                                          ]  3.898MB/22.09MB
 531e3bd93090 Extracting [===========================================>       ]   40.8MB/46.53MB
 3da95a905ed5 Downloading [==============>                                    ]  8.195MB/28.23MB
 0dfbb916091a Downloading [==========>                                        ]  4.819MB/22.09MB
 5fca9f90cdf9 Downloading [====================>                              ]  54.75MB/130.5MB
 3da95a905ed5 Downloading [================>                                  ]  9.055MB/28.23MB
 5fca9f90cdf9 Downloading [=====================>                             ]  55.81MB/130.5MB
 0dfbb916091a Downloading [============>                                      ]  5.725MB/22.09MB
 3da95a905ed5 Downloading [==================>                                ]  10.21MB/28.23MB
 0dfbb916091a Downloading [===============>                                   ]  6.646MB/22.09MB
 5fca9f90cdf9 Downloading [=====================>                             ]   56.9MB/130.5MB
 531e3bd93090 Extracting [============================================>      ]  41.29MB/46.53MB
 3da95a905ed5 Downloading [====================>                              ]  11.35MB/28.23MB
 0dfbb916091a Downloading [=================>                                 ]  7.793MB/22.09MB
 5fca9f90cdf9 Downloading [======================>                            ]  57.98MB/130.5MB
 c29f5b76f736 Extracting [================================================>  ]  27.43MB/28.21MB
 c29f5b76f736 Extracting [================================================>  ]  27.43MB/28.21MB
 3da95a905ed5 Downloading [======================>                            ]   12.5MB/28.23MB
 0dfbb916091a Downloading [====================>                              ]  8.928MB/22.09MB
 5fca9f90cdf9 Downloading [======================>                            ]  59.05MB/130.5MB
 0dfbb916091a Downloading [=====================>                             ]  9.386MB/22.09MB
 3da95a905ed5 Downloading [=======================>                           ]  13.38MB/28.23MB
 c29f5b76f736 Extracting [=================================================> ]  28.02MB/28.21MB
 c29f5b76f736 Extracting [=================================================> ]  28.02MB/28.21MB
 5fca9f90cdf9 Downloading [======================>                            ]  59.59MB/130.5MB
 3da95a905ed5 Downloading [=========================>                         ]  14.54MB/28.23MB
 0dfbb916091a Downloading [=======================>                           ]  10.53MB/22.09MB
 5fca9f90cdf9 Downloading [=======================>                           ]   61.2MB/130.5MB
 531e3bd93090 Extracting [============================================>      ]  41.78MB/46.53MB
 0dfbb916091a Downloading [=========================>                         ]  11.45MB/22.09MB
 3da95a905ed5 Downloading [===========================>                       ]  15.42MB/28.23MB
 5fca9f90cdf9 Downloading [=======================>                           ]  62.27MB/130.5MB
 3da95a905ed5 Downloading [============================>                      ]     16MB/28.23MB
 c29f5b76f736 Extracting [==================================================>]  28.21MB/28.21MB
 0dfbb916091a Downloading [============================>                      ]  12.58MB/22.09MB
 5fca9f90cdf9 Downloading [========================>                          ]  62.81MB/130.5MB
 c29f5b76f736 Extracting [==================================================>]  28.21MB/28.21MB
 3da95a905ed5 Downloading [==============================>                    ]  17.16MB/28.23MB
 0dfbb916091a Downloading [===============================>                   ]  13.72MB/22.09MB
 5fca9f90cdf9 Downloading [========================>                          ]  63.88MB/130.5MB
 531e3bd93090 Extracting [=============================================>     ]  42.27MB/46.53MB
 0dfbb916091a Downloading [==================================>                ]  15.08MB/22.09MB
 3da95a905ed5 Downloading [================================>                  ]  18.59MB/28.23MB
 5fca9f90cdf9 Downloading [========================>                          ]  64.96MB/130.5MB
 0dfbb916091a Downloading [====================================>              ]  16.21MB/22.09MB
 5fca9f90cdf9 Downloading [=========================>                         ]  66.04MB/130.5MB
 3da95a905ed5 Downloading [==================================>                ]  19.73MB/28.23MB
 0dfbb916091a Downloading [=======================================>           ]  17.59MB/22.09MB
 3da95a905ed5 Downloading [=====================================>             ]   20.9MB/28.23MB
 5fca9f90cdf9 Downloading [=========================>                         ]  67.64MB/130.5MB
 3da95a905ed5 Downloading [=======================================>           ]  22.36MB/28.23MB
 0dfbb916091a Downloading [========================================>          ]  17.82MB/22.09MB
 5fca9f90cdf9 Downloading [==========================>                        ]  69.26MB/130.5MB
 531e3bd93090 Extracting [=============================================>     ]  42.76MB/46.53MB
 0dfbb916091a Downloading [=============================================>     ]  19.88MB/22.09MB
 531e3bd93090 Extracting [==============================================>    ]  43.25MB/46.53MB
 3da95a905ed5 Downloading [==========================================>        ]   23.8MB/28.23MB
 5fca9f90cdf9 Downloading [==========================>                        ]  70.32MB/130.5MB
 0dfbb916091a Downloading [=============================================>     ]  20.11MB/22.09MB
 3da95a905ed5 Downloading [===========================================>       ]  24.67MB/28.23MB
 531e3bd93090 Extracting [===============================================>   ]  43.75MB/46.53MB
 5fca9f90cdf9 Downloading [===========================>                       ]  71.39MB/130.5MB
 0dfbb916091a Downloading [===============================================>   ]  21.01MB/22.09MB
 3da95a905ed5 Downloading [============================================>      ]  25.24MB/28.23MB
 0dfbb916091a Downloading [=================================================> ]  21.69MB/22.09MB
 5fca9f90cdf9 Downloading [===========================>                       ]  72.46MB/130.5MB
 0dfbb916091a Verifying Checksum 
 0dfbb916091a Download complete 
 3da95a905ed5 Downloading [==============================================>    ]  26.38MB/28.23MB
 531e3bd93090 Extracting [===============================================>   ]  44.24MB/46.53MB
 5fca9f90cdf9 Downloading [============================>                      ]  73.54MB/130.5MB
 3da95a905ed5 Downloading [================================================>  ]  27.55MB/28.23MB
 c29f5b76f736 Pull complete 
 c29f5b76f736 Pull complete 
 3da95a905ed5 Verifying Checksum 
 3da95a905ed5 Download complete 
 5fca9f90cdf9 Downloading [============================>                      ]  75.15MB/130.5MB
 5fca9f90cdf9 Downloading [=============================>                     ]  77.83MB/130.5MB
 16ccf2d7e28e Downloading [>                                                  ]  294.9kB/29.12MB
 531e3bd93090 Extracting [================================================>  ]  44.73MB/46.53MB
 5fca9f90cdf9 Downloading [==============================>                    ]  79.44MB/130.5MB
 16ccf2d7e28e Downloading [===>                                               ]  1.772MB/29.12MB
 531e3bd93090 Extracting [================================================>  ]  45.22MB/46.53MB
 5fca9f90cdf9 Downloading [==============================>                    ]  80.53MB/130.5MB
 16ccf2d7e28e Downloading [====>                                              ]  2.673MB/29.12MB
 8f67c847f393 Extracting [==================================================>]  3.313kB/3.313kB
 8f67c847f393 Extracting [==================================================>]  3.313kB/3.313kB
 93039ce05c0f Downloading [==================================================>]     346B/346B
 93039ce05c0f Download complete 
 16ccf2d7e28e Downloading [=======>                                           ]   4.16MB/29.12MB
 5fca9f90cdf9 Downloading [===============================>                   ]  82.13MB/130.5MB
 16ccf2d7e28e Downloading [=========>                                         ]  5.356MB/29.12MB
 531e3bd93090 Extracting [=================================================> ]  45.71MB/46.53MB
 3da95a905ed5 Extracting [>                                                  ]  294.9kB/28.23MB
 5fca9f90cdf9 Downloading [================================>                  ]  84.27MB/130.5MB
 16ccf2d7e28e Downloading [===========>                                       ]  6.843MB/29.12MB
 3da95a905ed5 Extracting [=>                                                 ]  884.7kB/28.23MB
 16ccf2d7e28e Downloading [============>                                      ]  7.138MB/29.12MB
 5fca9f90cdf9 Downloading [================================>                  ]  85.34MB/130.5MB
 3da95a905ed5 Extracting [===>                                               ]  1.769MB/28.23MB
 16ccf2d7e28e Downloading [===============>                                   ]  8.932MB/29.12MB
 5fca9f90cdf9 Downloading [=================================>                 ]  86.96MB/130.5MB
 531e3bd93090 Extracting [=================================================> ]   46.2MB/46.53MB
 5068b8a29899 Downloading [=============================>                     ]     934B/1.56kB
 5068b8a29899 Downloading [==================================================>]   1.56kB/1.56kB
 5068b8a29899 Verifying Checksum 
 5068b8a29899 Download complete 
 3da95a905ed5 Extracting [=====>                                             ]  2.949MB/28.23MB
 5fca9f90cdf9 Downloading [=================================>                 ]  88.59MB/130.5MB
 16ccf2d7e28e Downloading [==================>                                ]  10.74MB/29.12MB
 16ccf2d7e28e Downloading [===================>                               ]  11.63MB/29.12MB
 5fca9f90cdf9 Downloading [==================================>                ]  89.13MB/130.5MB
 3da95a905ed5 Extracting [======>                                            ]  3.834MB/28.23MB
 16ccf2d7e28e Downloading [======================>                            ]  12.83MB/29.12MB
 3da95a905ed5 Extracting [=========>                                         ]  5.603MB/28.23MB
 5fca9f90cdf9 Downloading [==================================>                ]  90.73MB/130.5MB
 3da95a905ed5 Extracting [==========>                                        ]  6.193MB/28.23MB
 5fca9f90cdf9 Downloading [==================================>                ]  91.27MB/130.5MB
 6f8dada44fff Downloading [======================================>            ]     934B/1.226kB
 6f8dada44fff Downloading [==================================================>]  1.226kB/1.226kB
 6f8dada44fff Verifying Checksum 
 6f8dada44fff Download complete 
 16ccf2d7e28e Downloading [=======================>                           ]  13.73MB/29.12MB
 3da95a905ed5 Extracting [============>                                      ]  7.078MB/28.23MB
 16ccf2d7e28e Downloading [=========================>                         ]  14.92MB/29.12MB
 8f67c847f393 Pull complete 
 5fca9f90cdf9 Downloading [===================================>               ]  92.88MB/130.5MB
 3da95a905ed5 Extracting [=============>                                     ]  7.668MB/28.23MB
 16ccf2d7e28e Downloading [===========================>                       ]  16.12MB/29.12MB
 5fca9f90cdf9 Downloading [====================================>              ]  93.95MB/130.5MB
 3da95a905ed5 Extracting [==============>                                    ]  8.258MB/28.23MB
 5fca9f90cdf9 Downloading [====================================>              ]  95.02MB/130.5MB
 16ccf2d7e28e Downloading [=============================>                     ]  17.32MB/29.12MB
 3da95a905ed5 Extracting [===============>                                   ]  8.847MB/28.23MB
 8e89002132fb Downloading [>                                                  ]  527.8kB/235.5MB
 5fca9f90cdf9 Downloading [====================================>              ]   96.1MB/130.5MB
 16ccf2d7e28e Downloading [===============================>                   ]   18.5MB/29.12MB
 3da95a905ed5 Extracting [================>                                  ]  9.142MB/28.23MB
 8e89002132fb Downloading [>                                                  ]  1.584MB/235.5MB
 5fca9f90cdf9 Downloading [=====================================>             ]  97.16MB/130.5MB
 3da95a905ed5 Extracting [================>                                  ]  9.437MB/28.23MB
 16ccf2d7e28e Downloading [=================================>                 ]   19.7MB/29.12MB
 531e3bd93090 Extracting [==================================================>]  46.53MB/46.53MB
 8e89002132fb Downloading [>                                                  ]  3.197MB/235.5MB
 3da95a905ed5 Extracting [=================>                                 ]  10.03MB/28.23MB
 5fca9f90cdf9 Downloading [=====================================>             ]  98.22MB/130.5MB
 16ccf2d7e28e Downloading [===================================>               ]   20.6MB/29.12MB
 5fca9f90cdf9 Downloading [=====================================>             ]  98.75MB/130.5MB
 16ccf2d7e28e Downloading [====================================>              ]  21.19MB/29.12MB
 8e89002132fb Downloading [>                                                  ]  4.275MB/235.5MB
 3da95a905ed5 Extracting [==================>                                ]  10.62MB/28.23MB
 530eb31ea830 Extracting [>                                                  ]    426kB/40.85MB
 16ccf2d7e28e Downloading [=====================================>             ]  22.09MB/29.12MB
 8e89002132fb Downloading [=>                                                 ]  5.352MB/235.5MB
 5fca9f90cdf9 Downloading [======================================>            ]  99.83MB/130.5MB
 3da95a905ed5 Extracting [====================>                              ]   11.5MB/28.23MB
 530eb31ea830 Extracting [===>                                               ]  2.556MB/40.85MB
 16ccf2d7e28e Downloading [=======================================>           ]  22.99MB/29.12MB
 8e89002132fb Downloading [=>                                                 ]  6.421MB/235.5MB
 5fca9f90cdf9 Downloading [======================================>            ]  100.9MB/130.5MB
 3da95a905ed5 Extracting [======================>                            ]  12.98MB/28.23MB
 530eb31ea830 Extracting [=====>                                             ]   4.26MB/40.85MB
 16ccf2d7e28e Downloading [=========================================>         ]   23.9MB/29.12MB
 5fca9f90cdf9 Downloading [=======================================>           ]    102MB/130.5MB
 3da95a905ed5 Extracting [==========================>                        ]  14.75MB/28.23MB
 8e89002132fb Downloading [=>                                                 ]   7.49MB/235.5MB
 530eb31ea830 Extracting [=======>                                           ]  5.964MB/40.85MB
 16ccf2d7e28e Downloading [==========================================>        ]   24.8MB/29.12MB
 8e89002132fb Downloading [=>                                                 ]  8.559MB/235.5MB
 3da95a905ed5 Extracting [===========================>                       ]  15.63MB/28.23MB
 5fca9f90cdf9 Downloading [=======================================>           ]  103.1MB/130.5MB
 530eb31ea830 Extracting [========>                                          ]  7.242MB/40.85MB
 16ccf2d7e28e Downloading [============================================>      ]   25.7MB/29.12MB
 3da95a905ed5 Extracting [==============================>                    ]   17.4MB/28.23MB
 8e89002132fb Downloading [==>                                                ]  9.636MB/235.5MB
 5fca9f90cdf9 Downloading [=======================================>           ]  104.1MB/130.5MB
 530eb31ea830 Extracting [==========>                                        ]  8.946MB/40.85MB
 16ccf2d7e28e Downloading [=============================================>     ]  26.31MB/29.12MB
 8e89002132fb Downloading [==>                                                ]  10.16MB/235.5MB
 3da95a905ed5 Extracting [================================>                  ]  18.28MB/28.23MB
 530eb31ea830 Extracting [===========>                                       ]  9.798MB/40.85MB
 5fca9f90cdf9 Downloading [========================================>          ]  105.2MB/130.5MB
 16ccf2d7e28e Downloading [==============================================>    ]  27.22MB/29.12MB
 8e89002132fb Downloading [==>                                                ]  11.23MB/235.5MB
 3da95a905ed5 Extracting [=================================>                 ]  19.17MB/28.23MB
 530eb31ea830 Extracting [==============>                                    ]   11.5MB/40.85MB
 3da95a905ed5 Extracting [===================================>               ]  20.05MB/28.23MB
 5fca9f90cdf9 Downloading [========================================>          ]  106.3MB/130.5MB
 16ccf2d7e28e Downloading [================================================>  ]  28.41MB/29.12MB
 8e89002132fb Downloading [==>                                                ]   12.3MB/235.5MB
 531e3bd93090 Pull complete 
 3da95a905ed5 Extracting [=====================================>             ]  21.23MB/28.23MB
 5fca9f90cdf9 Downloading [========================================>          ]  106.8MB/130.5MB
 16ccf2d7e28e Downloading [=================================================> ]  29.01MB/29.12MB
 530eb31ea830 Extracting [================>                                  ]  13.63MB/40.85MB
 16ccf2d7e28e Verifying Checksum 
 16ccf2d7e28e Download complete 
 5fca9f90cdf9 Downloading [=========================================>         ]  107.3MB/130.5MB
 8e89002132fb Downloading [==>                                                ]  12.83MB/235.5MB
 530eb31ea830 Extracting [=================>                                 ]  14.06MB/40.85MB
 3da95a905ed5 Extracting [=======================================>           ]  22.12MB/28.23MB
 5fca9f90cdf9 Downloading [=========================================>         ]  107.9MB/130.5MB
 530eb31ea830 Extracting [==================>                                ]  14.91MB/40.85MB
 814dd06d26c7 Extracting [==================================================>]     881B/881B
 8e89002132fb Downloading [==>                                                ]   13.9MB/235.5MB
 814dd06d26c7 Extracting [==================================================>]     881B/881B
 3da95a905ed5 Extracting [========================================>          ]     23MB/28.23MB
 5fca9f90cdf9 Downloading [=========================================>         ]    109MB/130.5MB
 530eb31ea830 Extracting [==================>                                ]  15.34MB/40.85MB
 8e89002132fb Downloading [===>                                               ]  14.98MB/235.5MB
 0a9a5dfd008f Downloading [>                                                  ]   36.3kB/3.627MB
 3da95a905ed5 Extracting [=========================================>         ]   23.3MB/28.23MB
 5fca9f90cdf9 Downloading [==========================================>        ]  110.6MB/130.5MB
 8e89002132fb Downloading [===>                                               ]  16.57MB/235.5MB
 530eb31ea830 Extracting [===================>                               ]  16.19MB/40.85MB
 0a9a5dfd008f Downloading [========>                                          ]    622kB/3.627MB
 0a9a5dfd008f Downloading [===========>                                       ]  863.7kB/3.627MB
 8e89002132fb Downloading [===>                                               ]  17.64MB/235.5MB
 5fca9f90cdf9 Downloading [==========================================>        ]  111.7MB/130.5MB
 530eb31ea830 Extracting [====================>                              ]  17.04MB/40.85MB
 0a9a5dfd008f Downloading [=======================>                           ]   1.67MB/3.627MB
 5fca9f90cdf9 Downloading [===========================================>       ]  112.7MB/130.5MB
 8e89002132fb Downloading [===>                                               ]   18.7MB/235.5MB
 530eb31ea830 Extracting [======================>                            ]  18.32MB/40.85MB
 0a9a5dfd008f Downloading [=================================>                 ]  2.403MB/3.627MB
 8e89002132fb Downloading [====>                                              ]  19.23MB/235.5MB
 0a9a5dfd008f Downloading [=====================================>             ]  2.694MB/3.627MB
 530eb31ea830 Extracting [=======================>                           ]  19.17MB/40.85MB
 5fca9f90cdf9 Downloading [===========================================>       ]  113.8MB/130.5MB
 0a9a5dfd008f Verifying Checksum 
 0a9a5dfd008f Download complete 
 0a9a5dfd008f Extracting [>                                                  ]  65.54kB/3.627MB
 530eb31ea830 Extracting [===========================>                       ]  22.15MB/40.85MB
 5fca9f90cdf9 Downloading [============================================>      ]  114.9MB/130.5MB
 8e89002132fb Downloading [====>                                              ]  20.82MB/235.5MB
 530eb31ea830 Extracting [===========================>                       ]  22.58MB/40.85MB
 8e89002132fb Downloading [====>                                              ]  21.89MB/235.5MB
 5fca9f90cdf9 Downloading [============================================>      ]    116MB/130.5MB
 0a9a5dfd008f Extracting [===>                                               ]  262.1kB/3.627MB
 530eb31ea830 Extracting [============================>                      ]  23.43MB/40.85MB
 814dd06d26c7 Pull complete 
 8e89002132fb Downloading [=====>                                             ]  24.55MB/235.5MB
 5fca9f90cdf9 Downloading [=============================================>     ]  117.6MB/130.5MB
 bc93b75590f6 Downloading [>                                                  ]  433.6kB/42.71MB
 0a9a5dfd008f Extracting [==========>                                        ]  786.4kB/3.627MB
 530eb31ea830 Extracting [==============================>                    ]  25.13MB/40.85MB
 3da95a905ed5 Extracting [==========================================>        ]  23.89MB/28.23MB
 0a9a5dfd008f Extracting [==================>                                ]  1.311MB/3.627MB
 8e89002132fb Downloading [=====>                                             ]  25.62MB/235.5MB
 5fca9f90cdf9 Downloading [=============================================>     ]  118.6MB/130.5MB
 bc93b75590f6 Downloading [=>                                                 ]  1.318MB/42.71MB
 530eb31ea830 Extracting [================================>                  ]  26.84MB/40.85MB
 3da95a905ed5 Extracting [==========================================>        ]  24.18MB/28.23MB
 0a9a5dfd008f Extracting [======================================>            ]  2.818MB/3.627MB
 0a9a5dfd008f Extracting [==================================================>]  3.627MB/3.627MB
 3da95a905ed5 Extracting [============================================>      ]  25.07MB/28.23MB
 530eb31ea830 Extracting [==================================>                ]  28.11MB/40.85MB
 530eb31ea830 Extracting [==================================>                ]  28.54MB/40.85MB
 5fca9f90cdf9 Downloading [=============================================>     ]  119.2MB/130.5MB
 bc93b75590f6 Downloading [==>                                                ]  2.198MB/42.71MB
 8e89002132fb Downloading [=====>                                             ]  26.69MB/235.5MB
 5fca9f90cdf9 Downloading [=============================================>     ]  119.7MB/130.5MB
 bc93b75590f6 Downloading [===>                                               ]  2.632MB/42.71MB
 8e89002132fb Downloading [=====>                                             ]  27.23MB/235.5MB
 3da95a905ed5 Extracting [==============================================>    ]  26.25MB/28.23MB
 bc93b75590f6 Downloading [===>                                               ]  3.075MB/42.71MB
 8e89002132fb Downloading [=====>                                             ]  27.77MB/235.5MB
 3da95a905ed5 Extracting [===============================================>   ]  26.54MB/28.23MB
 bc93b75590f6 Downloading [====>                                              ]  3.517MB/42.71MB
 5fca9f90cdf9 Downloading [==============================================>    ]  120.3MB/130.5MB
 530eb31ea830 Extracting [=====================================>             ]  30.24MB/40.85MB
 5fca9f90cdf9 Downloading [==============================================>    ]  121.3MB/130.5MB
 8e89002132fb Downloading [======>                                            ]  28.84MB/235.5MB
 530eb31ea830 Extracting [======================================>            ]  31.52MB/40.85MB
 bc93b75590f6 Downloading [=====>                                             ]  4.389MB/42.71MB
 530eb31ea830 Extracting [========================================>          ]   32.8MB/40.85MB
 5fca9f90cdf9 Downloading [==============================================>    ]  122.4MB/130.5MB
 8e89002132fb Downloading [======>                                            ]  29.92MB/235.5MB
 bc93b75590f6 Downloading [======>                                            ]  5.262MB/42.71MB
 8e89002132fb Downloading [======>                                            ]  30.46MB/235.5MB
 bc93b75590f6 Downloading [=======>                                           ]  6.134MB/42.71MB
 5fca9f90cdf9 Downloading [===============================================>   ]  123.5MB/130.5MB
 3da95a905ed5 Extracting [===============================================>   ]  26.84MB/28.23MB
 530eb31ea830 Extracting [==========================================>        ]   34.5MB/40.85MB
 8e89002132fb Downloading [======>                                            ]  31.54MB/235.5MB
 5fca9f90cdf9 Downloading [===============================================>   ]  124.6MB/130.5MB
 530eb31ea830 Extracting [===========================================>       ]  35.78MB/40.85MB
 8e89002132fb Downloading [======>                                            ]  32.07MB/235.5MB
 5fca9f90cdf9 Downloading [================================================>  ]  125.6MB/130.5MB
 bc93b75590f6 Downloading [========>                                          ]  7.441MB/42.71MB
 0a9a5dfd008f Pull complete 
 kong Pulled 
 8e89002132fb Downloading [=======>                                           ]  33.14MB/235.5MB
 bc93b75590f6 Downloading [==========>                                        ]   8.76MB/42.71MB
 3da95a905ed5 Extracting [================================================>  ]  27.13MB/28.23MB
 5fca9f90cdf9 Downloading [================================================>  ]  126.2MB/130.5MB
 530eb31ea830 Extracting [=============================================>     ]  37.06MB/40.85MB
 5fca9f90cdf9 Downloading [================================================>  ]  127.2MB/130.5MB
 8e89002132fb Downloading [=======>                                           ]  34.21MB/235.5MB
 bc93b75590f6 Downloading [===========>                                       ]  10.07MB/42.71MB
 5fca9f90cdf9 Downloading [================================================>  ]  127.8MB/130.5MB
 bc93b75590f6 Downloading [=============>                                     ]  11.38MB/42.71MB
 8e89002132fb Downloading [=======>                                           ]  34.74MB/235.5MB
 5fca9f90cdf9 Downloading [=================================================> ]  128.8MB/130.5MB
 8e89002132fb Downloading [=======>                                           ]   35.8MB/235.5MB
 530eb31ea830 Extracting [=============================================>     ]  37.49MB/40.85MB
 bc93b75590f6 Downloading [==============>                                    ]  12.25MB/42.71MB
 bc93b75590f6 Downloading [===============>                                   ]  13.12MB/42.71MB
 8e89002132fb Downloading [=======>                                           ]  36.87MB/235.5MB
 5fca9f90cdf9 Downloading [=================================================> ]  129.9MB/130.5MB
 530eb31ea830 Extracting [==============================================>    ]  37.91MB/40.85MB
 5fca9f90cdf9 Verifying Checksum 
 5fca9f90cdf9 Download complete 
 8e89002132fb Downloading [========>                                          ]  37.93MB/235.5MB
 bc93b75590f6 Downloading [================>                                  ]  14.44MB/42.71MB
 bc93b75590f6 Downloading [==================>                                ]  16.17MB/42.71MB
 8e89002132fb Downloading [========>                                          ]  39.55MB/235.5MB
 530eb31ea830 Extracting [==============================================>    ]  38.34MB/40.85MB
 8e89002132fb Downloading [========>                                          ]  41.15MB/235.5MB
 bc93b75590f6 Downloading [====================>                              ]  17.92MB/42.71MB
 7f7f2bda001d Downloading [>                                                  ]  15.06kB/1.387MB
 bc93b75590f6 Downloading [======================>                            ]  19.23MB/42.71MB
 8e89002132fb Downloading [=========>                                         ]  42.74MB/235.5MB
 7f7f2bda001d Downloading [=========================>                         ]  715.2kB/1.387MB
 3da95a905ed5 Extracting [================================================>  ]  27.43MB/28.23MB
 7f7f2bda001d Download complete 
 8e89002132fb Downloading [=========>                                         ]  43.82MB/235.5MB
 bc93b75590f6 Downloading [========================>                          ]  20.56MB/42.71MB
 530eb31ea830 Extracting [===============================================>   ]  38.76MB/40.85MB
 8e89002132fb Downloading [=========>                                         ]  45.43MB/235.5MB
 bc93b75590f6 Downloading [==========================>                        ]   22.3MB/42.71MB
 3da95a905ed5 Extracting [=================================================> ]  28.02MB/28.23MB
 bc93b75590f6 Downloading [===========================>                       ]   23.6MB/42.71MB
 8e89002132fb Downloading [=========>                                         ]  47.04MB/235.5MB
 bc93b75590f6 Downloading [=============================>                     ]  24.93MB/42.71MB
 8e89002132fb Downloading [==========>                                        ]  48.65MB/235.5MB
 bc93b75590f6 Downloading [==============================>                    ]  26.22MB/42.71MB
 d6fdad86d21a Downloading [==================================================>]     446B/446B
 d6fdad86d21a Verifying Checksum 
 d6fdad86d21a Download complete 
 3da95a905ed5 Extracting [==================================================>]  28.23MB/28.23MB
 8e89002132fb Downloading [==========>                                        ]  50.26MB/235.5MB
 bc93b75590f6 Downloading [================================>                  ]  27.98MB/42.71MB
 8e89002132fb Downloading [===========>                                       ]  51.87MB/235.5MB
 bc93b75590f6 Downloading [==================================>                ]  29.74MB/42.71MB
 8e89002132fb Downloading [===========>                                       ]  54.02MB/235.5MB
 530eb31ea830 Extracting [===============================================>   ]  39.19MB/40.85MB
 8e89002132fb Downloading [===========>                                       ]  55.08MB/235.5MB
 bc93b75590f6 Downloading [====================================>              ]   31.5MB/42.71MB
 fcfafa19adef Downloading [>                                                  ]  539.1kB/91.43MB
 bc93b75590f6 Downloading [=====================================>             ]  32.37MB/42.71MB
 fcfafa19adef Downloading [>                                                  ]  1.608MB/91.43MB
 8e89002132fb Downloading [============>                                      ]  56.68MB/235.5MB
 530eb31ea830 Extracting [================================================>  ]  39.62MB/40.85MB
 fcfafa19adef Downloading [=>                                                 ]  2.681MB/91.43MB
 bc93b75590f6 Downloading [=======================================>           ]  33.68MB/42.71MB
 8e89002132fb Downloading [============>                                      ]  57.75MB/235.5MB
 fcfafa19adef Downloading [==>                                                ]   3.75MB/91.43MB
 8e89002132fb Downloading [============>                                      ]  58.81MB/235.5MB
 8e89002132fb Downloading [============>                                      ]  59.87MB/235.5MB
 bc93b75590f6 Downloading [========================================>          ]  34.56MB/42.71MB
 fcfafa19adef Downloading [==>                                                ]  4.291MB/91.43MB
 bc93b75590f6 Downloading [==========================================>        ]  36.32MB/42.71MB
 fcfafa19adef Downloading [==>                                                ]   5.36MB/91.43MB
 8e89002132fb Downloading [=============>                                     ]     62MB/235.5MB
 530eb31ea830 Extracting [=================================================> ]  40.04MB/40.85MB
 8e89002132fb Downloading [=============>                                     ]  63.06MB/235.5MB
 bc93b75590f6 Downloading [=============================================>     ]  38.51MB/42.71MB
 fcfafa19adef Downloading [===>                                               ]  6.429MB/91.43MB
 8e89002132fb Downloading [=============>                                     ]  63.61MB/235.5MB
 8e89002132fb Downloading [=============>                                     ]  64.15MB/235.5MB
 bc93b75590f6 Downloading [==============================================>    ]  39.83MB/42.71MB
 fcfafa19adef Downloading [====>                                              ]  8.039MB/91.43MB
 fcfafa19adef Downloading [====>                                              ]  8.567MB/91.43MB
 bc93b75590f6 Downloading [===============================================>   ]  40.69MB/42.71MB
 bc93b75590f6 Downloading [=================================================> ]  41.99MB/42.71MB
 8e89002132fb Downloading [=============>                                     ]  65.74MB/235.5MB
 fcfafa19adef Downloading [=====>                                             ]  10.18MB/91.43MB
 8e89002132fb Downloading [==============>                                    ]  66.27MB/235.5MB
 bc93b75590f6 Verifying Checksum 
 bc93b75590f6 Download complete 
 fcfafa19adef Downloading [=====>                                             ]  10.71MB/91.43MB
 3da95a905ed5 Pull complete 
 8e89002132fb Downloading [==============>                                    ]  67.87MB/235.5MB
 fcfafa19adef Downloading [======>                                            ]   12.3MB/91.43MB
 8e89002132fb Downloading [==============>                                    ]  68.93MB/235.5MB
 fcfafa19adef Downloading [=======>                                           ]  13.37MB/91.43MB
 530eb31ea830 Extracting [=================================================> ]  40.47MB/40.85MB
 8e89002132fb Downloading [==============>                                    ]  70.55MB/235.5MB
 8e77f09be314 Downloading [==================================================>]      93B/93B
 8e77f09be314 Verifying Checksum 
 8e77f09be314 Download complete 
 fcfafa19adef Downloading [========>                                          ]  14.98MB/91.43MB
 bc93b75590f6 Extracting [>                                                  ]  458.8kB/42.71MB
 8e89002132fb Downloading [===============>                                   ]  72.15MB/235.5MB
 fcfafa19adef Downloading [=========>                                         ]  16.58MB/91.43MB
 8e89002132fb Downloading [===============>                                   ]  73.22MB/235.5MB
 530eb31ea830 Extracting [==================================================>]  40.85MB/40.85MB
 fcfafa19adef Downloading [=========>                                         ]  17.65MB/91.43MB
 bc93b75590f6 Extracting [=>                                                 ]  1.376MB/42.71MB
 fcfafa19adef Downloading [==========>                                        ]  19.25MB/91.43MB
 bc93b75590f6 Extracting [===>                                               ]  3.211MB/42.71MB
 8e89002132fb Downloading [===============>                                   ]  74.84MB/235.5MB
 bc93b75590f6 Extracting [=====>                                             ]  4.588MB/42.71MB
 fcfafa19adef Downloading [===========>                                       ]  20.87MB/91.43MB
 99d836164c84 Downloading [>                                                  ]  2.301kB/212.6kB
 8e89002132fb Downloading [================>                                  ]  76.45MB/235.5MB
 99d836164c84 Downloading [==================================================>]  212.6kB/212.6kB
 99d836164c84 Download complete 
 0dfbb916091a Extracting [>                                                  ]  229.4kB/22.09MB
 bc93b75590f6 Extracting [========>                                          ]   7.34MB/42.71MB
 fcfafa19adef Downloading [============>                                      ]  22.47MB/91.43MB
 8e89002132fb Downloading [================>                                  ]  78.06MB/235.5MB
 0dfbb916091a Extracting [=>                                                 ]  458.8kB/22.09MB
 bc93b75590f6 Extracting [===========>                                       ]  9.634MB/42.71MB
 fcfafa19adef Downloading [=============>                                     ]  24.06MB/91.43MB
 8e89002132fb Downloading [================>                                  ]  79.66MB/235.5MB
 0dfbb916091a Extracting [====>                                              ]  2.064MB/22.09MB
 8e89002132fb Downloading [=================>                                 ]  80.19MB/235.5MB
 bc93b75590f6 Extracting [=============>                                     ]  11.93MB/42.71MB
 fcfafa19adef Downloading [=============>                                     ]  25.13MB/91.43MB
 36715fac4319 Downloading [====>                                              ]     933B/9.905kB
 36715fac4319 Downloading [==================================================>]  9.905kB/9.905kB
 36715fac4319 Verifying Checksum 
 36715fac4319 Download complete 
 0dfbb916091a Extracting [======>                                            ]  2.982MB/22.09MB
 8e89002132fb Downloading [=================>                                 ]  80.73MB/235.5MB
 bc93b75590f6 Extracting [===============>                                   ]  12.85MB/42.71MB
 8e89002132fb Downloading [=================>                                 ]   81.8MB/235.5MB
 0dfbb916091a Extracting [========>                                          ]   3.67MB/22.09MB
 0dfbb916091a Extracting [=========>                                         ]  4.358MB/22.09MB
 530eb31ea830 Pull complete 
 8e89002132fb Downloading [=================>                                 ]  82.34MB/235.5MB
 0dfbb916091a Extracting [===============>                                   ]  6.652MB/22.09MB
 8e89002132fb Downloading [=================>                                 ]  83.42MB/235.5MB
 fcfafa19adef Downloading [==============>                                    ]   26.2MB/91.43MB
 bc93b75590f6 Extracting [===============>                                   ]   13.3MB/42.71MB
 bc93b75590f6 Extracting [================>                                  ]  14.22MB/42.71MB
 fcfafa19adef Downloading [==============>                                    ]  27.26MB/91.43MB
 bc93b75590f6 Extracting [==================>                                ]  16.06MB/42.71MB
 fcfafa19adef Downloading [===============>                                   ]  28.33MB/91.43MB
 bc93b75590f6 Extracting [====================>                              ]  17.43MB/42.71MB
 ef3a60081ed0 Extracting [>                                                  ]  32.77kB/1.712MB
 0dfbb916091a Extracting [==================>                                ]  8.028MB/22.09MB
 8e89002132fb Downloading [==================>                                ]  85.02MB/235.5MB
 bc93b75590f6 Extracting [====================>                              ]  17.89MB/42.71MB
 0dfbb916091a Extracting [===================>                               ]  8.487MB/22.09MB
 80fd1defeed5 Downloading [>                                                  ]  229.4kB/22.74MB
 fcfafa19adef Downloading [================>                                  ]  29.93MB/91.43MB
 0dfbb916091a Extracting [=====================>                             ]  9.404MB/22.09MB
 bc93b75590f6 Extracting [=====================>                             ]  18.35MB/42.71MB
 80fd1defeed5 Downloading [==>                                                ]  1.158MB/22.74MB
 8e89002132fb Downloading [==================>                                ]  86.08MB/235.5MB
 0dfbb916091a Extracting [========================>                          ]  10.78MB/22.09MB
 8e89002132fb Downloading [==================>                                ]  87.14MB/235.5MB
 ef3a60081ed0 Extracting [======>                                            ]  229.4kB/1.712MB
 0dfbb916091a Extracting [============================>                      ]  12.39MB/22.09MB
 8e89002132fb Downloading [==================>                                ]  87.68MB/235.5MB
 ef3a60081ed0 Extracting [======================>                            ]  753.7kB/1.712MB
 0dfbb916091a Extracting [==============================>                    ]   13.3MB/22.09MB
 fcfafa19adef Downloading [================>                                  ]  31.01MB/91.43MB
 bc93b75590f6 Extracting [======================>                            ]  18.81MB/42.71MB
 80fd1defeed5 Downloading [====>                                              ]  2.087MB/22.74MB
 fcfafa19adef Downloading [=================>                                 ]  31.55MB/91.43MB
 fcfafa19adef Downloading [=================>                                 ]  32.09MB/91.43MB
 80fd1defeed5 Downloading [======>                                            ]  3.017MB/22.74MB
 bc93b75590f6 Extracting [=======================>                           ]  20.19MB/42.71MB
 ef3a60081ed0 Extracting [=======================================>           ]  1.343MB/1.712MB
 8e89002132fb Downloading [==================>                                ]  88.75MB/235.5MB
 0dfbb916091a Extracting [================================>                  ]  14.45MB/22.09MB
 ef3a60081ed0 Extracting [==================================================>]  1.712MB/1.712MB
 80fd1defeed5 Downloading [========>                                          ]  3.955MB/22.74MB
 fcfafa19adef Downloading [==================>                                ]  33.16MB/91.43MB
 bc93b75590f6 Extracting [=========================>                         ]  21.56MB/42.71MB
 80fd1defeed5 Downloading [==========>                                        ]  4.656MB/22.74MB
 fcfafa19adef Downloading [==================>                                ]  33.69MB/91.43MB
 bc93b75590f6 Extracting [===========================>                       ]   23.4MB/42.71MB
 8e89002132fb Downloading [==================>                                ]  89.28MB/235.5MB
 0dfbb916091a Extracting [==================================>                ]  15.37MB/22.09MB
 80fd1defeed5 Downloading [============>                                      ]  5.581MB/22.74MB
 bc93b75590f6 Extracting [============================>                      ]  24.77MB/42.71MB
 fcfafa19adef Downloading [===================>                               ]  34.77MB/91.43MB
 8e89002132fb Downloading [===================>                               ]  90.36MB/235.5MB
 0dfbb916091a Extracting [====================================>              ]  16.29MB/22.09MB
 80fd1defeed5 Downloading [=============>                                     ]  6.294MB/22.74MB
 bc93b75590f6 Extracting [==============================>                    ]  25.69MB/42.71MB
 8e89002132fb Downloading [===================>                               ]   90.9MB/235.5MB
 0dfbb916091a Extracting [=====================================>             ]  16.74MB/22.09MB
 fcfafa19adef Downloading [===================>                               ]  35.83MB/91.43MB
 80fd1defeed5 Downloading [===============>                                   ]  6.982MB/22.74MB
 bc93b75590f6 Extracting [===============================>                   ]  27.07MB/42.71MB
 8e89002132fb Downloading [===================>                               ]  91.96MB/235.5MB
 0dfbb916091a Extracting [=========================================>         ]  18.12MB/22.09MB
 80fd1defeed5 Downloading [================>                                  ]  7.682MB/22.74MB
 fcfafa19adef Downloading [====================>                              ]   36.9MB/91.43MB
 0dfbb916091a Extracting [==========================================>        ]  18.81MB/22.09MB
 bc93b75590f6 Extracting [=================================>                 ]  28.44MB/42.71MB
 8e89002132fb Downloading [===================>                               ]  93.03MB/235.5MB
 80fd1defeed5 Downloading [===================>                               ]  8.842MB/22.74MB
 fcfafa19adef Downloading [====================>                              ]  37.96MB/91.43MB
 ef3a60081ed0 Pull complete 
 bc93b75590f6 Extracting [==================================>                ]  29.36MB/42.71MB
 0dfbb916091a Extracting [============================================>      ]   19.5MB/22.09MB
 8e89002132fb Downloading [===================>                               ]  93.56MB/235.5MB
 80fd1defeed5 Downloading [====================>                              ]  9.321MB/22.74MB
 fcfafa19adef Downloading [=====================>                             ]   38.5MB/91.43MB
 0dfbb916091a Extracting [============================================>      ]  19.73MB/22.09MB
 8e89002132fb Downloading [===================>                               ]   94.1MB/235.5MB
 bc93b75590f6 Extracting [==================================>                ]  29.82MB/42.71MB
 59329b3a560e Extracting [==================================================>]     448B/448B
 59329b3a560e Extracting [==================================================>]     448B/448B
 0dfbb916091a Extracting [=============================================>     ]  20.19MB/22.09MB
 fcfafa19adef Downloading [=====================>                             ]  39.57MB/91.43MB
 80fd1defeed5 Downloading [=======================>                           ]  10.51MB/22.74MB
 0dfbb916091a Extracting [===============================================>   ]  20.87MB/22.09MB
 80fd1defeed5 Downloading [=======================>                           ]  10.74MB/22.74MB
 bc93b75590f6 Extracting [===================================>               ]  30.74MB/42.71MB
 8e89002132fb Downloading [====================>                              ]  95.16MB/235.5MB
 fcfafa19adef Downloading [=====================>                             ]   40.1MB/91.43MB
 80fd1defeed5 Downloading [========================>                          ]   11.2MB/22.74MB
 8e89002132fb Downloading [====================>                              ]  95.71MB/235.5MB
 fcfafa19adef Downloading [======================>                            ]  40.63MB/91.43MB
 bc93b75590f6 Extracting [====================================>              ]   31.2MB/42.71MB
 80fd1defeed5 Downloading [===========================>                       ]  12.36MB/22.74MB
 fcfafa19adef Downloading [======================>                            ]  41.69MB/91.43MB
 bc93b75590f6 Extracting [=====================================>             ]  32.11MB/42.71MB
 8e89002132fb Downloading [====================>                              ]  96.78MB/235.5MB
 bc93b75590f6 Extracting [=======================================>           ]  33.49MB/42.71MB
 80fd1defeed5 Downloading [=============================>                     ]   13.3MB/22.74MB
 fcfafa19adef Downloading [=======================>                           ]  42.76MB/91.43MB
 0dfbb916091a Extracting [================================================>  ]  21.56MB/22.09MB
 bc93b75590f6 Extracting [========================================>          ]  34.41MB/42.71MB
 8e89002132fb Downloading [====================>                              ]  97.85MB/235.5MB
 80fd1defeed5 Downloading [==============================>                    ]  14.01MB/22.74MB
 fcfafa19adef Downloading [=======================>                           ]   43.3MB/91.43MB
 bc93b75590f6 Extracting [=========================================>         ]  35.32MB/42.71MB
 0dfbb916091a Extracting [=================================================> ]  22.02MB/22.09MB
 8e89002132fb Downloading [====================>                              ]  98.91MB/235.5MB
 80fd1defeed5 Downloading [================================>                  ]  14.72MB/22.74MB
 fcfafa19adef Downloading [========================>                          ]  44.37MB/91.43MB
 bc93b75590f6 Extracting [==========================================>        ]  36.24MB/42.71MB
 80fd1defeed5 Downloading [==================================>                ]  15.66MB/22.74MB
 8e89002132fb Downloading [=====================>                             ]  99.99MB/235.5MB
 0dfbb916091a Extracting [==================================================>]  22.09MB/22.09MB
 fcfafa19adef Downloading [========================>                          ]  45.44MB/91.43MB
 bc93b75590f6 Extracting [============================================>      ]  37.62MB/42.71MB
 80fd1defeed5 Downloading [====================================>              ]   16.6MB/22.74MB
 8e89002132fb Downloading [=====================>                             ]  101.1MB/235.5MB
 fcfafa19adef Downloading [=========================>                         ]  46.51MB/91.43MB
 80fd1defeed5 Downloading [======================================>            ]  17.52MB/22.74MB
 8e89002132fb Downloading [=====================>                             ]  102.1MB/235.5MB
 fcfafa19adef Downloading [==========================>                        ]  47.59MB/91.43MB
 8e89002132fb Downloading [=====================>                             ]  103.2MB/235.5MB
 80fd1defeed5 Downloading [========================================>          ]  18.48MB/22.74MB
 fcfafa19adef Downloading [==========================>                        ]  48.65MB/91.43MB
 bc93b75590f6 Extracting [==============================================>    ]  39.45MB/42.71MB
 8e89002132fb Downloading [======================>                            ]  104.3MB/235.5MB
 80fd1defeed5 Downloading [===========================================>       ]  19.65MB/22.74MB
 59329b3a560e Pull complete 
 fcfafa19adef Downloading [===========================>                       ]  49.72MB/91.43MB
 80fd1defeed5 Downloading [=============================================>     ]  20.59MB/22.74MB
 8e89002132fb Downloading [======================>                            ]  105.3MB/235.5MB
 fcfafa19adef Downloading [===========================>                       ]   50.8MB/91.43MB
 80fd1defeed5 Downloading [===============================================>   ]  21.53MB/22.74MB
 bc93b75590f6 Extracting [==============================================>    ]  39.91MB/42.71MB
 80fd1defeed5 Downloading [================================================>  ]     22MB/22.74MB
 fcfafa19adef Downloading [============================>                      ]  51.87MB/91.43MB
 8e89002132fb Downloading [======================>                            ]  106.9MB/235.5MB
 80fd1defeed5 Verifying Checksum 
 80fd1defeed5 Download complete 
 8e89002132fb Downloading [======================>                            ]    108MB/235.5MB
 8e89002132fb Downloading [=======================>                           ]  109.6MB/235.5MB
 fcfafa19adef Downloading [============================>                      ]  52.94MB/91.43MB
 bc93b75590f6 Extracting [===============================================>   ]  40.37MB/42.71MB
 fcfafa19adef Downloading [=============================>                     ]  54.56MB/91.43MB
 8e89002132fb Downloading [=======================>                           ]  110.7MB/235.5MB
 8e89002132fb Downloading [=======================>                           ]  112.3MB/235.5MB
 0dfbb916091a Pull complete 
 8e89002132fb Downloading [=======================>                           ]  112.8MB/235.5MB
 fcfafa19adef Downloading [==============================>                    ]  55.63MB/91.43MB
 fcfafa19adef Downloading [===============================>                   ]  56.69MB/91.43MB
 fcfafa19adef Downloading [===============================>                   ]  57.22MB/91.43MB
 8e89002132fb Downloading [========================>                          ]  114.4MB/235.5MB
 8e89002132fb Downloading [========================>                          ]  115.5MB/235.5MB
 fcfafa19adef Downloading [================================>                  ]  58.85MB/91.43MB
 d5db3ddc23dd Downloading [>                                                  ]  4.107kB/377.2kB
 bc93b75590f6 Extracting [===============================================>   ]  40.83MB/42.71MB
 d5db3ddc23dd Downloading [=========================================>         ]  311.3kB/377.2kB
 fcfafa19adef Downloading [=================================>                 ]  60.45MB/91.43MB
 8e89002132fb Downloading [========================>                          ]    116MB/235.5MB
 8e89002132fb Downloading [=========================>                         ]  118.1MB/235.5MB
 d5db3ddc23dd Downloading [===========================================>       ]  327.7kB/377.2kB
 d5db3ddc23dd Verifying Checksum 
 d5db3ddc23dd Download complete 
 fcfafa19adef Downloading [==================================>                ]  62.59MB/91.43MB
 fcfafa19adef Downloading [==================================>                ]  63.13MB/91.43MB
 fcfafa19adef Downloading [===================================>               ]  64.19MB/91.43MB
 8e89002132fb Downloading [=========================>                         ]  119.7MB/235.5MB
 8e89002132fb Downloading [=========================>                         ]  121.9MB/235.5MB
 fcfafa19adef Downloading [====================================>              ]  66.33MB/91.43MB
 8e89002132fb Downloading [==========================>                        ]  123.5MB/235.5MB
 8e89002132fb Downloading [==========================>                        ]  124.6MB/235.5MB
 2d429b9e73a6 Downloading [>                                                  ]  298.4kB/29.13MB
 8e89002132fb Downloading [==========================>                        ]  125.6MB/235.5MB
 fcfafa19adef Downloading [=====================================>             ]  67.93MB/91.43MB
 bc93b75590f6 Extracting [================================================>  ]  41.29MB/42.71MB
 fcfafa19adef Downloading [======================================>            ]  69.53MB/91.43MB
 fcfafa19adef Downloading [======================================>            ]   70.6MB/91.43MB
 2d429b9e73a6 Downloading [=>                                                 ]  911.8kB/29.13MB
 8e89002132fb Downloading [==========================>                        ]  126.7MB/235.5MB
 fcfafa19adef Downloading [=======================================>           ]  71.67MB/91.43MB
 2d429b9e73a6 Downloading [==>                                                ]  1.502MB/29.13MB
 5fca9f90cdf9 Extracting [>                                                  ]  557.1kB/130.5MB
 8e89002132fb Downloading [===========================>                       ]  127.8MB/235.5MB
 16ccf2d7e28e Extracting [>                                                  ]  294.9kB/29.12MB
 5fca9f90cdf9 Extracting [>                                                  ]  1.671MB/130.5MB
 2d429b9e73a6 Downloading [====>                                              ]  2.702MB/29.13MB
 8e89002132fb Downloading [===========================>                       ]  129.4MB/235.5MB
 16ccf2d7e28e Extracting [==>                                                ]   1.18MB/29.12MB
 fcfafa19adef Downloading [=======================================>           ]  72.72MB/91.43MB
 bc93b75590f6 Extracting [================================================>  ]  41.75MB/42.71MB
 fcfafa19adef Downloading [========================================>          ]   73.8MB/91.43MB
 5fca9f90cdf9 Extracting [=>                                                 ]  2.785MB/130.5MB
 8e89002132fb Downloading [===========================>                       ]  129.9MB/235.5MB
 2d429b9e73a6 Downloading [======>                                            ]  3.603MB/29.13MB
 fcfafa19adef Downloading [========================================>          ]  74.33MB/91.43MB
 16ccf2d7e28e Extracting [===>                                               ]  1.769MB/29.12MB
 2d429b9e73a6 Downloading [======>                                            ]  3.898MB/29.13MB
 5fca9f90cdf9 Extracting [=>                                                 ]  3.899MB/130.5MB
 16ccf2d7e28e Extracting [=====>                                             ]  3.244MB/29.12MB
 8e89002132fb Downloading [===========================>                       ]    131MB/235.5MB
 fcfafa19adef Downloading [=========================================>         ]   75.4MB/91.43MB
 2d429b9e73a6 Downloading [========>                                          ]  4.783MB/29.13MB
 5fca9f90cdf9 Extracting [==>                                                ]  5.571MB/130.5MB
 16ccf2d7e28e Extracting [========>                                          ]  4.719MB/29.12MB
 8e89002132fb Downloading [============================>                      ]  132.1MB/235.5MB
 fcfafa19adef Downloading [=========================================>         ]  76.47MB/91.43MB
 2d429b9e73a6 Downloading [=========>                                         ]   5.68MB/29.13MB
 5fca9f90cdf9 Extracting [==>                                                ]  7.242MB/130.5MB
 16ccf2d7e28e Extracting [==========>                                        ]  6.193MB/29.12MB
 2d429b9e73a6 Downloading [===========>                                       ]  6.581MB/29.13MB
 8e89002132fb Downloading [============================>                      ]  133.1MB/235.5MB
 5fca9f90cdf9 Extracting [===>                                               ]  8.913MB/130.5MB
 fcfafa19adef Downloading [==========================================>        ]  77.54MB/91.43MB
 16ccf2d7e28e Extracting [=============>                                     ]  7.963MB/29.12MB
 bc93b75590f6 Extracting [=================================================> ]  42.21MB/42.71MB
 8e89002132fb Downloading [============================>                      ]  134.2MB/235.5MB
 2d429b9e73a6 Downloading [=============>                                     ]  7.777MB/29.13MB
 5fca9f90cdf9 Extracting [====>                                              ]  10.58MB/130.5MB
 fcfafa19adef Downloading [==========================================>        ]  78.61MB/91.43MB
 16ccf2d7e28e Extracting [================>                                  ]  9.437MB/29.12MB
 8e89002132fb Downloading [============================>                      ]  135.3MB/235.5MB
 2d429b9e73a6 Downloading [===============>                                   ]  8.956MB/29.13MB
 5fca9f90cdf9 Extracting [====>                                              ]  12.26MB/130.5MB
 fcfafa19adef Downloading [===========================================>       ]  79.67MB/91.43MB
 16ccf2d7e28e Extracting [===================>                               ]  11.21MB/29.12MB
 8e89002132fb Downloading [============================>                      ]  136.3MB/235.5MB
 fcfafa19adef Downloading [============================================>      ]  80.73MB/91.43MB
 16ccf2d7e28e Extracting [======================>                            ]  13.27MB/29.12MB
 bc93b75590f6 Extracting [=================================================> ]  42.66MB/42.71MB
 5fca9f90cdf9 Extracting [=====>                                             ]  14.48MB/130.5MB
 8e89002132fb Downloading [=============================>                     ]  137.9MB/235.5MB
 2d429b9e73a6 Downloading [=================>                                 ]  10.14MB/29.13MB
 fcfafa19adef Downloading [============================================>      ]   81.8MB/91.43MB
 16ccf2d7e28e Extracting [========================>                          ]  14.45MB/29.12MB
 5fca9f90cdf9 Extracting [======>                                            ]  16.71MB/130.5MB
 8e89002132fb Downloading [=============================>                     ]    139MB/235.5MB
 bc93b75590f6 Extracting [==================================================>]  42.71MB/42.71MB
 16ccf2d7e28e Extracting [==========================>                        ]  15.34MB/29.12MB
 fcfafa19adef Downloading [=============================================>     ]  82.86MB/91.43MB
 5fca9f90cdf9 Extracting [=======>                                           ]  18.94MB/130.5MB
 2d429b9e73a6 Downloading [===================>                               ]  11.34MB/29.13MB
 2d429b9e73a6 Downloading [====================>                              ]  12.23MB/29.13MB
 16ccf2d7e28e Extracting [=============================>                     ]   17.1MB/29.12MB
 8e89002132fb Downloading [=============================>                     ]  140.6MB/235.5MB
 fcfafa19adef Downloading [=============================================>     ]  83.92MB/91.43MB
 5fca9f90cdf9 Extracting [========>                                          ]  21.17MB/130.5MB
 8e89002132fb Downloading [==============================>                    ]  141.7MB/235.5MB
 16ccf2d7e28e Extracting [===============================>                   ]  18.58MB/29.12MB
 5fca9f90cdf9 Extracting [========>                                          ]   23.4MB/130.5MB
 fcfafa19adef Downloading [==============================================>    ]  84.99MB/91.43MB
 2d429b9e73a6 Downloading [=======================>                           ]  13.41MB/29.13MB
 2d429b9e73a6 Downloading [========================>                          ]   14.3MB/29.13MB
 16ccf2d7e28e Extracting [==================================>                ]  20.35MB/29.12MB
 5fca9f90cdf9 Extracting [=========>                                         ]  24.51MB/130.5MB
 8e89002132fb Downloading [==============================>                    ]  143.3MB/235.5MB
 fcfafa19adef Downloading [===============================================>   ]   86.6MB/91.43MB
 5fca9f90cdf9 Extracting [=========>                                         ]  25.62MB/130.5MB
 16ccf2d7e28e Extracting [====================================>              ]  21.53MB/29.12MB
 8e89002132fb Downloading [==============================>                    ]  144.9MB/235.5MB
 2d429b9e73a6 Downloading [==========================>                        ]  15.48MB/29.13MB
 2d429b9e73a6 Downloading [============================>                      ]  16.38MB/29.13MB
 16ccf2d7e28e Extracting [=======================================>           ]     23MB/29.12MB
 fcfafa19adef Downloading [===============================================>   ]  87.68MB/91.43MB
 8e89002132fb Downloading [===============================>                   ]  146.5MB/235.5MB
 fcfafa19adef Downloading [================================================>  ]  88.73MB/91.43MB
 16ccf2d7e28e Extracting [==========================================>        ]  24.48MB/29.12MB
 5fca9f90cdf9 Extracting [==========>                                        ]   27.3MB/130.5MB
 2d429b9e73a6 Downloading [=============================>                     ]  17.27MB/29.13MB
 2d429b9e73a6 Downloading [===============================>                   ]  18.45MB/29.13MB
 8e89002132fb Downloading [===============================>                   ]  148.1MB/235.5MB
 16ccf2d7e28e Extracting [=============================================>     ]  26.25MB/29.12MB
 fcfafa19adef Downloading [=================================================> ]  89.82MB/91.43MB
 16ccf2d7e28e Extracting [================================================>  ]  28.31MB/29.12MB
 8e89002132fb Downloading [===============================>                   ]  149.7MB/235.5MB
 fcfafa19adef Downloading [=================================================> ]  90.89MB/91.43MB
 bc93b75590f6 Pull complete 
 5fca9f90cdf9 Extracting [==========>                                        ]  27.85MB/130.5MB
 fcfafa19adef Download complete 
 16ccf2d7e28e Extracting [==================================================>]  29.12MB/29.12MB
 2d429b9e73a6 Downloading [=================================>                 ]  19.35MB/29.13MB
 2d429b9e73a6 Downloading [==================================>                ]  20.23MB/29.13MB
 8e89002132fb Downloading [================================>                  ]  151.3MB/235.5MB
 2d429b9e73a6 Downloading [=====================================>             ]  22.02MB/29.13MB
 8e89002132fb Downloading [================================>                  ]  152.9MB/235.5MB
 2d429b9e73a6 Downloading [========================================>          ]   23.8MB/29.13MB
 7f7f2bda001d Extracting [=>                                                 ]  32.77kB/1.387MB
 8e89002132fb Downloading [================================>                  ]    155MB/235.5MB
 2d429b9e73a6 Downloading [===========================================>       ]  25.59MB/29.13MB
 83dd93d3dd14 Downloading [>                                                  ]  143.2kB/14.02MB
 83dd93d3dd14 Downloading [===>                                               ]  884.2kB/14.02MB
 8e89002132fb Downloading [=================================>                 ]  156.6MB/235.5MB
 2d429b9e73a6 Downloading [=============================================>     ]  26.48MB/29.13MB
 5fca9f90cdf9 Extracting [==========>                                        ]  28.41MB/130.5MB
 83dd93d3dd14 Downloading [=======>                                           ]  2.079MB/14.02MB
 2d429b9e73a6 Downloading [===============================================>   ]  27.68MB/29.13MB
 8e89002132fb Downloading [=================================>                 ]  158.2MB/235.5MB
 83dd93d3dd14 Downloading [===========>                                       ]  3.124MB/14.02MB
 2d429b9e73a6 Downloading [=================================================> ]  28.88MB/29.13MB
 5fca9f90cdf9 Extracting [===========>                                       ]  28.97MB/130.5MB
 2d429b9e73a6 Verifying Checksum 
 2d429b9e73a6 Download complete 
 8e89002132fb Downloading [=================================>                 ]  159.3MB/235.5MB
 83dd93d3dd14 Downloading [===============>                                   ]  4.471MB/14.02MB
 8e89002132fb Downloading [==================================>                ]  161.4MB/235.5MB
 83dd93d3dd14 Downloading [=====================>                             ]  6.101MB/14.02MB
 8e89002132fb Downloading [==================================>                ]  163.6MB/235.5MB
 83dd93d3dd14 Downloading [============================>                      ]  7.883MB/14.02MB
 24b6e9e308bb Downloading [>                                                  ]  9.146kB/865.8kB
 5fca9f90cdf9 Extracting [===========>                                       ]  29.52MB/130.5MB
 83dd93d3dd14 Downloading [================================>                  ]  9.223MB/14.02MB
 8e89002132fb Downloading [===================================>               ]  165.2MB/235.5MB
 24b6e9e308bb Downloading [===============================================>   ]  817.6kB/865.8kB
 24b6e9e308bb Downloading [==================================================>]  865.8kB/865.8kB
 24b6e9e308bb Verifying Checksum 
 24b6e9e308bb Download complete 
 83dd93d3dd14 Downloading [======================================>            ]  10.69MB/14.02MB
 8e89002132fb Downloading [===================================>               ]  166.3MB/235.5MB
 83dd93d3dd14 Downloading [==============================================>    ]  13.06MB/14.02MB
 8e89002132fb Downloading [===================================>               ]    169MB/235.5MB
 2d429b9e73a6 Extracting [>                                                  ]  294.9kB/29.13MB
 a287ee838830 Downloading [==================================================>]      93B/93B
 a287ee838830 Verifying Checksum 
 a287ee838830 Download complete 
 83dd93d3dd14 Verifying Checksum 
 83dd93d3dd14 Download complete 
 5fca9f90cdf9 Extracting [===========>                                       ]  30.08MB/130.5MB
 8e89002132fb Downloading [====================================>              ]  171.1MB/235.5MB
 2d429b9e73a6 Extracting [==>                                                ]   1.18MB/29.13MB
 7f7f2bda001d Extracting [=========>                                         ]  262.1kB/1.387MB
 16ccf2d7e28e Pull complete 
 8e89002132fb Downloading [=====================================>             ]  174.3MB/235.5MB
 7f7f2bda001d Extracting [============================================>      ]  1.245MB/1.387MB
 7f7f2bda001d Extracting [==================================================>]  1.387MB/1.387MB
 2d429b9e73a6 Extracting [=====>                                             ]  2.949MB/29.13MB
 8e89002132fb Downloading [=====================================>             ]  176.4MB/235.5MB
 2d429b9e73a6 Extracting [=======>                                           ]  4.424MB/29.13MB
 81b4e824a7fc Downloading [==================================================>]     100B/100B
 81b4e824a7fc Download complete 
 dd85eb8fe9b6 Downloading [>                                                  ]    139kB/13.52MB
 8e89002132fb Downloading [======================================>            ]  179.6MB/235.5MB
 2d429b9e73a6 Extracting [==========>                                        ]  5.898MB/29.13MB
 2d429b9e73a6 Extracting [============>                                      ]  7.078MB/29.13MB
 8e89002132fb Downloading [======================================>            ]  181.2MB/235.5MB
 dd85eb8fe9b6 Downloading [==>                                                ]  720.3kB/13.52MB
 2d429b9e73a6 Extracting [==============>                                    ]  8.552MB/29.13MB
 5fca9f90cdf9 Extracting [===========>                                       ]  30.64MB/130.5MB
 dd85eb8fe9b6 Downloading [======>                                            ]  1.748MB/13.52MB
 8e89002132fb Downloading [======================================>            ]  183.4MB/235.5MB
 e760ae920e54 Downloading [==========================================>        ]     933B/1.088kB
 e760ae920e54 Downloading [==================================================>]  1.088kB/1.088kB
 e760ae920e54 Verifying Checksum 
 e760ae920e54 Download complete 
 4f4fb700ef54 Downloading [==================================================>]      32B/32B
 4f4fb700ef54 Verifying Checksum 
 4f4fb700ef54 Download complete 
 8e89002132fb Downloading [=======================================>           ]  184.4MB/235.5MB
 8e89002132fb Downloading [=======================================>           ]  186.1MB/235.5MB
 8e89002132fb Downloading [========================================>          ]  188.7MB/235.5MB
 8e89002132fb Downloading [========================================>          ]  191.4MB/235.5MB
 f18232174bc9 Downloading [>                                                  ]  37.67kB/3.642MB
 8e89002132fb Downloading [=========================================>         ]  193.6MB/235.5MB
 f18232174bc9 Downloading [===============>                                   ]  1.113MB/3.642MB
 dd85eb8fe9b6 Downloading [=========>                                         ]  2.486MB/13.52MB
 2d429b9e73a6 Extracting [===============>                                   ]  9.142MB/29.13MB
 f18232174bc9 Downloading [===============================>                   ]  2.313MB/3.642MB
 5fca9f90cdf9 Extracting [===========>                                       ]   31.2MB/130.5MB
 8e89002132fb Downloading [=========================================>         ]  195.2MB/235.5MB
 dd85eb8fe9b6 Downloading [===============>                                   ]   4.25MB/13.52MB
 f18232174bc9 Verifying Checksum 
 f18232174bc9 Download complete 
 f18232174bc9 Extracting [>                                                  ]  65.54kB/3.642MB
 5fca9f90cdf9 Extracting [============>                                      ]  32.31MB/130.5MB
 8e89002132fb Downloading [=========================================>         ]  196.8MB/235.5MB
 5fca9f90cdf9 Extracting [=============>                                     ]  33.98MB/130.5MB
 dd85eb8fe9b6 Downloading [=================>                                 ]  4.836MB/13.52MB
 8e89002132fb Downloading [==========================================>        ]  198.9MB/235.5MB
 2d429b9e73a6 Extracting [================>                                  ]  9.732MB/29.13MB
 5fca9f90cdf9 Extracting [=============>                                     ]  35.65MB/130.5MB
 dd85eb8fe9b6 Downloading [====================>                              ]  5.417MB/13.52MB
 93039ce05c0f Extracting [==================================================>]     346B/346B
 93039ce05c0f Extracting [==================================================>]     346B/346B
 215a21532880 Downloading [=================================================> ]     935B/941B
 2d429b9e73a6 Extracting [=================>                                 ]  10.32MB/29.13MB
 5fca9f90cdf9 Extracting [=============>                                     ]  36.21MB/130.5MB
 8e89002132fb Downloading [==========================================>        ]  200.5MB/235.5MB
 dd85eb8fe9b6 Downloading [====================>                              ]  5.565MB/13.52MB
 215a21532880 Verifying Checksum 
 215a21532880 Download complete 
 2d429b9e73a6 Extracting [===================>                               ]   11.5MB/29.13MB
 dd85eb8fe9b6 Downloading [======================================>            ]  10.43MB/13.52MB
 5fca9f90cdf9 Extracting [==============>                                    ]  37.88MB/130.5MB
 2d429b9e73a6 Extracting [=====================>                             ]  12.68MB/29.13MB
 8e89002132fb Downloading [===========================================>       ]  205.9MB/235.5MB
 dd85eb8fe9b6 Downloading [==========================================>        ]  11.61MB/13.52MB
 5fca9f90cdf9 Extracting [==============>                                    ]  38.99MB/130.5MB
 2d429b9e73a6 Extracting [========================>                          ]  14.45MB/29.13MB
 8e89002132fb Downloading [===========================================>       ]    207MB/235.5MB
 f18232174bc9 Extracting [===>                                               ]  262.1kB/3.642MB
 dd85eb8fe9b6 Downloading [================================================>  ]  13.22MB/13.52MB
 dd85eb8fe9b6 Verifying Checksum 
 dd85eb8fe9b6 Download complete 
 5fca9f90cdf9 Extracting [===============>                                   ]  41.22MB/130.5MB
 0cca667c7eaa Downloading [>                                                  ]   3.53kB/294.9kB
 8e89002132fb Downloading [============================================>      ]  208.6MB/235.5MB
 2d429b9e73a6 Extracting [============================>                      ]  16.81MB/29.13MB
 0cca667c7eaa Verifying Checksum 
 f18232174bc9 Extracting [==========>                                        ]  786.4kB/3.642MB
 2d429b9e73a6 Extracting [===============================>                   ]  18.58MB/29.13MB
 8e89002132fb Downloading [============================================>      ]  211.2MB/235.5MB
 5fca9f90cdf9 Extracting [================>                                  ]  42.34MB/130.5MB
 f18232174bc9 Extracting [==================>                                ]  1.376MB/3.642MB
 2d429b9e73a6 Extracting [==================================>                ]  20.35MB/29.13MB
 8e89002132fb Downloading [=============================================>     ]  213.9MB/235.5MB
 5fca9f90cdf9 Extracting [================>                                  ]  44.01MB/130.5MB
 f18232174bc9 Extracting [===================================>               ]  2.556MB/3.642MB
 2d429b9e73a6 Extracting [=====================================>             ]  21.82MB/29.13MB
 8e89002132fb Downloading [=============================================>     ]  216.6MB/235.5MB
 5fca9f90cdf9 Extracting [=================>                                 ]  46.24MB/130.5MB
 15f68d6d24b4 Downloading [>                                                  ]  193.4kB/19.2MB
 f18232174bc9 Extracting [==================================================>]  3.642MB/3.642MB
 c57f7b28229f Downloading [=====>                                             ]     933B/9.204kB
 c57f7b28229f Verifying Checksum 
 c57f7b28229f Download complete 
 2d429b9e73a6 Extracting [=======================================>           ]     23MB/29.13MB
 8e89002132fb Downloading [==============================================>    ]  218.8MB/235.5MB
 15f68d6d24b4 Downloading [==>                                                ]  798.2kB/19.2MB
 5fca9f90cdf9 Extracting [==================>                                ]  48.46MB/130.5MB
 8e89002132fb Downloading [==============================================>    ]  219.8MB/235.5MB
 15f68d6d24b4 Downloading [====>                                              ]  1.801MB/19.2MB
 2d429b9e73a6 Extracting [=========================================>         ]  23.89MB/29.13MB
 5fca9f90cdf9 Extracting [===================>                               ]  50.69MB/130.5MB
 8e89002132fb Downloading [===============================================>   ]  221.4MB/235.5MB
 15f68d6d24b4 Downloading [=========>                                         ]  3.763MB/19.2MB
 2d429b9e73a6 Extracting [==========================================>        ]  24.48MB/29.13MB
 5fca9f90cdf9 Extracting [====================>                              ]  52.36MB/130.5MB
 15f68d6d24b4 Downloading [============>                                      ]  4.746MB/19.2MB
 842fd6281a5f Downloading [==================================================>]     170B/170B
 842fd6281a5f Verifying Checksum 
 842fd6281a5f Download complete 
 8e89002132fb Downloading [===============================================>   ]  223.1MB/235.5MB
 5fca9f90cdf9 Extracting [====================>                              ]  54.59MB/130.5MB
 15f68d6d24b4 Downloading [===============>                                   ]  6.122MB/19.2MB
 8e89002132fb Downloading [===============================================>   ]  224.7MB/235.5MB
 15f68d6d24b4 Downloading [====================>                              ]  7.691MB/19.2MB
 15f68d6d24b4 Downloading [=====================>                             ]  8.281MB/19.2MB
 15f68d6d24b4 Downloading [===========================>                       ]  10.66MB/19.2MB
 8e89002132fb Downloading [================================================>  ]  226.3MB/235.5MB
 5fca9f90cdf9 Extracting [=====================>                             ]  56.26MB/130.5MB
 7f7f2bda001d Pull complete 
 15f68d6d24b4 Downloading [================================>                  ]  12.43MB/19.2MB
 8e89002132fb Downloading [================================================>  ]  228.4MB/235.5MB
 5fca9f90cdf9 Extracting [======================>                            ]  57.93MB/130.5MB
 d9802f032d67 Downloading [>                                                  ]    278kB/27.51MB
 d9802f032d67 Downloading [=>                                                 ]  842.2kB/27.51MB
 15f68d6d24b4 Downloading [===================================>               ]  13.61MB/19.2MB
 8e89002132fb Downloading [================================================>  ]  228.9MB/235.5MB
 d9802f032d67 Downloading [===>                                               ]   1.69MB/27.51MB
 5fca9f90cdf9 Extracting [======================>                            ]  58.49MB/130.5MB
 8e89002132fb Downloading [=================================================> ]  231.6MB/235.5MB
 15f68d6d24b4 Downloading [=================================================> ]  19.15MB/19.2MB
 15f68d6d24b4 Verifying Checksum 
 15f68d6d24b4 Download complete 
 2d429b9e73a6 Extracting [==========================================>        ]  24.77MB/29.13MB
 d9802f032d67 Downloading [=====>                                             ]  3.087MB/27.51MB
 5fca9f90cdf9 Extracting [=======================>                           ]  61.28MB/130.5MB
 8e89002132fb Downloading [=================================================> ]  233.7MB/235.5MB
 2d429b9e73a6 Extracting [============================================>      ]  25.66MB/29.13MB
 d9802f032d67 Downloading [=======>                                           ]  4.205MB/27.51MB
 509ee5635ab7 Downloading [>                                                  ]  527.8kB/88.62MB
 8e89002132fb Downloading [=================================================> ]  234.8MB/235.5MB
 2d429b9e73a6 Extracting [============================================>      ]  25.95MB/29.13MB
 d9802f032d67 Downloading [========>                                          ]  4.484MB/27.51MB
 5fca9f90cdf9 Extracting [=======================>                           ]  62.39MB/130.5MB
 8e89002132fb Verifying Checksum 
 8e89002132fb Download complete 
 509ee5635ab7 Downloading [=>                                                 ]  3.214MB/88.62MB
 2d429b9e73a6 Extracting [==============================================>    ]  27.13MB/29.13MB
 d9802f032d67 Downloading [===========>                                       ]   6.45MB/27.51MB
 5fca9f90cdf9 Extracting [========================>                          ]   63.5MB/130.5MB
 d6fdad86d21a Extracting [==================================================>]     446B/446B
 f18232174bc9 Pull complete 
 d6fdad86d21a Extracting [==================================================>]     446B/446B
 509ee5635ab7 Downloading [==>                                                ]  4.823MB/88.62MB
 d9802f032d67 Downloading [=============>                                     ]  7.564MB/27.51MB
 5fca9f90cdf9 Extracting [========================>                          ]  65.18MB/130.5MB
 d9802f032d67 Downloading [===============>                                   ]  8.678MB/27.51MB
 509ee5635ab7 Downloading [===>                                               ]  6.429MB/88.62MB
 5fca9f90cdf9 Extracting [=========================>                         ]   67.4MB/130.5MB
 d9802f032d67 Downloading [==================>                                ]  10.09MB/27.51MB
 2d429b9e73a6 Extracting [===============================================>   ]  27.72MB/29.13MB
 509ee5635ab7 Downloading [====>                                              ]  8.031MB/88.62MB
 5fca9f90cdf9 Extracting [==========================>                        ]  70.19MB/130.5MB
 d9802f032d67 Downloading [====================>                              ]  11.23MB/27.51MB
 509ee5635ab7 Downloading [=====>                                             ]  9.628MB/88.62MB
 5fca9f90cdf9 Extracting [===========================>                       ]  71.86MB/130.5MB
 d9802f032d67 Downloading [======================>                            ]  12.37MB/27.51MB
 2d429b9e73a6 Extracting [================================================>  ]  28.02MB/29.13MB
 509ee5635ab7 Downloading [=====>                                             ]  10.16MB/88.62MB
 5fca9f90cdf9 Extracting [=============================>                     ]  75.76MB/130.5MB
 d9802f032d67 Downloading [=========================>                         ]  13.79MB/27.51MB
 b7ff0b002068 Downloading [=============================>                     ]     933B/1.569kB
 b7ff0b002068 Downloading [==================================================>]  1.569kB/1.569kB
 b7ff0b002068 Verifying Checksum 
 b7ff0b002068 Download complete 
 d9802f032d67 Downloading [=========================>                         ]  14.07MB/27.51MB
 509ee5635ab7 Downloading [======>                                            ]  11.75MB/88.62MB
 682e346897fd Downloading [=============================>                     ]     933B/1.587kB
 682e346897fd Downloading [==================================================>]  1.587kB/1.587kB
 682e346897fd Download complete 
 509ee5635ab7 Downloading [=======>                                           ]  13.35MB/88.62MB
 d9802f032d67 Downloading [=====================================>             ]  20.54MB/27.51MB
 5fca9f90cdf9 Extracting [=============================>                     ]  77.43MB/130.5MB
 509ee5635ab7 Downloading [========>                                          ]  14.97MB/88.62MB
 d9802f032d67 Downloading [========================================>          ]  22.24MB/27.51MB
 5fca9f90cdf9 Extracting [==============================>                    ]   79.1MB/130.5MB
 509ee5635ab7 Downloading [=========>                                         ]  16.59MB/88.62MB
 d9802f032d67 Downloading [==========================================>        ]  23.64MB/27.51MB
 5fca9f90cdf9 Extracting [==============================>                    ]  80.22MB/130.5MB
 efc837203904 Downloading [>                                                  ]    535kB/73.32MB
 d9802f032d67 Verifying Checksum 
 d9802f032d67 Download complete 
 5fca9f90cdf9 Extracting [===============================>                   ]     83MB/130.5MB
 509ee5635ab7 Downloading [============>                                      ]   21.9MB/88.62MB
 efc837203904 Downloading [==>                                                ]  3.218MB/73.32MB
 215a21532880 Extracting [==================================================>]     941B/941B
 215a21532880 Extracting [==================================================>]     941B/941B
 5fca9f90cdf9 Extracting [================================>                  ]  84.67MB/130.5MB
 509ee5635ab7 Downloading [============>                                      ]  22.98MB/88.62MB
 efc837203904 Downloading [===>                                               ]  5.348MB/73.32MB
 93039ce05c0f Pull complete 
 5fca9f90cdf9 Extracting [=================================>                 ]   86.9MB/130.5MB
 efc837203904 Downloading [====>                                              ]  6.958MB/73.32MB
 509ee5635ab7 Downloading [=============>                                     ]  24.59MB/88.62MB
 5fca9f90cdf9 Extracting [=================================>                 ]  88.57MB/130.5MB
 efc837203904 Downloading [=====>                                             ]  8.563MB/73.32MB
 509ee5635ab7 Downloading [==============>                                    ]  26.22MB/88.62MB
 d9802f032d67 Extracting [>                                                  ]  294.9kB/27.51MB
 2d429b9e73a6 Extracting [================================================>  ]  28.31MB/29.13MB
 509ee5635ab7 Downloading [===============>                                   ]  27.29MB/88.62MB
 5fca9f90cdf9 Extracting [==================================>                ]  89.69MB/130.5MB
 efc837203904 Downloading [======>                                            ]  10.16MB/73.32MB
 d9802f032d67 Extracting [==>                                                ]   1.18MB/27.51MB
 2d429b9e73a6 Extracting [=================================================> ]  28.61MB/29.13MB
 eaf2e29bee29 Downloading [>                                                  ]  5.038kB/464.7kB
 5068b8a29899 Extracting [==================================================>]   1.56kB/1.56kB
 efc837203904 Downloading [========>                                          ]  11.78MB/73.32MB
 5068b8a29899 Extracting [==================================================>]   1.56kB/1.56kB
 509ee5635ab7 Downloading [================>                                  ]   28.9MB/88.62MB
 d9802f032d67 Extracting [====>                                              ]  2.654MB/27.51MB
 5fca9f90cdf9 Extracting [==================================>                ]   90.8MB/130.5MB
 eaf2e29bee29 Downloading [============================>                      ]  261.6kB/464.7kB
 eaf2e29bee29 Downloading [==================================================>]  464.7kB/464.7kB
 eaf2e29bee29 Download complete 
 2d429b9e73a6 Extracting [=================================================> ]   28.9MB/29.13MB
 d9802f032d67 Extracting [=======>                                           ]  4.129MB/27.51MB
 efc837203904 Downloading [=========>                                         ]  13.38MB/73.32MB
 509ee5635ab7 Downloading [=================>                                 ]   30.5MB/88.62MB
 5fca9f90cdf9 Extracting [===================================>               ]  91.91MB/130.5MB
 d9802f032d67 Extracting [==========>                                        ]  5.603MB/27.51MB
 efc837203904 Downloading [==========>                                        ]  14.99MB/73.32MB
 509ee5635ab7 Downloading [==================>                                ]   32.1MB/88.62MB
 d9802f032d67 Extracting [===========>                                       ]  6.488MB/27.51MB
 efc837203904 Downloading [===========>                                       ]  16.61MB/73.32MB
 509ee5635ab7 Downloading [===================>                               ]  33.72MB/88.62MB
 2d429b9e73a6 Extracting [==================================================>]  29.13MB/29.13MB
 5fca9f90cdf9 Extracting [===================================>               ]  92.47MB/130.5MB
 d9802f032d67 Extracting [=============>                                     ]  7.668MB/27.51MB
 509ee5635ab7 Downloading [===================>                               ]  34.79MB/88.62MB
 efc837203904 Downloading [============>                                      ]  18.22MB/73.32MB
 509ee5635ab7 Downloading [====================>                              ]   36.4MB/88.62MB
 d9802f032d67 Extracting [===============>                                   ]  8.552MB/27.51MB
 efc837203904 Downloading [=============>                                     ]  19.82MB/73.32MB
 509ee5635ab7 Downloading [=====================>                             ]     38MB/88.62MB
 efc837203904 Downloading [==============>                                    ]  21.42MB/73.32MB
 5fca9f90cdf9 Extracting [===================================>               ]  93.03MB/130.5MB
 d9802f032d67 Extracting [================>                                  ]  8.847MB/27.51MB
 509ee5635ab7 Downloading [======================>                            ]  39.06MB/88.62MB
 4f4fb700ef54 Downloading [==================================================>]      32B/32B
 4f4fb700ef54 Verifying Checksum 
 4f4fb700ef54 Download complete 
 509ee5635ab7 Downloading [======================>                            ]  39.59MB/88.62MB
 efc837203904 Downloading [===============>                                   ]  23.03MB/73.32MB
 5fca9f90cdf9 Extracting [===================================>               ]  93.59MB/130.5MB
 d9802f032d67 Extracting [================>                                  ]  9.142MB/27.51MB
 efc837203904 Downloading [==================>                                ]  26.77MB/73.32MB
 509ee5635ab7 Downloading [========================>                          ]  43.35MB/88.62MB
 5fca9f90cdf9 Extracting [====================================>              ]   94.7MB/130.5MB
 efc837203904 Downloading [==================>                                ]  27.83MB/73.32MB
 509ee5635ab7 Downloading [=========================>                         ]  44.41MB/88.62MB
 d9802f032d67 Extracting [==================>                                ]  10.03MB/27.51MB
 803debb29f36 Downloading [>                                                  ]  539.1kB/343.5MB
 509ee5635ab7 Downloading [=========================>                         ]  46.02MB/88.62MB
 d9802f032d67 Extracting [===================>                               ]  10.91MB/27.51MB
 efc837203904 Downloading [====================>                              ]  29.96MB/73.32MB
 5fca9f90cdf9 Extracting [====================================>              ]  95.26MB/130.5MB
 803debb29f36 Downloading [>                                                  ]   1.62MB/343.5MB
 509ee5635ab7 Downloading [==========================>                        ]   47.1MB/88.62MB
 d9802f032d67 Extracting [=======================>                           ]  12.68MB/27.51MB
 efc837203904 Downloading [=====================>                             ]  31.02MB/73.32MB
 803debb29f36 Downloading [>                                                  ]  2.702MB/343.5MB
 5fca9f90cdf9 Extracting [====================================>              ]  95.81MB/130.5MB
 509ee5635ab7 Downloading [===========================>                       ]  48.72MB/88.62MB
 d9802f032d67 Extracting [==========================>                        ]  14.75MB/27.51MB
 efc837203904 Downloading [=====================>                             ]  32.09MB/73.32MB
 803debb29f36 Downloading [>                                                  ]  3.783MB/343.5MB
 5fca9f90cdf9 Extracting [====================================>              ]  96.37MB/130.5MB
 509ee5635ab7 Downloading [============================>                      ]  49.78MB/88.62MB
 d9802f032d67 Extracting [==============================>                    ]  16.52MB/27.51MB
 efc837203904 Downloading [======================>                            ]  33.17MB/73.32MB
 803debb29f36 Downloading [>                                                  ]  4.844MB/343.5MB
 d6fdad86d21a Pull complete 
 509ee5635ab7 Downloading [============================>                      ]  50.86MB/88.62MB
 efc837203904 Downloading [=======================>                           ]  34.24MB/73.32MB
 d9802f032d67 Extracting [=================================>                 ]  18.58MB/27.51MB
 803debb29f36 Downloading [>                                                  ]  5.917MB/343.5MB
 d9802f032d67 Extracting [===================================>               ]  19.76MB/27.51MB
 509ee5635ab7 Downloading [=============================>                     ]  52.46MB/88.62MB
 803debb29f36 Downloading [=>                                                 ]  6.986MB/343.5MB
 efc837203904 Downloading [========================>                          ]  35.83MB/73.32MB
 d9802f032d67 Extracting [======================================>            ]  21.23MB/27.51MB
 5fca9f90cdf9 Extracting [=====================================>             ]  96.93MB/130.5MB
 509ee5635ab7 Downloading [==============================>                    ]  53.52MB/88.62MB
 efc837203904 Downloading [=========================>                         ]   36.9MB/73.32MB
 803debb29f36 Downloading [=>                                                 ]  8.051MB/343.5MB
 509ee5635ab7 Downloading [==============================>                    ]  54.59MB/88.62MB
 efc837203904 Downloading [=========================>                         ]  37.98MB/73.32MB
 d9802f032d67 Extracting [=========================================>         ]  22.71MB/27.51MB
 803debb29f36 Downloading [=>                                                 ]  9.132MB/343.5MB
 5fca9f90cdf9 Extracting [=====================================>             ]  97.48MB/130.5MB
 5fca9f90cdf9 Extracting [======================================>            ]  99.71MB/130.5MB
 5fca9f90cdf9 Extracting [======================================>            ]  101.4MB/130.5MB
 efc837203904 Downloading [==========================>                        ]  38.51MB/73.32MB
 509ee5635ab7 Downloading [===============================>                   ]  55.65MB/88.62MB
 803debb29f36 Downloading [=>                                                 ]  10.21MB/343.5MB
 5fca9f90cdf9 Extracting [=======================================>           ]  102.5MB/130.5MB
 efc837203904 Downloading [===========================>                       ]  39.59MB/73.32MB
 509ee5635ab7 Downloading [================================>                  ]  56.74MB/88.62MB
 803debb29f36 Downloading [=>                                                 ]  11.27MB/343.5MB
 5fca9f90cdf9 Extracting [=======================================>           ]  104.2MB/130.5MB
 efc837203904 Downloading [===========================>                       ]  40.67MB/73.32MB
 509ee5635ab7 Downloading [================================>                  ]  57.81MB/88.62MB
 803debb29f36 Downloading [=>                                                 ]  12.34MB/343.5MB
 5fca9f90cdf9 Extracting [========================================>          ]    107MB/130.5MB
 efc837203904 Downloading [============================>                      ]  41.74MB/73.32MB
 509ee5635ab7 Downloading [=================================>                 ]  58.87MB/88.62MB
 803debb29f36 Downloading [=>                                                 ]  13.41MB/343.5MB
 5fca9f90cdf9 Extracting [=========================================>         ]  109.2MB/130.5MB
 509ee5635ab7 Downloading [=================================>                 ]  59.94MB/88.62MB
 efc837203904 Downloading [=============================>                     ]  43.36MB/73.32MB
 803debb29f36 Downloading [==>                                                ]  14.48MB/343.5MB
 5fca9f90cdf9 Extracting [==========================================>        ]  111.4MB/130.5MB
 d9802f032d67 Extracting [==========================================>        ]   23.3MB/27.51MB
 509ee5635ab7 Downloading [==================================>                ]  61.01MB/88.62MB
 efc837203904 Downloading [==============================>                    ]  44.44MB/73.32MB
 803debb29f36 Downloading [==>                                                ]  15.54MB/343.5MB
 d9802f032d67 Extracting [===========================================>       ]  23.89MB/27.51MB
 5fca9f90cdf9 Extracting [===========================================>       ]  113.1MB/130.5MB
 509ee5635ab7 Downloading [===================================>               ]  62.07MB/88.62MB
 efc837203904 Downloading [===============================>                   ]  45.51MB/73.32MB
 803debb29f36 Downloading [==>                                                ]  16.61MB/343.5MB
 5fca9f90cdf9 Extracting [============================================>      ]  115.3MB/130.5MB
 5fca9f90cdf9 Extracting [=============================================>     ]  117.5MB/130.5MB
 509ee5635ab7 Downloading [===================================>               ]  63.14MB/88.62MB
 d9802f032d67 Extracting [==============================================>    ]  25.36MB/27.51MB
 5fca9f90cdf9 Extracting [=============================================>     ]  118.1MB/130.5MB
 803debb29f36 Downloading [==>                                                ]  17.68MB/343.5MB
 efc837203904 Downloading [===============================>                   ]  46.58MB/73.32MB
 509ee5635ab7 Downloading [=======================================>           ]  69.58MB/88.62MB
 5fca9f90cdf9 Extracting [=============================================>     ]  119.2MB/130.5MB
 efc837203904 Downloading [=================================>                 ]  49.26MB/73.32MB
 803debb29f36 Downloading [===>                                               ]  22.52MB/343.5MB
 5fca9f90cdf9 Extracting [=============================================>     ]  119.8MB/130.5MB
 509ee5635ab7 Downloading [========================================>          ]  71.19MB/88.62MB
 efc837203904 Downloading [==================================>                ]  50.33MB/73.32MB
 803debb29f36 Downloading [===>                                               ]  23.59MB/343.5MB
 d9802f032d67 Extracting [===============================================>   ]  26.25MB/27.51MB
 5fca9f90cdf9 Extracting [==============================================>    ]  120.3MB/130.5MB
 509ee5635ab7 Downloading [=========================================>         ]   72.8MB/88.62MB
 efc837203904 Downloading [===================================>               ]  51.41MB/73.32MB
 803debb29f36 Downloading [===>                                               ]   25.2MB/343.5MB
 5fca9f90cdf9 Extracting [==============================================>    ]  120.9MB/130.5MB
 efc837203904 Downloading [===================================>               ]  52.49MB/73.32MB
 509ee5635ab7 Downloading [=========================================>         ]  74.41MB/88.62MB
 d9802f032d67 Extracting [================================================>  ]  26.54MB/27.51MB
 803debb29f36 Downloading [===>                                               ]  26.27MB/343.5MB
 efc837203904 Downloading [====================================>              ]  53.56MB/73.32MB
 803debb29f36 Downloading [===>                                               ]  27.33MB/343.5MB
 509ee5635ab7 Downloading [==========================================>        ]  76.01MB/88.62MB
 5fca9f90cdf9 Extracting [==============================================>    ]  121.4MB/130.5MB
 509ee5635ab7 Downloading [===========================================>       ]  77.09MB/88.62MB
 803debb29f36 Downloading [====>                                              ]  28.41MB/343.5MB
 efc837203904 Downloading [=====================================>             ]  55.18MB/73.32MB
 5fca9f90cdf9 Extracting [===============================================>   ]  123.1MB/130.5MB
 efc837203904 Downloading [======================================>            ]  56.25MB/73.32MB
 509ee5635ab7 Downloading [============================================>      ]  78.15MB/88.62MB
 803debb29f36 Downloading [====>                                              ]  29.49MB/343.5MB
 5fca9f90cdf9 Extracting [===============================================>   ]  124.2MB/130.5MB
 5fca9f90cdf9 Extracting [===============================================>   ]  124.8MB/130.5MB
 509ee5635ab7 Downloading [============================================>      ]  79.21MB/88.62MB
 efc837203904 Downloading [=======================================>           ]  57.87MB/73.32MB
 803debb29f36 Downloading [====>                                              ]  31.11MB/343.5MB
 509ee5635ab7 Downloading [=============================================>     ]  80.28MB/88.62MB
 803debb29f36 Downloading [====>                                              ]  32.18MB/343.5MB
 efc837203904 Downloading [========================================>          ]  58.94MB/73.32MB
 509ee5635ab7 Downloading [==============================================>    ]  81.87MB/88.62MB
 803debb29f36 Downloading [====>                                              ]  33.79MB/343.5MB
 efc837203904 Downloading [=========================================>         ]  60.55MB/73.32MB
 509ee5635ab7 Downloading [==============================================>    ]  82.95MB/88.62MB
 efc837203904 Downloading [==========================================>        ]  61.64MB/73.32MB
 803debb29f36 Downloading [=====>                                             ]   35.4MB/343.5MB
 509ee5635ab7 Downloading [===============================================>   ]  84.53MB/88.62MB
 5fca9f90cdf9 Extracting [================================================>  ]  125.3MB/130.5MB
 efc837203904 Downloading [===========================================>       ]  63.24MB/73.32MB
 803debb29f36 Downloading [=====>                                             ]  37.01MB/343.5MB
 509ee5635ab7 Downloading [================================================>  ]   85.6MB/88.62MB
 5fca9f90cdf9 Extracting [================================================>  ]  125.9MB/130.5MB
 efc837203904 Downloading [============================================>      ]  64.85MB/73.32MB
 803debb29f36 Downloading [=====>                                             ]  38.62MB/343.5MB
 509ee5635ab7 Downloading [=================================================> ]  87.21MB/88.62MB
 efc837203904 Downloading [============================================>      ]  65.91MB/73.32MB
 5fca9f90cdf9 Extracting [================================================>  ]  126.5MB/130.5MB
 803debb29f36 Downloading [=====>                                             ]  39.68MB/343.5MB
 509ee5635ab7 Verifying Checksum 
 509ee5635ab7 Download complete 
 efc837203904 Downloading [==============================================>    ]  67.52MB/73.32MB
 5fca9f90cdf9 Extracting [================================================>  ]    127MB/130.5MB
 803debb29f36 Downloading [======>                                            ]  41.29MB/343.5MB
 efc837203904 Downloading [===============================================>   ]   69.1MB/73.32MB
 803debb29f36 Downloading [======>                                            ]   42.9MB/343.5MB
 efc837203904 Downloading [================================================>  ]  70.71MB/73.32MB
 803debb29f36 Downloading [======>                                            ]  44.51MB/343.5MB
 5fca9f90cdf9 Extracting [================================================>  ]  127.6MB/130.5MB
 53ed40429b23 Downloading [>                                                  ]  17.22kB/1.698MB
 efc837203904 Downloading [=================================================> ]  72.31MB/73.32MB
 803debb29f36 Downloading [======>                                            ]  46.11MB/343.5MB
 5fca9f90cdf9 Extracting [=================================================> ]  128.1MB/130.5MB
 53ed40429b23 Downloading [==========================>                        ]  904.6kB/1.698MB
 efc837203904 Verifying Checksum 
 53ed40429b23 Downloading [==================================================>]  1.698MB/1.698MB
 53ed40429b23 Verifying Checksum 
 53ed40429b23 Download complete 
 803debb29f36 Downloading [======>                                            ]  47.72MB/343.5MB
 5fca9f90cdf9 Extracting [=================================================> ]  128.7MB/130.5MB
 803debb29f36 Downloading [=======>                                           ]  50.92MB/343.5MB
 803debb29f36 Downloading [=======>                                           ]  53.62MB/343.5MB
 4b4a7c81ca57 Downloading [==================================================>]     258B/258B
 4b4a7c81ca57 Verifying Checksum 
 4b4a7c81ca57 Download complete 
 803debb29f36 Downloading [=======>                                           ]  54.15MB/343.5MB
 0432ea1c2fb4 Downloading [>                                                  ]  171.6kB/16.8MB
 0432ea1c2fb4 Downloading [=======>                                           ]  2.501MB/16.8MB
 803debb29f36 Downloading [========>                                          ]  59.48MB/343.5MB
 0432ea1c2fb4 Downloading [============>                                      ]  4.287MB/16.8MB
 803debb29f36 Downloading [========>                                          ]  61.09MB/343.5MB
 d9802f032d67 Extracting [=================================================> ]  27.13MB/27.51MB
 0432ea1c2fb4 Downloading [==================>                                ]  6.056MB/16.8MB
 803debb29f36 Downloading [=========>                                         ]  63.22MB/343.5MB
 ed19f0710562 Downloading [==================================================>]     619B/619B
 ed19f0710562 Verifying Checksum 
 ed19f0710562 Download complete 
 0432ea1c2fb4 Downloading [=====================>                             ]  7.314MB/16.8MB
 d9802f032d67 Extracting [=================================================> ]  27.43MB/27.51MB
 803debb29f36 Downloading [=========>                                         ]  64.28MB/343.5MB
 0432ea1c2fb4 Downloading [=========================>                         ]  8.727MB/16.8MB
 803debb29f36 Downloading [=========>                                         ]  65.89MB/343.5MB
 0432ea1c2fb4 Downloading [==============================>                    ]  10.35MB/16.8MB
 d9802f032d67 Extracting [==================================================>]  27.51MB/27.51MB
 803debb29f36 Downloading [=========>                                         ]  67.48MB/343.5MB
 0432ea1c2fb4 Downloading [===================================>               ]  11.77MB/16.8MB
 215a21532880 Pull complete 
 803debb29f36 Downloading [==========>                                        ]  69.62MB/343.5MB
 d72e08f1aa32 Downloading [==================================================>]     604B/604B
 803debb29f36 Downloading [==========>                                        ]  72.84MB/343.5MB
 803debb29f36 Downloading [==========>                                        ]  75.54MB/343.5MB
 803debb29f36 Downloading [===========>                                       ]  78.21MB/343.5MB
 803debb29f36 Downloading [===========>                                       ]  81.42MB/343.5MB
 803debb29f36 Downloading [============>                                      ]  84.65MB/343.5MB
 803debb29f36 Downloading [============>                                      ]  87.88MB/343.5MB
 803debb29f36 Downloading [=============>                                     ]  91.11MB/343.5MB
 803debb29f36 Downloading [=============>                                     ]   94.3MB/343.5MB
 803debb29f36 Downloading [==============>                                    ]  97.52MB/343.5MB
 803debb29f36 Downloading [==============>                                    ]  100.7MB/343.5MB
 803debb29f36 Downloading [===============>                                   ]  103.4MB/343.5MB
 803debb29f36 Downloading [===============>                                   ]  106.6MB/343.5MB
 803debb29f36 Downloading [===============>                                   ]  109.8MB/343.5MB
 803debb29f36 Downloading [================>                                  ]  113.1MB/343.5MB
 803debb29f36 Downloading [================>                                  ]  116.3MB/343.5MB
 803debb29f36 Downloading [=================>                                 ]  119.5MB/343.5MB
 803debb29f36 Downloading [=================>                                 ]  122.7MB/343.5MB
 803debb29f36 Downloading [==================>                                ]    126MB/343.5MB
 803debb29f36 Downloading [==================>                                ]  128.7MB/343.5MB
 803debb29f36 Downloading [===================>                               ]  131.3MB/343.5MB
 803debb29f36 Downloading [===================>                               ]  134.6MB/343.5MB
 803debb29f36 Downloading [===================>                               ]  136.7MB/343.5MB
 803debb29f36 Downloading [====================>                              ]  138.9MB/343.5MB
 803debb29f36 Downloading [====================>                              ]  140.5MB/343.5MB
 803debb29f36 Downloading [====================>                              ]  143.1MB/343.5MB
 803debb29f36 Downloading [=====================>                             ]  146.4MB/343.5MB
 803debb29f36 Downloading [=====================>                             ]  149.6MB/343.5MB
 803debb29f36 Downloading [======================>                            ]  152.8MB/343.5MB
 803debb29f36 Downloading [======================>                            ]  155.4MB/343.5MB
 803debb29f36 Downloading [=======================>                           ]  158.1MB/343.5MB
 803debb29f36 Downloading [=======================>                           ]  161.3MB/343.5MB
 803debb29f36 Downloading [=======================>                           ]  164.5MB/343.5MB
 803debb29f36 Downloading [========================>                          ]  167.7MB/343.5MB
 803debb29f36 Downloading [========================>                          ]  170.9MB/343.5MB
 803debb29f36 Downloading [=========================>                         ]  173.6MB/343.5MB
 803debb29f36 Downloading [=========================>                         ]  176.3MB/343.5MB
 803debb29f36 Downloading [==========================>                        ]  179.5MB/343.5MB
 803debb29f36 Downloading [==========================>                        ]  182.2MB/343.5MB
 803debb29f36 Downloading [==========================>                        ]  184.9MB/343.5MB
 803debb29f36 Downloading [===========================>                       ]  188.1MB/343.5MB
 803debb29f36 Downloading [===========================>                       ]  191.3MB/343.5MB
 803debb29f36 Downloading [============================>                      ]  194.5MB/343.5MB
 803debb29f36 Downloading [============================>                      ]  197.7MB/343.5MB
 803debb29f36 Downloading [=============================>                     ]  200.4MB/343.5MB
 803debb29f36 Downloading [=============================>                     ]  203.6MB/343.5MB
 803debb29f36 Downloading [==============================>                    ]  206.8MB/343.5MB
 803debb29f36 Downloading [==============================>                    ]    210MB/343.5MB
 803debb29f36 Downloading [===============================>                   ]  213.2MB/343.5MB
 803debb29f36 Downloading [===============================>                   ]  216.5MB/343.5MB
 803debb29f36 Downloading [===============================>                   ]  219.7MB/343.5MB
 803debb29f36 Downloading [================================>                  ]  222.9MB/343.5MB
 803debb29f36 Downloading [================================>                  ]  225.6MB/343.5MB
 803debb29f36 Downloading [=================================>                 ]  228.3MB/343.5MB
 803debb29f36 Downloading [=================================>                 ]  231.5MB/343.5MB
 803debb29f36 Downloading [==================================>                ]  235.2MB/343.5MB
 803debb29f36 Downloading [==================================>                ]  238.4MB/343.5MB
 803debb29f36 Downloading [===================================>               ]  241.6MB/343.5MB
 803debb29f36 Downloading [===================================>               ]  244.8MB/343.5MB
 803debb29f36 Downloading [====================================>              ]    248MB/343.5MB
 803debb29f36 Downloading [====================================>              ]  250.2MB/343.5MB
 d72e08f1aa32 Verifying Checksum 
 d72e08f1aa32 Download complete 
 0432ea1c2fb4 Downloading [====================================>              ]  12.31MB/16.8MB
 0432ea1c2fb4 Downloading [=============================================>     ]  15.17MB/16.8MB
 803debb29f36 Downloading [====================================>              ]  252.8MB/343.5MB
 5fca9f90cdf9 Extracting [=================================================> ]  129.8MB/130.5MB
 0432ea1c2fb4 Downloading [================================================>  ]  16.26MB/16.8MB
 803debb29f36 Downloading [=====================================>             ]    255MB/343.5MB
 0432ea1c2fb4 Downloading [==================================================>]   16.8MB/16.8MB
 0432ea1c2fb4 Verifying Checksum 
 0432ea1c2fb4 Download complete 
 803debb29f36 Downloading [=====================================>             ]  257.1MB/343.5MB
 27848b8d6ce7 Downloading [==================================================>]     616B/616B
 27848b8d6ce7 Verifying Checksum 
 27848b8d6ce7 Download complete 
 2d429b9e73a6 Pull complete 
 5fca9f90cdf9 Extracting [=================================================> ]  130.4MB/130.5MB
 803debb29f36 Downloading [=====================================>             ]  260.3MB/343.5MB
 5fca9f90cdf9 Extracting [==================================================>]  130.5MB/130.5MB
 30ee1d7fcd7c Downloading [==================================================>]     601B/601B
 30ee1d7fcd7c Verifying Checksum 
 30ee1d7fcd7c Download complete 
 803debb29f36 Downloading [======================================>            ]    263MB/343.5MB
 812ac9f6c814 Downloading [>                                                  ]  9.006kB/822kB
 803debb29f36 Downloading [======================================>            ]  266.2MB/343.5MB
 812ac9f6c814 Downloading [================================>                  ]    536kB/822kB
 803debb29f36 Downloading [=======================================>           ]  268.9MB/343.5MB
 812ac9f6c814 Download complete 
 803debb29f36 Downloading [=======================================>           ]    271MB/343.5MB
 0cca667c7eaa Extracting [=====>                                             ]  32.77kB/294.9kB
 87ad3dc54565 Downloading [=====================================>             ]     934B/1.243kB
 87ad3dc54565 Downloading [==================================================>]  1.243kB/1.243kB
 87ad3dc54565 Verifying Checksum 
 87ad3dc54565 Download complete 
 803debb29f36 Downloading [=======================================>           ]  273.7MB/343.5MB
 5068b8a29899 Pull complete 
 803debb29f36 Downloading [========================================>          ]  276.9MB/343.5MB
 3a00dab3dc12 Downloading [==================================================>]     291B/291B
 3a00dab3dc12 Verifying Checksum 
 3a00dab3dc12 Download complete 
 803debb29f36 Downloading [========================================>          ]  280.1MB/343.5MB
 af6a4fc76e12 Downloading [>                                                  ]  244.2kB/22.87MB
 803debb29f36 Downloading [=========================================>         ]  282.7MB/343.5MB
 fcfafa19adef Extracting [>                                                  ]  557.1kB/91.43MB
 af6a4fc76e12 Downloading [==>                                                ]  1.174MB/22.87MB
 803debb29f36 Downloading [=========================================>         ]  284.4MB/343.5MB
 fcfafa19adef Extracting [=>                                                 ]  2.785MB/91.43MB
 af6a4fc76e12 Downloading [====>                                              ]  2.091MB/22.87MB
 1cebda970ac2 Downloading [>                                                  ]  5.038kB/439.9kB
 803debb29f36 Downloading [=========================================>         ]  286.5MB/343.5MB
 fcfafa19adef Extracting [===>                                               ]  5.571MB/91.43MB
 d9802f032d67 Pull complete 
 83dd93d3dd14 Extracting [>                                                  ]  163.8kB/14.02MB
 af6a4fc76e12 Downloading [=======>                                           ]  3.476MB/22.87MB
 1cebda970ac2 Downloading [===============================>                   ]  276.9kB/439.9kB
 fcfafa19adef Extracting [====>                                              ]  7.799MB/91.43MB
 1cebda970ac2 Download complete 
 af6a4fc76e12 Downloading [==========>                                        ]   4.86MB/22.87MB
 803debb29f36 Downloading [=========================================>         ]  288.1MB/343.5MB
 fcfafa19adef Extracting [=====>                                             ]  10.58MB/91.43MB
 af6a4fc76e12 Downloading [==============>                                    ]  6.482MB/22.87MB
 803debb29f36 Downloading [==========================================>        ]  289.7MB/343.5MB
 fcfafa19adef Extracting [=======>                                           ]  12.81MB/91.43MB
 af6a4fc76e12 Downloading [=================>                                 ]    8.1MB/22.87MB
 803debb29f36 Downloading [==========================================>        ]  291.3MB/343.5MB
 0cca667c7eaa Extracting [=================================>                 ]  196.6kB/294.9kB
 fcfafa19adef Extracting [=======>                                           ]  14.48MB/91.43MB
 af6a4fc76e12 Downloading [====================>                              ]  9.489MB/22.87MB
 0cca667c7eaa Extracting [======================================>            ]  229.4kB/294.9kB
 803debb29f36 Downloading [==========================================>        ]  292.9MB/343.5MB
 af6a4fc76e12 Downloading [========================>                          ]  11.11MB/22.87MB
 da6d5b2391f4 Downloading [>                                                  ]  531.9kB/88.7MB
 0cca667c7eaa Extracting [==================================================>]  294.9kB/294.9kB
 0cca667c7eaa Extracting [==================================================>]  294.9kB/294.9kB
 fcfafa19adef Extracting [=========>                                         ]  17.27MB/91.43MB
 803debb29f36 Downloading [==========================================>        ]  294.5MB/343.5MB
 af6a4fc76e12 Downloading [==========================>                        ]  12.29MB/22.87MB
 fcfafa19adef Extracting [==========>                                        ]  18.94MB/91.43MB
 da6d5b2391f4 Downloading [>                                                  ]    1.6MB/88.7MB
 803debb29f36 Downloading [===========================================>       ]  295.6MB/343.5MB
 5fca9f90cdf9 Pull complete 
 af6a4fc76e12 Downloading [============================>                      ]  13.21MB/22.87MB
 da6d5b2391f4 Downloading [=>                                                 ]  2.665MB/88.7MB
 fcfafa19adef Extracting [==========>                                        ]  20.05MB/91.43MB
 af6a4fc76e12 Downloading [==============================>                    ]  14.15MB/22.87MB
 803debb29f36 Downloading [===========================================>       ]  297.2MB/343.5MB
 6f8dada44fff Extracting [==================================================>]  1.226kB/1.226kB
 6f8dada44fff Extracting [==================================================>]  1.226kB/1.226kB
 da6d5b2391f4 Downloading [==>                                                ]  3.738MB/88.7MB
 af6a4fc76e12 Downloading [================================>                  ]  15.06MB/22.87MB
 803debb29f36 Downloading [===========================================>       ]  298.3MB/343.5MB
 da6d5b2391f4 Downloading [==>                                                ]  4.803MB/88.7MB
 af6a4fc76e12 Downloading [==================================>                ]  15.76MB/22.87MB
 fcfafa19adef Extracting [===========>                                       ]  20.61MB/91.43MB
 803debb29f36 Downloading [===========================================>       ]  299.4MB/343.5MB
 da6d5b2391f4 Downloading [===>                                               ]   5.88MB/88.7MB
 af6a4fc76e12 Downloading [====================================>              ]  16.68MB/22.87MB
 83dd93d3dd14 Extracting [=>                                                 ]  327.7kB/14.02MB
 803debb29f36 Downloading [===========================================>       ]  300.4MB/343.5MB
 da6d5b2391f4 Downloading [===>                                               ]  6.958MB/88.7MB
 af6a4fc76e12 Downloading [======================================>            ]  17.61MB/22.87MB
 83dd93d3dd14 Extracting [=====>                                             ]  1.638MB/14.02MB
 803debb29f36 Downloading [===========================================>       ]  301.5MB/343.5MB
 da6d5b2391f4 Downloading [====>                                              ]  8.027MB/88.7MB
 af6a4fc76e12 Downloading [=========================================>         ]  19.02MB/22.87MB
 83dd93d3dd14 Extracting [==============>                                    ]  4.096MB/14.02MB
 803debb29f36 Downloading [============================================>      ]  302.6MB/343.5MB
 da6d5b2391f4 Downloading [=====>                                             ]  9.632MB/88.7MB
 af6a4fc76e12 Downloading [============================================>      ]   20.4MB/22.87MB
 83dd93d3dd14 Extracting [======================>                            ]  6.226MB/14.02MB
 fcfafa19adef Extracting [===========>                                       ]  21.17MB/91.43MB
 803debb29f36 Downloading [============================================>      ]  303.7MB/343.5MB
 af6a4fc76e12 Downloading [===============================================>   ]  21.57MB/22.87MB
 da6d5b2391f4 Downloading [======>                                            ]  10.69MB/88.7MB
 803debb29f36 Downloading [============================================>      ]  305.3MB/343.5MB
 af6a4fc76e12 Downloading [=================================================> ]  22.49MB/22.87MB
 da6d5b2391f4 Downloading [======>                                            ]  11.76MB/88.7MB
 83dd93d3dd14 Extracting [=========================>                         ]  7.045MB/14.02MB
 af6a4fc76e12 Download complete 
 da6d5b2391f4 Downloading [=======>                                           ]  13.36MB/88.7MB
 83dd93d3dd14 Extracting [===========================>                       ]    7.7MB/14.02MB
 803debb29f36 Downloading [============================================>      ]  306.9MB/343.5MB
 fcfafa19adef Extracting [===========>                                       ]  21.73MB/91.43MB
 da6d5b2391f4 Downloading [========>                                          ]  14.96MB/88.7MB
 803debb29f36 Downloading [============================================>      ]  308.5MB/343.5MB
 e3f300fc928f Extracting [>                                                  ]   98.3kB/9.422MB
 83dd93d3dd14 Extracting [=============================>                     ]  8.192MB/14.02MB
 803debb29f36 Downloading [=============================================>     ]  310.1MB/343.5MB
 da6d5b2391f4 Downloading [=========>                                         ]   17.1MB/88.7MB
 83dd93d3dd14 Extracting [==============================>                    ]  8.684MB/14.02MB
 803debb29f36 Downloading [=============================================>     ]  311.7MB/343.5MB
 da6d5b2391f4 Downloading [==========>                                        ]   18.7MB/88.7MB
 fcfafa19adef Extracting [============>                                      ]  22.28MB/91.43MB
 83dd93d3dd14 Extracting [====================================>              ]  10.16MB/14.02MB
 83dd93d3dd14 Extracting [=====================================>             ]  10.65MB/14.02MB
 da6d5b2391f4 Downloading [===========>                                       ]   20.3MB/88.7MB
 803debb29f36 Downloading [=============================================>     ]  313.3MB/343.5MB
 c056af83c75a Downloading [=========================>                         ]     934B/1.862kB
 c056af83c75a Downloading [==================================================>]  1.862kB/1.862kB
 c056af83c75a Download complete 
 da6d5b2391f4 Downloading [============>                                      ]   21.9MB/88.7MB
 803debb29f36 Downloading [=============================================>     ]  314.9MB/343.5MB
 83dd93d3dd14 Extracting [=========================================>         ]  11.63MB/14.02MB
 fcfafa19adef Extracting [=============>                                     ]  25.07MB/91.43MB
 da6d5b2391f4 Downloading [=============>                                     ]  23.51MB/88.7MB
 803debb29f36 Downloading [==============================================>    ]  316.5MB/343.5MB
 803debb29f36 Downloading [==============================================>    ]  318.1MB/343.5MB
 da6d5b2391f4 Downloading [==============>                                    ]  25.13MB/88.7MB
 83dd93d3dd14 Extracting [==========================================>        ]  11.96MB/14.02MB
 fcfafa19adef Extracting [==============>                                    ]  25.62MB/91.43MB
 0cca667c7eaa Pull complete 
 b956856aa990 Downloading [>                                                  ]  10.52kB/982.8kB
 803debb29f36 Downloading [==============================================>    ]  319.7MB/343.5MB
 da6d5b2391f4 Downloading [===============>                                   ]  26.74MB/88.7MB
 b956856aa990 Downloading [=================================================> ]  965.1kB/982.8kB
 b956856aa990 Verifying Checksum 
 b956856aa990 Download complete 
 803debb29f36 Downloading [==============================================>    ]  320.8MB/343.5MB
 fcfafa19adef Extracting [==============>                                    ]  26.18MB/91.43MB
 83dd93d3dd14 Extracting [==============================================>    ]  13.11MB/14.02MB
 da6d5b2391f4 Downloading [===============>                                   ]  28.35MB/88.7MB
 509ee5635ab7 Extracting [>                                                  ]  557.1kB/88.62MB
 fcfafa19adef Extracting [==============>                                    ]   27.3MB/91.43MB
 803debb29f36 Downloading [==============================================>    ]  322.4MB/343.5MB
 83dd93d3dd14 Extracting [================================================>  ]   13.6MB/14.02MB
 da6d5b2391f4 Downloading [================>                                  ]  29.94MB/88.7MB
 e3f300fc928f Extracting [=>                                                 ]  196.6kB/9.422MB
 fcfafa19adef Extracting [===============>                                   ]  28.97MB/91.43MB
 509ee5635ab7 Extracting [=>                                                 ]  2.228MB/88.62MB
 803debb29f36 Downloading [===============================================>   ]    324MB/343.5MB
 da6d5b2391f4 Downloading [=================>                                 ]  31.54MB/88.7MB
 15f68d6d24b4 Extracting [>                                                  ]  196.6kB/19.2MB
 e3f300fc928f Extracting [===>                                               ]  688.1kB/9.422MB
 fcfafa19adef Extracting [================>                                  ]  30.08MB/91.43MB
 509ee5635ab7 Extracting [=>                                                 ]  3.342MB/88.62MB
 d087a09e04a4 Downloading [==================================================>]     802B/802B
 d087a09e04a4 Download complete 
 e3f300fc928f Extracting [=================>                                 ]  3.342MB/9.422MB
 803debb29f36 Downloading [===============================================>   ]  326.1MB/343.5MB
 da6d5b2391f4 Downloading [==================>                                ]  33.67MB/88.7MB
 83dd93d3dd14 Extracting [==================================================>]  14.02MB/14.02MB
 fcfafa19adef Extracting [=================>                                 ]   31.2MB/91.43MB
 509ee5635ab7 Extracting [===>                                               ]  5.571MB/88.62MB
 803debb29f36 Downloading [===============================================>   ]  327.7MB/343.5MB
 da6d5b2391f4 Downloading [===================>                               ]  35.26MB/88.7MB
 fcfafa19adef Extracting [=================>                                 ]  32.87MB/91.43MB
 509ee5635ab7 Extracting [====>                                              ]  7.242MB/88.62MB
 803debb29f36 Downloading [===============================================>   ]  329.4MB/343.5MB
 da6d5b2391f4 Downloading [====================>                              ]  36.85MB/88.7MB
 e3f300fc928f Extracting [============================>                      ]  5.308MB/9.422MB
 fcfafa19adef Extracting [==================>                                ]  34.54MB/91.43MB
 7e7d4e867166 Downloading [>                                                  ]  10.51kB/1000kB
 803debb29f36 Downloading [================================================>  ]    331MB/343.5MB
 da6d5b2391f4 Downloading [=====================>                             ]  38.46MB/88.7MB
 509ee5635ab7 Extracting [====>                                              ]  8.356MB/88.62MB
 6f8dada44fff Pull complete 
 fcfafa19adef Extracting [===================>                               ]  35.65MB/91.43MB
 7e7d4e867166 Downloading [====================>                              ]  409.1kB/1000kB
 e3f300fc928f Extracting [============================>                      ]  5.407MB/9.422MB
 7e7d4e867166 Downloading [==================================================>]   1000kB/1000kB
 7e7d4e867166 Verifying Checksum 
 7e7d4e867166 Download complete 
 803debb29f36 Downloading [================================================>  ]  332.6MB/343.5MB
 da6d5b2391f4 Downloading [======================>                            ]  40.05MB/88.7MB
 e3f300fc928f Extracting [=============================>                     ]  5.603MB/9.422MB
 fcfafa19adef Extracting [====================>                              ]  36.77MB/91.43MB
 509ee5635ab7 Extracting [=====>                                             ]   9.47MB/88.62MB
 803debb29f36 Downloading [================================================>  ]  334.2MB/343.5MB
 da6d5b2391f4 Downloading [=======================>                           ]  41.65MB/88.7MB
 e3f300fc928f Extracting [==============================>                    ]    5.8MB/9.422MB
 fcfafa19adef Extracting [=====================>                             ]  38.44MB/91.43MB
 803debb29f36 Downloading [================================================>  ]  335.8MB/343.5MB
 15f68d6d24b4 Extracting [=>                                                 ]  393.2kB/19.2MB
 da6d5b2391f4 Downloading [========================>                          ]  43.27MB/88.7MB
 4325d0494d4b Downloading [>                                                  ]    123kB/12.12MB
 509ee5635ab7 Extracting [=====>                                             ]  10.03MB/88.62MB
 e3f300fc928f Extracting [================================>                  ]  6.095MB/9.422MB
 15f68d6d24b4 Extracting [=====>                                             ]  1.966MB/19.2MB
 fcfafa19adef Extracting [=====================>                             ]  39.55MB/91.43MB
 803debb29f36 Downloading [=================================================> ]  337.4MB/343.5MB
 da6d5b2391f4 Downloading [=========================>                         ]  44.87MB/88.7MB
 4325d0494d4b Downloading [====>                                              ]  1.036MB/12.12MB
 e3f300fc928f Extracting [================================>                  ]  6.193MB/9.422MB
 15f68d6d24b4 Extracting [========>                                          ]  3.146MB/19.2MB
 fcfafa19adef Extracting [=====================>                             ]  40.11MB/91.43MB
 803debb29f36 Downloading [=================================================> ]  338.5MB/343.5MB
 4325d0494d4b Downloading [========>                                          ]  1.948MB/12.12MB
 da6d5b2391f4 Downloading [=========================>                         ]  45.94MB/88.7MB
 e3f300fc928f Extracting [==================================>                ]  6.488MB/9.422MB
 15f68d6d24b4 Extracting [===========>                                       ]  4.522MB/19.2MB
 509ee5635ab7 Extracting [=====>                                             ]  10.58MB/88.62MB
 4325d0494d4b Downloading [===========>                                       ]   2.87MB/12.12MB
 4325d0494d4b Downloading [============>                                      ]  3.001MB/12.12MB
 15f68d6d24b4 Extracting [==============>                                    ]  5.505MB/19.2MB
 da6d5b2391f4 Downloading [==========================>                        ]  47.01MB/88.7MB
 fcfafa19adef Extracting [======================>                            ]  41.22MB/91.43MB
 803debb29f36 Downloading [=================================================> ]  340.1MB/343.5MB
 803debb29f36 Verifying Checksum 
 803debb29f36 Download complete 
 e3f300fc928f Extracting [==================================>                ]  6.586MB/9.422MB
 4325d0494d4b Downloading [=======================>                           ]  5.602MB/12.12MB
 da6d5b2391f4 Downloading [============================>                      ]  50.74MB/88.7MB
 15f68d6d24b4 Extracting [=================>                                 ]  6.881MB/19.2MB
 509ee5635ab7 Extracting [======>                                            ]  11.14MB/88.62MB
 da6d5b2391f4 Downloading [=============================>                     ]  52.34MB/88.7MB
 4325d0494d4b Downloading [=============================>                     ]  7.162MB/12.12MB
 15f68d6d24b4 Extracting [=======================>                           ]  9.044MB/19.2MB
 fcfafa19adef Extracting [======================>                            ]  41.78MB/91.43MB
 e3f300fc928f Extracting [===================================>               ]  6.685MB/9.422MB
 4325d0494d4b Downloading [=================================>                 ]  8.178MB/12.12MB
 da6d5b2391f4 Downloading [==============================>                    ]  53.41MB/88.7MB
 15f68d6d24b4 Extracting [=================================>                 ]  12.98MB/19.2MB
 509ee5635ab7 Extracting [======>                                            ]  12.26MB/88.62MB
 83dd93d3dd14 Pull complete 
 87d6bacbc6c0 Downloading [=====>                                             ]     934B/8.525kB
 87d6bacbc6c0 Downloading [=============>                                     ]  2.303kB/8.525kB
 87d6bacbc6c0 Downloading [==================================================>]  8.525kB/8.525kB
 87d6bacbc6c0 Verifying Checksum 
 87d6bacbc6c0 Download complete 
 da6d5b2391f4 Downloading [==============================>                    ]  53.95MB/88.7MB
 15f68d6d24b4 Extracting [===================================>               ]  13.57MB/19.2MB
 4325d0494d4b Downloading [==================================>                ]  8.436MB/12.12MB
 e3f300fc928f Extracting [===================================>               ]  6.783MB/9.422MB
 fcfafa19adef Extracting [=======================>                           ]  42.34MB/91.43MB
 4325d0494d4b Verifying Checksum 
 4325d0494d4b Download complete 
 15f68d6d24b4 Extracting [=================================================> ]  19.07MB/19.2MB
 da6d5b2391f4 Downloading [==================================>                ]  60.93MB/88.7MB
 15f68d6d24b4 Extracting [==================================================>]   19.2MB/19.2MB
 e3f300fc928f Extracting [=======================================>           ]  7.471MB/9.422MB
 509ee5635ab7 Extracting [=======>                                           ]  12.81MB/88.62MB
 da6d5b2391f4 Downloading [===================================>               ]   63.6MB/88.7MB
 7a742dd64d12 Downloading [========================>                          ]     934B/1.891kB
 598f4e1c04e2 Downloading [=============================================>     ]     934B/1.016kB
 598f4e1c04e2 Downloading [==================================================>]  1.016kB/1.016kB
 7a742dd64d12 Download complete 
 598f4e1c04e2 Download complete 
 da6d5b2391f4 Downloading [====================================>              ]  64.67MB/88.7MB
 e3f300fc928f Extracting [============================================>      ]  8.356MB/9.422MB
 fcfafa19adef Extracting [=======================>                           ]  42.89MB/91.43MB
 e3f300fc928f Extracting [==================================================>]  9.422MB/9.422MB
 da6d5b2391f4 Downloading [=======================================>           ]  69.49MB/88.7MB
 fcfafa19adef Extracting [========================>                          ]  45.12MB/91.43MB
 da6d5b2391f4 Downloading [========================================>          ]  72.16MB/88.7MB
 fcfafa19adef Extracting [=========================>                         ]  46.79MB/91.43MB
 509ee5635ab7 Extracting [=======>                                           ]  13.37MB/88.62MB
 da6d5b2391f4 Downloading [==========================================>        ]  74.84MB/88.7MB
 46c7635c6fb7 Downloading [==================================================>]     277B/277B
 46c7635c6fb7 Verifying Checksum 
 46c7635c6fb7 Download complete 
 221837824867 Downloading [==================================================>]  1.356kB/1.356kB
 221837824867 Verifying Checksum 
 221837824867 Download complete 
 509ee5635ab7 Extracting [========>                                          ]  14.48MB/88.62MB
 da6d5b2391f4 Downloading [===========================================>       ]  78.05MB/88.7MB
 fcfafa19adef Extracting [=========================>                         ]  47.35MB/91.43MB
 509ee5635ab7 Extracting [========>                                          ]  15.04MB/88.62MB
 919a1e71b68a Downloading [============>                                      ]     934B/3.668kB
 fb497473dc17 Downloading [==================================================>]     363B/363B
 fb497473dc17 Verifying Checksum 
 fb497473dc17 Download complete 
 919a1e71b68a Downloading [===============================>                   ]  2.303kB/3.668kB
 919a1e71b68a Downloading [==================================================>]  3.668kB/3.668kB
 919a1e71b68a Verifying Checksum 
 919a1e71b68a Download complete 
 da6d5b2391f4 Downloading [=============================================>     ]  81.26MB/88.7MB
 fcfafa19adef Extracting [==========================>                        ]  47.91MB/91.43MB
 509ee5635ab7 Extracting [=========>                                         ]  16.15MB/88.62MB
 da6d5b2391f4 Downloading [=================================================> ]  88.23MB/88.7MB
 da6d5b2391f4 Verifying Checksum 
 da6d5b2391f4 Download complete 
 509ee5635ab7 Extracting [=========>                                         ]  16.71MB/88.62MB
 8e89002132fb Extracting [>                                                  ]  557.1kB/235.5MB
 fcfafa19adef Extracting [==========================>                        ]  49.02MB/91.43MB
 192972bd0978 Download complete 
 0fdad042f1e9 Downloading [==================================================>]     335B/335B
 0fdad042f1e9 Verifying Checksum 
 0fdad042f1e9 Download complete 
 8e89002132fb Extracting [==>                                                ]   9.47MB/235.5MB
 fcfafa19adef Extracting [============================>                      ]  51.25MB/91.43MB
 d848265640dd Downloading [==================================================>]     398B/398B
 d848265640dd Download complete 
 509ee5635ab7 Extracting [==========>                                        ]  18.38MB/88.62MB
 fcfafa19adef Extracting [==============================>                    ]  56.26MB/91.43MB
 6a6b346c4dd7 Download complete 
 509ee5635ab7 Extracting [===========>                                       ]  20.61MB/88.62MB
 d79924120685 Downloading [=======>                                           ]  1.369kB/9.276kB
 d79924120685 Downloading [==================================================>]  9.276kB/9.276kB
 d79924120685 Verifying Checksum 
 d79924120685 Download complete 
 fcfafa19adef Extracting [=================================>                 ]  60.72MB/91.43MB
 99963b4ffd8b Downloading [===>                                               ]     933B/12.2kB
 99963b4ffd8b Downloading [==================================================>]   12.2kB/12.2kB
 99963b4ffd8b Verifying Checksum 
 99963b4ffd8b Download complete 
 509ee5635ab7 Extracting [=============>                                     ]  24.51MB/88.62MB
 fcfafa19adef Extracting [==================================>                ]   63.5MB/91.43MB
 8e89002132fb Extracting [===>                                               ]  16.15MB/235.5MB
 509ee5635ab7 Extracting [================>                                  ]  28.41MB/88.62MB
 02f19c300d1a Downloading [==================================================>]     509B/509B
 fcfafa19adef Extracting [=====================================>             ]  68.52MB/91.43MB
 02f19c300d1a Verifying Checksum 
 02f19c300d1a Download complete 
 d59b132bb007 Downloading [==================================================>]     272B/272B
 d59b132bb007 Verifying Checksum 
 d59b132bb007 Download complete 
 8e89002132fb Extracting [=====>                                             ]  24.51MB/235.5MB
 509ee5635ab7 Extracting [=================>                                 ]   31.2MB/88.62MB
 115f008298f4 Downloading [=========>                                         ]     934B/4.935kB
 115f008298f4 Downloading [==================================================>]  4.935kB/4.935kB
 115f008298f4 Verifying Checksum 
 115f008298f4 Download complete 
 6bbafa363cd7 Downloading [==================================================>]     127B/127B
 6bbafa363cd7 Download complete 
 f87fdf314246 Downloading [>                                                  ]  77.69kB/7.445MB
 87862446a133 Downloading [>                                                  ]  15.99kB/1.577MB
 f87fdf314246 Downloading [==>                                                ]  404.9kB/7.445MB
 8e89002132fb Extracting [======>                                            ]  30.64MB/235.5MB
 24b6e9e308bb Extracting [=>                                                 ]  32.77kB/865.8kB
 509ee5635ab7 Extracting [==================>                                ]  32.31MB/88.62MB
 87862446a133 Downloading [===============================>                   ]  1.006MB/1.577MB
 f87fdf314246 Downloading [=============>                                     ]  2.042MB/7.445MB
 8e89002132fb Extracting [=======>                                           ]  36.21MB/235.5MB
 fcfafa19adef Extracting [=======================================>           ]  71.86MB/91.43MB
 509ee5635ab7 Extracting [===================>                               ]  34.54MB/88.62MB
 87862446a133 Verifying Checksum 
 87862446a133 Download complete 
 fcfafa19adef Extracting [========================================>          ]  73.53MB/91.43MB
 f87fdf314246 Downloading [=============================>                     ]  4.414MB/7.445MB
 8e89002132fb Extracting [========>                                          ]  40.11MB/235.5MB
 509ee5635ab7 Extracting [====================>                              ]  36.21MB/88.62MB
 fcfafa19adef Extracting [=========================================>         ]   75.2MB/91.43MB
 32f112e3802c Downloading [>                                                  ]  311.3kB/29.72MB
 f87fdf314246 Downloading [======================================>            ]  5.807MB/7.445MB
 8e89002132fb Extracting [=========>                                         ]  44.56MB/235.5MB
 32f112e3802c Downloading [==>                                                ]  1.245MB/29.72MB
 fcfafa19adef Extracting [=========================================>         ]  76.32MB/91.43MB
 509ee5635ab7 Extracting [=====================>                             ]  37.88MB/88.62MB
 f87fdf314246 Downloading [===============================================>   ]  7.027MB/7.445MB
 8e89002132fb Extracting [==========>                                        ]  48.46MB/235.5MB
 f87fdf314246 Verifying Checksum 
 f87fdf314246 Download complete 
 32f112e3802c Downloading [====>                                              ]  2.798MB/29.72MB
 fcfafa19adef Extracting [==========================================>        ]  77.99MB/91.43MB
 509ee5635ab7 Extracting [======================>                            ]  39.55MB/88.62MB
 8e89002132fb Extracting [===========>                                       ]  54.03MB/235.5MB
 32f112e3802c Downloading [========>                                          ]  5.226MB/29.72MB
 fcfafa19adef Extracting [===========================================>       ]  79.66MB/91.43MB
 509ee5635ab7 Extracting [=======================>                           ]  41.22MB/88.62MB
 3bb924c23a44 Downloading [>                                                  ]  474.7kB/46.25MB
 8e89002132fb Extracting [============>                                      ]  57.93MB/235.5MB
 32f112e3802c Downloading [===========>                                       ]  7.053MB/29.72MB
 fcfafa19adef Extracting [============================================>      ]  81.33MB/91.43MB
 509ee5635ab7 Extracting [=======================>                           ]  42.34MB/88.62MB
 2a325605524d Downloading [>                                                  ]  82.45kB/8.174MB
 32f112e3802c Downloading [============>                                      ]  7.356MB/29.72MB
 3bb924c23a44 Downloading [=>                                                 ]  1.413MB/46.25MB
 8e89002132fb Extracting [============>                                      ]  60.72MB/235.5MB
 fcfafa19adef Extracting [============================================>      ]  81.89MB/91.43MB
 2a325605524d Downloading [========>                                          ]  1.409MB/8.174MB
 fcfafa19adef Extracting [==============================================>    ]  85.23MB/91.43MB
 32f112e3802c Downloading [===============>                                   ]  9.204MB/29.72MB
 3bb924c23a44 Downloading [===>                                               ]  3.277MB/46.25MB
 2a325605524d Downloading [=================>                                 ]  2.834MB/8.174MB
 fcfafa19adef Extracting [===============================================>   ]   86.9MB/91.43MB
 32f112e3802c Downloading [=================>                                 ]  10.42MB/29.72MB
 8e89002132fb Extracting [=============>                                     ]  65.73MB/235.5MB
 2a325605524d Downloading [==========================>                        ]  4.284MB/8.174MB
 509ee5635ab7 Extracting [========================>                          ]  42.89MB/88.62MB
 3bb924c23a44 Downloading [====>                                              ]  3.748MB/46.25MB
 32f112e3802c Downloading [====================>                              ]  11.94MB/29.72MB
 8e89002132fb Extracting [==============>                                    ]  70.19MB/235.5MB
 2a325605524d Downloading [===============================>                   ]   5.14MB/8.174MB
 fcfafa19adef Extracting [=================================================> ]  89.69MB/91.43MB
 509ee5635ab7 Extracting [=========================>                         ]  44.56MB/88.62MB
 32f112e3802c Downloading [======================>                            ]  13.15MB/29.72MB
 8e89002132fb Extracting [===============>                                   ]  74.65MB/235.5MB
 2a325605524d Downloading [=====================================>             ]  6.144MB/8.174MB
 fcfafa19adef Extracting [=================================================> ]  91.36MB/91.43MB
 fcfafa19adef Extracting [==================================================>]  91.43MB/91.43MB
 32f112e3802c Downloading [=======================>                           ]  14.08MB/29.72MB
 8e89002132fb Extracting [================>                                  ]   79.1MB/235.5MB
 2a325605524d Downloading [===========================================>       ]  7.062MB/8.174MB
 3bb924c23a44 Downloading [====>                                              ]  4.211MB/46.25MB
 32f112e3802c Downloading [=========================>                         ]  14.99MB/29.72MB
 8e89002132fb Extracting [=================>                                 ]  84.12MB/235.5MB
 2a325605524d Downloading [=================================================> ]  8.151MB/8.174MB
 2a325605524d Verifying Checksum 
 2a325605524d Download complete 
 32f112e3802c Downloading [==========================>                        ]  15.91MB/29.72MB
 8e89002132fb Extracting [==================>                                ]  88.01MB/235.5MB
 3bb924c23a44 Downloading [=====>                                             ]  4.686MB/46.25MB
 8e89002132fb Extracting [===================>                               ]  94.14MB/235.5MB
 32f112e3802c Downloading [=============================>                     ]  17.42MB/29.72MB
 3bb924c23a44 Downloading [=======>                                           ]  6.558MB/46.25MB
 8e89002132fb Extracting [=====================>                             ]  99.71MB/235.5MB
 32f112e3802c Downloading [==============================>                    ]  18.34MB/29.72MB
 3bb924c23a44 Downloading [========>                                          ]  7.963MB/46.25MB
 8e89002132fb Extracting [======================>                            ]  105.3MB/235.5MB
 32f112e3802c Downloading [=================================>                 ]  20.18MB/29.72MB
 3bb924c23a44 Downloading [==========>                                        ]  9.843MB/46.25MB
 8e89002132fb Extracting [========================>                          ]  113.1MB/235.5MB
 32f112e3802c Downloading [====================================>              ]  21.71MB/29.72MB
 3bb924c23a44 Downloading [===========>                                       ]  10.79MB/46.25MB
 8e89002132fb Extracting [=========================>                         ]  119.8MB/235.5MB
 32f112e3802c Downloading [======================================>            ]  22.93MB/29.72MB
 3bb924c23a44 Downloading [=============>                                     ]  12.67MB/46.25MB
 8e89002132fb Extracting [===========================>                       ]  127.6MB/235.5MB
 32f112e3802c Downloading [=========================================>         ]  24.76MB/29.72MB
 3bb924c23a44 Downloading [===============>                                   ]  14.09MB/46.25MB
 8e89002132fb Extracting [============================>                      ]  134.8MB/235.5MB
 32f112e3802c Downloading [============================================>      ]   26.6MB/29.72MB
 3bb924c23a44 Downloading [=================>                                 ]  15.96MB/46.25MB
 8e89002132fb Extracting [=============================>                     ]  139.8MB/235.5MB
 32f112e3802c Downloading [==============================================>    ]  27.83MB/29.72MB
 8e89002132fb Extracting [===============================>                   ]  147.1MB/235.5MB
 3bb924c23a44 Downloading [===================>                               ]  17.82MB/46.25MB
 32f112e3802c Downloading [=================================================> ]  29.66MB/29.72MB
 32f112e3802c Verifying Checksum 
 32f112e3802c Download complete 
 8e89002132fb Extracting [================================>                  ]  152.6MB/235.5MB
 3bb924c23a44 Downloading [=====================>                             ]  19.69MB/46.25MB
 3bb924c23a44 Downloading [=======================>                           ]  22.05MB/46.25MB
 8e89002132fb Extracting [=================================>                 ]  158.2MB/235.5MB
 509ee5635ab7 Extracting [==========================>                        ]  46.24MB/88.62MB
 3bb924c23a44 Downloading [==========================>                        ]  24.87MB/46.25MB
 8e89002132fb Extracting [==================================>                ]  162.1MB/235.5MB
 e2b6df31d6e6 Downloading [=======>                                           ]  1.369kB/9.454kB
 e2b6df31d6e6 Downloading [==============>                                    ]  2.738kB/9.454kB
 e2b6df31d6e6 Downloading [==================================================>]  9.454kB/9.454kB
 e2b6df31d6e6 Verifying Checksum 
 e2b6df31d6e6 Download complete 
 3bb924c23a44 Downloading [============================>                      ]  26.28MB/46.25MB
 8e89002132fb Extracting [==================================>                ]  163.8MB/235.5MB
 630289efdde3 Downloading [>                                                  ]  327.7kB/31.18MB
 8e89002132fb Extracting [===================================>               ]  168.8MB/235.5MB
 630289efdde3 Downloading [====>                                              ]  2.601MB/31.18MB
 3bb924c23a44 Downloading [=================================>                 ]  30.98MB/46.25MB
 8e89002132fb Extracting [====================================>              ]  173.8MB/235.5MB
 630289efdde3 Downloading [=======>                                           ]  4.555MB/31.18MB
 8e89002132fb Extracting [=====================================>             ]  177.1MB/235.5MB
 2075556302e0 Downloading [==================================================>]     189B/189B
 2075556302e0 Verifying Checksum 
 2075556302e0 Download complete 
 8e89002132fb Extracting [======================================>            ]  179.4MB/235.5MB
 630289efdde3 Downloading [==========>                                        ]  6.492MB/31.18MB
 8e89002132fb Extracting [=======================================>           ]  184.4MB/235.5MB
 630289efdde3 Downloading [=============>                                     ]  8.413MB/31.18MB
 8e89002132fb Extracting [========================================>          ]  190.5MB/235.5MB
 630289efdde3 Downloading [=================>                                 ]  10.99MB/31.18MB
 8e89002132fb Extracting [=========================================>         ]  196.6MB/235.5MB
 630289efdde3 Downloading [=====================>                             ]  13.23MB/31.18MB
 8e89002132fb Extracting [==========================================>        ]  201.7MB/235.5MB
 630289efdde3 Downloading [========================>                          ]  15.46MB/31.18MB
 7ffa9188421a Downloading [==================================================>]     109B/109B
 7ffa9188421a Download complete 
 8e89002132fb Extracting [============================================>      ]  207.8MB/235.5MB
 630289efdde3 Downloading [=============================>                     ]  18.33MB/31.18MB
 8e89002132fb Extracting [=============================================>     ]    215MB/235.5MB
 630289efdde3 Downloading [==================================>                ]  21.21MB/31.18MB
 8e89002132fb Extracting [===============================================>   ]  221.7MB/235.5MB
 3bb924c23a44 Downloading [==================================>                ]  31.91MB/46.25MB
 630289efdde3 Downloading [=====================================>             ]  23.45MB/31.18MB
 8e89002132fb Extracting [===============================================>   ]  225.6MB/235.5MB
 630289efdde3 Downloading [========================================>          ]  25.37MB/31.18MB
 32f112e3802c Extracting [>                                                  ]  327.7kB/29.72MB
 721d203bc179 Downloading [==================================================>]     615B/615B
 721d203bc179 Verifying Checksum 
 721d203bc179 Download complete 
 3bb924c23a44 Downloading [=====================================>             ]  34.72MB/46.25MB
 8e89002132fb Extracting [=================================================> ]  231.2MB/235.5MB
 32f112e3802c Extracting [===>                                               ]  1.966MB/29.72MB
 630289efdde3 Downloading [===========================================>       ]  26.97MB/31.18MB
 3bb924c23a44 Downloading [=======================================>           ]  36.14MB/46.25MB
 8e89002132fb Extracting [==================================================>]  235.5MB/235.5MB
 509ee5635ab7 Extracting [==========================>                        ]  46.79MB/88.62MB
 630289efdde3 Downloading [==============================================>    ]  28.91MB/31.18MB
 32f112e3802c Extracting [====>                                              ]  2.949MB/29.72MB
 3bb924c23a44 Downloading [========================================>          ]  37.08MB/46.25MB
 630289efdde3 Downloading [================================================>  ]  30.54MB/31.18MB
 3bb924c23a44 Downloading [=========================================>         ]  38.49MB/46.25MB
 32f112e3802c Extracting [=======>                                           ]   4.26MB/29.72MB
 630289efdde3 Downloading [==================================================>]  31.18MB/31.18MB
 630289efdde3 Verifying Checksum 
 630289efdde3 Download complete 
 bbbeb4a4152c Downloading [==================================================>]     831B/831B
 bbbeb4a4152c Verifying Checksum 
 bbbeb4a4152c Download complete 
 3bb924c23a44 Downloading [============================================>      ]   41.3MB/46.25MB
 32f112e3802c Extracting [==========>                                        ]  6.226MB/29.72MB
 15f68d6d24b4 Pull complete 
 3bb924c23a44 Downloading [================================================>  ]  44.59MB/46.25MB
 3bb924c23a44 Verifying Checksum 
 3bb924c23a44 Download complete 
 32f112e3802c Extracting [===========>                                       ]  6.881MB/29.72MB
 24b6e9e308bb Extracting [===========>                                       ]  196.6kB/865.8kB
 a80fce81716e Downloading [>                                                  ]    127kB/12.47MB
 7cf63256a31a Downloading [>                                                  ]  294.9kB/28.22MB
 24b6e9e308bb Extracting [==================================================>]  865.8kB/865.8kB
 24b6e9e308bb Extracting [==================================================>]  865.8kB/865.8kB
 7cf63256a31a Downloading [===>                                               ]  1.764MB/28.22MB
 a80fce81716e Downloading [======>                                            ]  1.573MB/12.47MB
 32f112e3802c Extracting [=============>                                     ]  7.864MB/29.72MB
 a80fce81716e Downloading [============>                                      ]  3.162MB/12.47MB
 7cf63256a31a Downloading [=====>                                             ]   3.23MB/28.22MB
 32f112e3802c Extracting [=============>                                     ]  8.192MB/29.72MB
 509ee5635ab7 Extracting [==========================>                        ]  47.35MB/88.62MB
 7cf63256a31a Downloading [========>                                          ]  4.688MB/28.22MB
 a80fce81716e Downloading [==================>                                ]  4.489MB/12.47MB
 32f112e3802c Extracting [==============>                                    ]  8.847MB/29.72MB
 a80fce81716e Downloading [=======================>                           ]  5.825MB/12.47MB
 7cf63256a31a Downloading [==========>                                        ]  6.155MB/28.22MB
 87cebe46a2f9 Downloading [==============>                                    ]     933B/3.315kB
 87cebe46a2f9 Downloading [==================================================>]  3.315kB/3.315kB
 87cebe46a2f9 Verifying Checksum 
 87cebe46a2f9 Download complete 
 e3f300fc928f Pull complete 
 a80fce81716e Downloading [=============================>                     ]  7.274MB/12.47MB
 7cf63256a31a Downloading [=============>                                     ]  7.621MB/28.22MB
 32f112e3802c Extracting [=================>                                 ]  10.16MB/29.72MB
 c57f7b28229f Extracting [==================================================>]  9.204kB/9.204kB
 c57f7b28229f Extracting [==================================================>]  9.204kB/9.204kB
 7cf63256a31a Downloading [================>                                  ]  9.059MB/28.22MB
 a80fce81716e Downloading [==================================>                ]  8.724MB/12.47MB
 32f112e3802c Extracting [====================>                              ]  12.12MB/29.72MB
 a80fce81716e Downloading [==========================================>        ]  10.58MB/12.47MB
 7cf63256a31a Downloading [==================>                                ]  10.53MB/28.22MB
 32f112e3802c Extracting [=======================>                           ]  13.76MB/29.72MB
 509ee5635ab7 Extracting [===========================>                       ]  47.91MB/88.62MB
 7cf63256a31a Downloading [====================>                              ]   11.4MB/28.22MB
 a80fce81716e Downloading [===============================================>   ]  11.91MB/12.47MB
 32f112e3802c Extracting [=========================>                         ]  15.07MB/29.72MB
 a80fce81716e Verifying Checksum 
 a80fce81716e Download complete 
 7cf63256a31a Downloading [=======================>                           ]  13.14MB/28.22MB
 be5cba3f61a8 Downloading [>                                                  ]  409.1kB/40.85MB
 32f112e3802c Extracting [============================>                      ]  17.04MB/29.72MB
 7cf63256a31a Downloading [=========================>                         ]  14.58MB/28.22MB
 be5cba3f61a8 Downloading [==>                                                ]  1.665MB/40.85MB
 32f112e3802c Extracting [===============================>                   ]  18.68MB/29.72MB
 7cf63256a31a Downloading [============================>                      ]  16.02MB/28.22MB
 32f112e3802c Extracting [==================================>                ]  20.32MB/29.72MB
 be5cba3f61a8 Downloading [====>                                              ]  3.324MB/40.85MB
 509ee5635ab7 Extracting [===========================>                       ]  48.46MB/88.62MB
 4e92bbed68b7 Downloading [>                                                  ]  17.36kB/1.712MB
 be5cba3f61a8 Downloading [====>                                              ]  3.734MB/40.85MB
 7cf63256a31a Downloading [=============================>                     ]  16.61MB/28.22MB
 32f112e3802c Extracting [==================================>                ]  20.64MB/29.72MB
 4e92bbed68b7 Downloading [===============>                                   ]    536kB/1.712MB
 32f112e3802c Extracting [=====================================>             ]  22.28MB/29.72MB
 7cf63256a31a Downloading [================================>                  ]  18.36MB/28.22MB
 be5cba3f61a8 Downloading [======>                                            ]  5.401MB/40.85MB
 4e92bbed68b7 Downloading [=============================================>     ]  1.563MB/1.712MB
 32f112e3802c Extracting [========================================>          ]  24.25MB/29.72MB
 4e92bbed68b7 Downloading [==================================================>]  1.712MB/1.712MB
 4e92bbed68b7 Download complete 
 7cf63256a31a Downloading [==================================>                ]  19.53MB/28.22MB
 be5cba3f61a8 Downloading [========>                                          ]  6.658MB/40.85MB
 be5cba3f61a8 Downloading [===========>                                       ]  9.157MB/40.85MB
 be5cba3f61a8 Downloading [==============>                                    ]  12.04MB/40.85MB
 be5cba3f61a8 Downloading [=================>                                 ]   14.5MB/40.85MB
 7cf63256a31a Downloading [===================================>               ]  19.82MB/28.22MB
 be5cba3f61a8 Downloading [====================>                              ]  16.57MB/40.85MB
 fcfafa19adef Pull complete 
 32f112e3802c Extracting [=========================================>         ]  24.58MB/29.72MB
 7cf63256a31a Downloading [===========================================>       ]  24.74MB/28.22MB
 be5cba3f61a8 Downloading [======================>                            ]  18.23MB/40.85MB
 32f112e3802c Extracting [==========================================>        ]  25.23MB/29.72MB
 7cf63256a31a Downloading [==============================================>    ]   26.2MB/28.22MB
 dafd5988e10b Downloading [==================================================>]     448B/448B
 dafd5988e10b Verifying Checksum 
 dafd5988e10b Download complete 
 be5cba3f61a8 Downloading [=======================>                           ]  19.46MB/40.85MB
 7cf63256a31a Downloading [=================================================> ]  27.94MB/28.22MB
 7cf63256a31a Download complete 
 be5cba3f61a8 Downloading [=========================>                         ]  21.12MB/40.85MB
 be5cba3f61a8 Downloading [============================>                      ]  23.59MB/40.85MB
 be5cba3f61a8 Downloading [================================>                  ]   26.9MB/40.85MB
 5915a2307275 Downloading [>                                                  ]  36.35kB/3.507MB
 5915a2307275 Downloading [======>                                            ]  465.3kB/3.507MB
 be5cba3f61a8 Downloading [===================================>               ]  28.96MB/40.85MB
 be0fb269c172 Downloading [==================================================>]     133B/133B
 5915a2307275 Downloading [===================>                               ]  1.342MB/3.507MB
 be0fb269c172 Verifying Checksum 
 be0fb269c172 Download complete 
 be5cba3f61a8 Downloading [====================================>              ]  29.78MB/40.85MB
 0878adb31cc0 Extracting [==================================================>]      93B/93B
 0878adb31cc0 Extracting [==================================================>]      93B/93B
 5915a2307275 Downloading [==================================================>]  3.507MB/3.507MB
 5915a2307275 Verifying Checksum 
 5915a2307275 Download complete 
 be5cba3f61a8 Downloading [==========================================>        ]  34.75MB/40.85MB
 32f112e3802c Extracting [==========================================>        ]  25.56MB/29.72MB
 be5cba3f61a8 Downloading [=============================================>     ]  37.24MB/40.85MB
 32f112e3802c Extracting [============================================>      ]  26.54MB/29.72MB
 be5cba3f61a8 Downloading [================================================>  ]  39.71MB/40.85MB
 d3af41f674df Downloading [=>                                                 ]  2.302kB/93.82kB
 be5cba3f61a8 Verifying Checksum 
 be5cba3f61a8 Download complete 
 d3af41f674df Downloading [==================================================>]  93.82kB/93.82kB
 d3af41f674df Download complete 
 abf40e7ab36b Downloading [>                                                  ]  245.2kB/23.05MB
 abf40e7ab36b Downloading [=====>                                             ]  2.423MB/23.05MB
 32f112e3802c Extracting [==============================================>    ]  27.85MB/29.72MB
 509ee5635ab7 Extracting [===========================>                       ]  49.02MB/88.62MB
 abf40e7ab36b Downloading [==========>                                        ]  4.848MB/23.05MB
 abf40e7ab36b Downloading [===============>                                   ]  7.269MB/23.05MB
 509ee5635ab7 Extracting [============================>                      ]  50.14MB/88.62MB
 32f112e3802c Extracting [===============================================>   ]  28.18MB/29.72MB
 d6bf9fe0041c Downloading [======================================>            ]     934B/1.218kB
 d6bf9fe0041c Downloading [==================================================>]  1.218kB/1.218kB
 d6bf9fe0041c Download complete 
 abf40e7ab36b Downloading [==================>                                ]  8.473MB/23.05MB
 509ee5635ab7 Extracting [=============================>                     ]  52.92MB/88.62MB
 32f112e3802c Extracting [===============================================>   ]  28.51MB/29.72MB
 59e22667830b Downloading [>                                                  ]  294.9kB/28.23MB
 563069fa03b4 Downloading [==================================================>]  1.097kB/1.097kB
 563069fa03b4 Download complete 
 509ee5635ab7 Extracting [==============================>                    ]  54.59MB/88.62MB
 abf40e7ab36b Downloading [====================>                              ]  9.669MB/23.05MB
 59e22667830b Downloading [=>                                                 ]  589.8kB/28.23MB
 32f112e3802c Extracting [================================================>  ]  28.84MB/29.72MB
 59e22667830b Downloading [=======>                                           ]  4.329MB/28.23MB
 509ee5635ab7 Extracting [================================>                  ]  57.38MB/88.62MB
 abf40e7ab36b Downloading [==========================>                        ]  12.07MB/23.05MB
 7cf63256a31a Extracting [>                                                  ]  294.9kB/28.22MB
 8e89002132fb Pull complete 
 24b6e9e308bb Pull complete 
 59e22667830b Downloading [=========>                                         ]  5.509MB/28.23MB
 509ee5635ab7 Extracting [=================================>                 ]   59.6MB/88.62MB
 59e22667830b Downloading [===========>                                       ]  6.685MB/28.23MB
 8e77f09be314 Extracting [==================================================>]      93B/93B
 8e77f09be314 Extracting [==================================================>]      93B/93B
 509ee5635ab7 Extracting [===================================>               ]  62.39MB/88.62MB
 32f112e3802c Extracting [=================================================> ]  29.16MB/29.72MB
 abf40e7ab36b Downloading [=============================>                     ]  13.52MB/23.05MB
 7cf63256a31a Extracting [=>                                                 ]  884.7kB/28.22MB
 abf40e7ab36b Downloading [================================>                  ]   15.2MB/23.05MB
 7cf63256a31a Extracting [===>                                               ]  2.064MB/28.22MB
 49031c033a72 Downloading [==================================================>]     874B/874B
 49031c033a72 Verifying Checksum 
 49031c033a72 Download complete 
 59e22667830b Downloading [=============>                                     ]  7.848MB/28.23MB
 abf40e7ab36b Downloading [====================================>              ]  16.62MB/23.05MB
 509ee5635ab7 Extracting [====================================>              ]  65.18MB/88.62MB
 7cf63256a31a Extracting [=====>                                             ]  3.244MB/28.22MB
 abf40e7ab36b Downloading [======================================>            ]  17.79MB/23.05MB
 59e22667830b Downloading [================>                                  ]  9.302MB/28.23MB
 7cf63256a31a Extracting [=======>                                           ]  4.129MB/28.22MB
 509ee5635ab7 Extracting [======================================>            ]   67.4MB/88.62MB
 abf40e7ab36b Downloading [=========================================>         ]  19.23MB/23.05MB
 59e22667830b Downloading [===================>                               ]  11.05MB/28.23MB
 7cf63256a31a Extracting [=========>                                         ]  5.308MB/28.22MB
 509ee5635ab7 Extracting [=======================================>           ]  70.19MB/88.62MB
 abf40e7ab36b Downloading [============================================>      ]  20.66MB/23.05MB
 59e22667830b Downloading [======================>                            ]  12.49MB/28.23MB
 509ee5635ab7 Extracting [========================================>          ]  72.42MB/88.62MB
 7cf63256a31a Extracting [============>                                      ]  6.783MB/28.22MB
 59e22667830b Downloading [========================>                          ]  13.66MB/28.23MB
 509ee5635ab7 Extracting [=========================================>         ]  73.53MB/88.62MB
 abf40e7ab36b Downloading [===============================================>   ]  21.88MB/23.05MB
 7cf63256a31a Extracting [============>                                      ]  7.078MB/28.22MB
 abf40e7ab36b Verifying Checksum 
 abf40e7ab36b Download complete 
 59e22667830b Downloading [===========================>                       ]  15.71MB/28.23MB
 7cf63256a31a Extracting [==============>                                    ]  8.258MB/28.22MB
 509ee5635ab7 Extracting [==========================================>        ]  75.76MB/88.62MB
 c645e9c24a26 Downloading [>                                                  ]  213.5kB/21.27MB
 59e22667830b Downloading [===============================>                   ]  17.74MB/28.23MB
 7cf63256a31a Extracting [===============>                                   ]  8.847MB/28.22MB
 509ee5635ab7 Extracting [============================================>      ]  77.99MB/88.62MB
 32f112e3802c Extracting [=================================================> ]  29.49MB/29.72MB
 c645e9c24a26 Downloading [===>                                               ]  1.307MB/21.27MB
 59e22667830b Downloading [==================================>                ]  19.75MB/28.23MB
 509ee5635ab7 Extracting [=============================================>     ]  80.22MB/88.62MB
 7cf63256a31a Extracting [================>                                  ]  9.142MB/28.22MB
 59e22667830b Downloading [======================================>            ]  21.51MB/28.23MB
 c645e9c24a26 Downloading [=====>                                             ]  2.388MB/21.27MB
 509ee5635ab7 Extracting [==============================================>    ]  82.44MB/88.62MB
 ab52a92c7961 Downloading [==================================================>]      97B/97B
 ab52a92c7961 Verifying Checksum 
 ab52a92c7961 Download complete 
 c645e9c24a26 Downloading [=======>                                           ]   3.26MB/21.27MB
 59e22667830b Downloading [========================================>          ]  22.95MB/28.23MB
 509ee5635ab7 Extracting [===============================================>   ]  83.56MB/88.62MB
 7cf63256a31a Extracting [================>                                  ]  9.437MB/28.22MB
 c645e9c24a26 Downloading [=============>                                     ]  5.669MB/21.27MB
 7cf63256a31a Extracting [=================>                                 ]  10.03MB/28.22MB
 59e22667830b Downloading [===========================================>       ]  24.69MB/28.23MB
 509ee5635ab7 Extracting [================================================>  ]  86.34MB/88.62MB
 32f112e3802c Extracting [==================================================>]  29.72MB/29.72MB
 c645e9c24a26 Downloading [===============>                                   ]   6.75MB/21.27MB
 a287ee838830 Extracting [==================================================>]      93B/93B
 a287ee838830 Extracting [==================================================>]      93B/93B
 59e22667830b Downloading [==============================================>    ]  26.13MB/28.23MB
 7cf63256a31a Extracting [==================>                                ]  10.62MB/28.22MB
 c645e9c24a26 Downloading [===================>                               ]  8.266MB/21.27MB
 59e22667830b Downloading [================================================>  ]   27.3MB/28.23MB
 4f4fb700ef54 Downloading [==================================================>]      32B/32B
 4f4fb700ef54 Verifying Checksum 
 4f4fb700ef54 Download complete 
 59e22667830b Verifying Checksum 
 59e22667830b Download complete 
 7cf63256a31a Extracting [===================>                               ]  11.21MB/28.22MB
 c645e9c24a26 Downloading [========================>                          ]  10.22MB/21.27MB
 c57f7b28229f Pull complete 
 c645e9c24a26 Downloading [============================>                      ]  11.96MB/21.27MB
 7cf63256a31a Extracting [======================>                            ]  12.98MB/28.22MB
 c645e9c24a26 Downloading [=========================================>         ]  17.61MB/21.27MB
 7cf63256a31a Extracting [===========================>                       ]  15.34MB/28.22MB
 59e22667830b Extracting [>                                                  ]  294.9kB/28.23MB
 c645e9c24a26 Downloading [================================================>  ]  20.43MB/21.27MB
 7cf63256a31a Extracting [==============================>                    ]   17.4MB/28.22MB
 550e4087f9e6 Downloading [========================>                          ]  1.049kB/2.107kB
 550e4087f9e6 Downloading [==================================================>]  2.107kB/2.107kB
 550e4087f9e6 Verifying Checksum 
 550e4087f9e6 Download complete 
 59e22667830b Extracting [==>                                                ]   1.18MB/28.23MB
 c645e9c24a26 Verifying Checksum 
 c645e9c24a26 Download complete 
 2e028960d368 Downloading [>                                                  ]  486.9kB/47.53MB
 7cf63256a31a Extracting [=================================>                 ]  19.17MB/28.22MB
 0878adb31cc0 Pull complete 
 59e22667830b Extracting [====>                                              ]  2.359MB/28.23MB
 2e028960d368 Downloading [==>                                                ]  2.411MB/47.53MB
 842fd6281a5f Extracting [==================================================>]     170B/170B
 842fd6281a5f Extracting [==================================================>]     170B/170B
 7cf63256a31a Extracting [===================================>               ]  19.76MB/28.22MB
 2e028960d368 Downloading [=====>                                             ]  5.323MB/47.53MB
 59e22667830b Extracting [====>                                              ]  2.654MB/28.23MB
 509ee5635ab7 Extracting [=================================================> ]  88.57MB/88.62MB
 509ee5635ab7 Extracting [==================================================>]  88.62MB/88.62MB
 7cf63256a31a Extracting [=====================================>             ]  20.94MB/28.22MB
 59e22667830b Extracting [======>                                            ]  3.539MB/28.23MB
 2e028960d368 Downloading [========>                                          ]  8.219MB/47.53MB
 59e22667830b Extracting [========>                                          ]  5.014MB/28.23MB
 7cf63256a31a Extracting [=======================================>           ]  22.12MB/28.22MB
 3c06cd7325ad Downloading [==================================================>]     180B/180B
 3c06cd7325ad Verifying Checksum 
 3c06cd7325ad Download complete 
 2e028960d368 Downloading [===========>                                       ]  11.14MB/47.53MB
 59e22667830b Extracting [==========>                                        ]  6.193MB/28.23MB
 clamav Pulled 
 6e829fdb373b Downloading [>                                                  ]  526.8kB/52.38MB
 2e028960d368 Downloading [==============>                                    ]  13.58MB/47.53MB
 7cf63256a31a Extracting [=========================================>         ]   23.3MB/28.22MB
 59e22667830b Extracting [=============>                                     ]  7.373MB/28.23MB
 2e028960d368 Downloading [===============>                                   ]  15.04MB/47.53MB
 6e829fdb373b Downloading [==>                                                ]  2.112MB/52.38MB
 59e22667830b Extracting [===============>                                   ]  8.552MB/28.23MB
 2e028960d368 Downloading [================>                                  ]  16.01MB/47.53MB
 6e829fdb373b Downloading [===>                                               ]  3.185MB/52.38MB
 2e028960d368 Downloading [==================>                                ]  17.46MB/47.53MB
 6e829fdb373b Downloading [====>                                              ]  4.783MB/52.38MB
 59e22667830b Extracting [================>                                  ]  9.142MB/28.23MB
 6e829fdb373b Downloading [=====>                                             ]  5.847MB/52.38MB
 2e028960d368 Downloading [===================>                               ]  18.92MB/47.53MB
 59e22667830b Extracting [================>                                  ]  9.437MB/28.23MB
 2e028960d368 Downloading [====================>                              ]  19.88MB/47.53MB
 6e829fdb373b Downloading [======>                                            ]  6.904MB/52.38MB
 59e22667830b Extracting [=================>                                 ]  10.03MB/28.23MB
 2e028960d368 Downloading [=====================>                             ]  20.86MB/47.53MB
 6e829fdb373b Downloading [=======>                                           ]  7.961MB/52.38MB
 59e22667830b Extracting [==================>                                ]  10.62MB/28.23MB
 2e028960d368 Downloading [======================>                            ]  21.84MB/47.53MB
 7cf63256a31a Extracting [==========================================>        ]  23.89MB/28.22MB
 6e829fdb373b Downloading [=========>                                         ]  9.546MB/52.38MB
 8e77f09be314 Pull complete 
 83f8df266756 Extracting [>                                                  ]   98.3kB/9.349MB
 2e028960d368 Downloading [========================>                          ]  23.28MB/47.53MB
 59e22667830b Extracting [===================>                               ]  11.21MB/28.23MB
 7cf63256a31a Extracting [==========================================>        ]  24.18MB/28.22MB
 5bae82939a32 Downloading [>                                                  ]    536kB/200MB
 6e829fdb373b Downloading [==========>                                        ]  11.12MB/52.38MB
 2e028960d368 Downloading [==========================>                        ]  24.73MB/47.53MB
 59e22667830b Extracting [======================>                            ]  12.68MB/28.23MB
 7cf63256a31a Extracting [============================================>      ]  25.36MB/28.22MB
 6e829fdb373b Downloading [============>                                      ]  12.71MB/52.38MB
 2e028960d368 Downloading [===========================>                       ]  26.18MB/47.53MB
 59e22667830b Extracting [=========================>                         ]  14.45MB/28.23MB
 7cf63256a31a Extracting [===============================================>   ]  26.54MB/28.22MB
 2e028960d368 Downloading [============================>                      ]  27.15MB/47.53MB
 6e829fdb373b Downloading [=============>                                     ]  13.77MB/52.38MB
 59e22667830b Extracting [===========================>                       ]  15.34MB/28.23MB
 5bae82939a32 Downloading [>                                                  ]  1.063MB/200MB
 2e028960d368 Downloading [=============================>                     ]  27.64MB/47.53MB
 59e22667830b Extracting [===========================>                       ]  15.63MB/28.23MB
 32f112e3802c Pull complete 
 6e829fdb373b Downloading [==============>                                    ]  14.84MB/52.38MB
 5bae82939a32 Downloading [>                                                  ]  1.604MB/200MB
 59e22667830b Extracting [==============================>                    ]   17.4MB/28.23MB
 2e028960d368 Downloading [==============================>                    ]  29.11MB/47.53MB
 6e829fdb373b Downloading [===============>                                   ]  15.89MB/52.38MB
 59e22667830b Extracting [=================================>                 ]  19.17MB/28.23MB
 5bae82939a32 Downloading [>                                                  ]  2.665MB/200MB
 7cf63256a31a Extracting [===============================================>   ]  26.84MB/28.22MB
 2e028960d368 Downloading [===============================>                   ]  30.08MB/47.53MB
 6e829fdb373b Downloading [================>                                  ]  16.95MB/52.38MB
 59e22667830b Extracting [==================================>                ]  19.76MB/28.23MB
 2e028960d368 Downloading [================================>                  ]  30.57MB/47.53MB
 6e829fdb373b Downloading [================>                                  ]  17.48MB/52.38MB
 5bae82939a32 Downloading [>                                                  ]  3.738MB/200MB
 59e22667830b Extracting [====================================>              ]  20.64MB/28.23MB
 99d836164c84 Extracting [=======>                                           ]  32.77kB/212.6kB
 6e829fdb373b Downloading [=================>                                 ]  18.01MB/52.38MB
 5bae82939a32 Downloading [=>                                                 ]  4.275MB/200MB
 2e028960d368 Downloading [=================================>                 ]  31.55MB/47.53MB
 59e22667830b Extracting [======================================>            ]  21.82MB/28.23MB
 59e22667830b Extracting [========================================>          ]     23MB/28.23MB
 6e829fdb373b Downloading [==================>                                ]   19.6MB/52.38MB
 2e028960d368 Downloading [==================================>                ]  33.03MB/47.53MB
 5bae82939a32 Downloading [=>                                                 ]   5.88MB/200MB
 7cf63256a31a Extracting [================================================>  ]  27.13MB/28.22MB
 59e22667830b Extracting [=========================================>         ]   23.3MB/28.23MB
 5bae82939a32 Downloading [=>                                                 ]  6.413MB/200MB
 509ee5635ab7 Pull complete 
 2e028960d368 Downloading [===================================>               ]  34.01MB/47.53MB
 6e829fdb373b Downloading [===================>                               ]  20.66MB/52.38MB
 83f8df266756 Extracting [=>                                                 ]  294.9kB/9.349MB
 5bae82939a32 Downloading [=>                                                 ]  7.486MB/200MB
 83f8df266756 Extracting [=====>                                             ]  1.081MB/9.349MB
 2e028960d368 Downloading [====================================>              ]  34.98MB/47.53MB
 a287ee838830 Pull complete 
 6e829fdb373b Downloading [====================>                              ]  21.72MB/52.38MB
 5bae82939a32 Downloading [==>                                                ]  8.567MB/200MB
 2e028960d368 Downloading [=====================================>             ]  35.96MB/47.53MB
 83f8df266756 Extracting [======>                                            ]   1.18MB/9.349MB
 6e829fdb373b Downloading [=====================>                             ]  22.78MB/52.38MB
 2e028960d368 Downloading [======================================>            ]  36.94MB/47.53MB
 83f8df266756 Extracting [========>                                          ]  1.671MB/9.349MB
 6e829fdb373b Downloading [======================>                            ]  23.84MB/52.38MB
 5bae82939a32 Downloading [==>                                                ]  10.17MB/200MB
 2e028960d368 Downloading [=======================================>           ]  37.91MB/47.53MB
 83f8df266756 Extracting [=================>                                 ]  3.244MB/9.349MB
 2e028960d368 Downloading [========================================>          ]   38.4MB/47.53MB
 83f8df266756 Extracting [===========================>                       ]   5.21MB/9.349MB
 6e829fdb373b Downloading [=======================>                           ]   24.9MB/52.38MB
 5bae82939a32 Downloading [==>                                                ]  11.23MB/200MB
 83f8df266756 Extracting [=============================================>     ]  8.552MB/9.349MB
 2e028960d368 Downloading [=========================================>         ]  39.38MB/47.53MB
 6e829fdb373b Downloading [========================>                          ]  25.96MB/52.38MB
 59e22667830b Extracting [==========================================>        ]  23.89MB/28.23MB
 99d836164c84 Extracting [==============================================>    ]  196.6kB/212.6kB
 83f8df266756 Extracting [==================================================>]  9.349MB/9.349MB
 99d836164c84 Extracting [==================================================>]  212.6kB/212.6kB
 99d836164c84 Extracting [==================================================>]  212.6kB/212.6kB
 5bae82939a32 Downloading [===>                                               ]  12.83MB/200MB
 2e028960d368 Downloading [==========================================>        ]  40.36MB/47.53MB
 59e22667830b Extracting [===========================================>       ]  24.48MB/28.23MB
 6e829fdb373b Downloading [=========================>                         ]  27.02MB/52.38MB
 5bae82939a32 Downloading [===>                                               ]   13.9MB/200MB
 2e028960d368 Downloading [===========================================>       ]  41.33MB/47.53MB
 59e22667830b Extracting [============================================>      ]  25.36MB/28.23MB
 842fd6281a5f Pull complete 
 6e829fdb373b Downloading [==========================>                        ]  28.08MB/52.38MB
 5bae82939a32 Downloading [===>                                               ]  14.97MB/200MB
 59e22667830b Extracting [=============================================>     ]  25.95MB/28.23MB
 6e829fdb373b Downloading [===========================>                       ]  28.62MB/52.38MB
 2e028960d368 Downloading [============================================>      ]   42.3MB/47.53MB
 7cf63256a31a Extracting [================================================>  ]  27.43MB/28.22MB
 5bae82939a32 Downloading [====>                                              ]  16.03MB/200MB
 6e829fdb373b Downloading [============================>                      ]  29.69MB/52.38MB
 2e028960d368 Downloading [==============================================>    ]  43.76MB/47.53MB
 5bae82939a32 Downloading [====>                                              ]   17.1MB/200MB
 6e829fdb373b Downloading [=============================>                     ]  30.75MB/52.38MB
 2e028960d368 Downloading [===============================================>   ]  44.74MB/47.53MB
 7cf63256a31a Extracting [=================================================> ]  28.02MB/28.22MB
 6e829fdb373b Downloading [==============================>                    ]   31.8MB/52.38MB
 5bae82939a32 Downloading [====>                                              ]  18.16MB/200MB
 59e22667830b Extracting [===============================================>   ]  26.84MB/28.23MB
 2e028960d368 Downloading [================================================>  ]  46.19MB/47.53MB
 6e829fdb373b Downloading [===============================>                   ]  32.86MB/52.38MB
 5bae82939a32 Downloading [====>                                              ]  19.23MB/200MB
 2e028960d368 Downloading [=================================================> ]  47.18MB/47.53MB
 b7ff0b002068 Extracting [==================================================>]  1.569kB/1.569kB
 b7ff0b002068 Extracting [==================================================>]  1.569kB/1.569kB
 7cf63256a31a Extracting [==================================================>]  28.22MB/28.22MB
 2e028960d368 Verifying Checksum 
 2e028960d368 Download complete 
 3bb924c23a44 Extracting [>                                                  ]  491.5kB/46.25MB
 6e829fdb373b Downloading [================================>                  ]  33.92MB/52.38MB
 5bae82939a32 Downloading [=====>                                             ]   20.3MB/200MB
 3bb924c23a44 Extracting [=>                                                 ]  1.475MB/46.25MB
 59e22667830b Extracting [================================================>  ]  27.13MB/28.23MB
 5bae82939a32 Downloading [=====>                                             ]  21.91MB/200MB
 6e829fdb373b Downloading [=================================>                 ]  35.52MB/52.38MB
 5bae82939a32 Downloading [=====>                                             ]  23.52MB/200MB
 3bb924c23a44 Extracting [===>                                               ]  3.441MB/46.25MB
 6e829fdb373b Downloading [===================================>               ]   37.1MB/52.38MB
 3bb924c23a44 Extracting [=====>                                             ]  5.407MB/46.25MB
 5bae82939a32 Downloading [======>                                            ]  25.13MB/200MB
 6e829fdb373b Downloading [====================================>              ]  38.69MB/52.38MB
 6904def1bcbe Downloading [>                                                  ]  184.4kB/18.32MB
 81b4e824a7fc Extracting [==================================================>]     100B/100B
 81b4e824a7fc Extracting [==================================================>]     100B/100B
 3bb924c23a44 Extracting [=========>                                         ]  8.356MB/46.25MB
 5bae82939a32 Downloading [======>                                            ]  26.75MB/200MB
 6e829fdb373b Downloading [======================================>            ]  40.28MB/52.38MB
 6904def1bcbe Downloading [===>                                               ]  1.158MB/18.32MB
 3bb924c23a44 Extracting [===========>                                       ]  10.32MB/46.25MB
 6904def1bcbe Downloading [====>                                              ]  1.743MB/18.32MB
 6e829fdb373b Downloading [=======================================>           ]  41.33MB/52.38MB
 5bae82939a32 Downloading [======>                                            ]  27.82MB/200MB
 3bb924c23a44 Extracting [===========>                                       ]  10.81MB/46.25MB
 6904def1bcbe Downloading [======>                                            ]  2.321MB/18.32MB
 6904def1bcbe Downloading [=======>                                           ]  2.706MB/18.32MB
 3bb924c23a44 Extracting [=============>                                     ]  12.78MB/46.25MB
 5bae82939a32 Downloading [=======>                                           ]   28.9MB/200MB
 6e829fdb373b Downloading [========================================>          ]  42.92MB/52.38MB
 6904def1bcbe Downloading [==========>                                        ]  3.689MB/18.32MB
 6e829fdb373b Downloading [=========================================>         ]  43.45MB/52.38MB
 5bae82939a32 Downloading [=======>                                           ]  29.96MB/200MB
 3bb924c23a44 Extracting [================>                                  ]  15.24MB/46.25MB
 83f8df266756 Pull complete 
 6904def1bcbe Downloading [===========>                                       ]  4.266MB/18.32MB
 6e829fdb373b Downloading [==========================================>        ]  44.52MB/52.38MB
 5bae82939a32 Downloading [=======>                                           ]  31.03MB/200MB
 3bb924c23a44 Extracting [=================>                                 ]  15.73MB/46.25MB
 99d836164c84 Pull complete 
 6904def1bcbe Downloading [==============>                                    ]  5.225MB/18.32MB
 5bae82939a32 Downloading [========>                                          ]  32.09MB/200MB
 3bb924c23a44 Extracting [==================>                                ]   17.2MB/46.25MB
 6e829fdb373b Downloading [===========================================>       ]  45.58MB/52.38MB
 59e22667830b Extracting [================================================>  ]  27.43MB/28.23MB
 6904def1bcbe Downloading [================>                                  ]  6.183MB/18.32MB
 2e028960d368 Extracting [>                                                  ]  491.5kB/47.53MB
 5bae82939a32 Downloading [========>                                          ]  33.16MB/200MB
 3bb924c23a44 Extracting [====================>                              ]  19.17MB/46.25MB
 6e829fdb373b Downloading [============================================>      ]  46.63MB/52.38MB
 6904def1bcbe Downloading [===================>                               ]  7.142MB/18.32MB
 2e028960d368 Extracting [=>                                                 ]    983kB/47.53MB
 3bb924c23a44 Extracting [======================>                            ]  20.64MB/46.25MB
 5bae82939a32 Downloading [========>                                          ]  34.23MB/200MB
 7cf63256a31a Pull complete 
 6e829fdb373b Downloading [=============================================>     ]  47.68MB/52.38MB
 6904def1bcbe Downloading [======================>                            ]  8.104MB/18.32MB
 59e22667830b Extracting [=================================================> ]  28.02MB/28.23MB
 2e028960d368 Extracting [==>                                                ]  2.458MB/47.53MB
 3bb924c23a44 Extracting [========================>                          ]  22.61MB/46.25MB
 6904def1bcbe Downloading [========================>                          ]  9.055MB/18.32MB
 6e829fdb373b Downloading [==============================================>    ]  48.73MB/52.38MB
 5bae82939a32 Downloading [========>                                          ]  35.29MB/200MB
 2e028960d368 Extracting [====>                                              ]  3.932MB/47.53MB
 3bb924c23a44 Extracting [==========================>                        ]  24.08MB/46.25MB
 6904def1bcbe Downloading [===========================>                       ]  10.21MB/18.32MB
 5bae82939a32 Downloading [=========>                                         ]  36.37MB/200MB
 6e829fdb373b Downloading [===============================================>   ]  49.79MB/52.38MB
 2e028960d368 Extracting [======>                                            ]  5.898MB/47.53MB
 3bb924c23a44 Extracting [===========================>                       ]  25.56MB/46.25MB
 6904def1bcbe Downloading [==============================>                    ]  11.16MB/18.32MB
 59e22667830b Extracting [==================================================>]  28.23MB/28.23MB
 6e829fdb373b Downloading [================================================>  ]  50.85MB/52.38MB
 5bae82939a32 Downloading [=========>                                         ]  37.45MB/200MB
 2e028960d368 Extracting [========>                                          ]  7.864MB/47.53MB
 3bb924c23a44 Extracting [=============================>                     ]  27.03MB/46.25MB
 6904def1bcbe Downloading [================================>                  ]  11.92MB/18.32MB
 5bae82939a32 Downloading [=========>                                         ]  38.53MB/200MB
 6e829fdb373b Downloading [=================================================> ]  51.92MB/52.38MB
 3bb924c23a44 Extracting [==============================>                    ]  28.02MB/46.25MB
 2e028960d368 Extracting [==========>                                        ]   9.83MB/47.53MB
 6904def1bcbe Downloading [===================================>               ]  12.89MB/18.32MB
 6e829fdb373b Verifying Checksum 
 6e829fdb373b Download complete 
 5bae82939a32 Downloading [=========>                                         ]  39.61MB/200MB
 2e028960d368 Extracting [===========>                                       ]   11.3MB/47.53MB
 6904def1bcbe Downloading [======================================>            ]  14.05MB/18.32MB
 3bb924c23a44 Extracting [===============================>                   ]     29MB/46.25MB
 5bae82939a32 Downloading [==========>                                        ]  40.68MB/200MB
 6904def1bcbe Downloading [==========================================>        ]   15.4MB/18.32MB
 2e028960d368 Extracting [============>                                      ]  12.29MB/47.53MB
 3bb924c23a44 Extracting [================================>                  ]  29.98MB/46.25MB
 5bae82939a32 Downloading [==========>                                        ]   42.3MB/200MB
 6904def1bcbe Downloading [=============================================>     ]  16.55MB/18.32MB
 2e028960d368 Extracting [==============>                                    ]  13.76MB/47.53MB
 3bb924c23a44 Extracting [==================================>                ]  31.46MB/46.25MB
 5bae82939a32 Downloading [==========>                                        ]  43.38MB/200MB
 6904def1bcbe Downloading [===============================================>   ]  17.52MB/18.32MB
 2e028960d368 Extracting [================>                                  ]  15.73MB/47.53MB
 6904def1bcbe Verifying Checksum 
 6904def1bcbe Download complete 
 3bb924c23a44 Extracting [===================================>               ]  32.93MB/46.25MB
 5bae82939a32 Downloading [===========>                                       ]  44.44MB/200MB
 b7ff0b002068 Pull complete 
 36715fac4319 Extracting [==================================================>]  9.905kB/9.905kB
 36715fac4319 Extracting [==================================================>]  9.905kB/9.905kB
 d261077062b2 Downloading [>                                                  ]  28.31kB/2.83MB
 2e028960d368 Extracting [==================>                                ]  17.69MB/47.53MB
 2e028960d368 Extracting [=====================>                             ]  20.15MB/47.53MB
 3bb924c23a44 Extracting [=====================================>             ]  34.41MB/46.25MB
 d261077062b2 Downloading [====>                                              ]    233kB/2.83MB
 5bae82939a32 Downloading [===========>                                       ]  46.05MB/200MB
 3bb924c23a44 Extracting [=======================================>           ]  36.37MB/46.25MB
 2e028960d368 Extracting [=======================>                           ]  22.12MB/47.53MB
 d261077062b2 Downloading [===================>                               ]  1.081MB/2.83MB
 0b5dfd2389b7 Extracting [>                                                  ]  262.1kB/23.48MB
 5bae82939a32 Downloading [============>                                      ]   48.2MB/200MB
 3bb924c23a44 Extracting [=========================================>         ]  38.34MB/46.25MB
 auth Pulled 
 2babd04ec7b1 Downloading [>                                                  ]  7.777kB/661.7kB
 2babd04ec7b1 Downloading [==================>                                ]  245.2kB/661.7kB
 d261077062b2 Downloading [=============================>                     ]  1.645MB/2.83MB
 2e028960d368 Extracting [========================>                          ]  23.59MB/47.53MB
 5bae82939a32 Downloading [============>                                      ]  49.81MB/200MB
 3bb924c23a44 Extracting [==========================================>        ]  39.32MB/46.25MB
 2babd04ec7b1 Downloading [==================================================>]  661.7kB/661.7kB
 2babd04ec7b1 Verifying Checksum 
 2babd04ec7b1 Download complete 
 0b5dfd2389b7 Extracting [==>                                                ]  1.311MB/23.48MB
 d261077062b2 Downloading [=================================================> ]  2.825MB/2.83MB
 d261077062b2 Verifying Checksum 
 d261077062b2 Download complete 
 d261077062b2 Extracting [>                                                  ]  32.77kB/2.83MB
 5bae82939a32 Downloading [============>                                      ]   51.4MB/200MB
 3bb924c23a44 Extracting [============================================>      ]  41.29MB/46.25MB
 2e028960d368 Extracting [=========================>                         ]  24.58MB/47.53MB
 0b5dfd2389b7 Extracting [======>                                            ]  2.884MB/23.48MB
 5bae82939a32 Downloading [=============>                                     ]     53MB/200MB
 87cebe46a2f9 Extracting [==================================================>]  3.315kB/3.315kB
 87cebe46a2f9 Extracting [==================================================>]  3.315kB/3.315kB
 0b5dfd2389b7 Extracting [======>                                            ]  3.146MB/23.48MB
 81b4e824a7fc Pull complete 
 3bb924c23a44 Extracting [=============================================>     ]  42.27MB/46.25MB
 5bae82939a32 Downloading [=============>                                     ]  54.59MB/200MB
 2e028960d368 Extracting [==========================>                        ]  25.07MB/47.53MB
 0b5dfd2389b7 Extracting [=========>                                         ]  4.456MB/23.48MB
 3bb924c23a44 Extracting [===============================================>   ]  43.75MB/46.25MB
 5bae82939a32 Downloading [==============>                                    ]  57.81MB/200MB
 2b092e92b1a0 Downloading [==================================================>]     713B/713B
 2b092e92b1a0 Verifying Checksum 
 2b092e92b1a0 Download complete 
 2e028960d368 Extracting [===========================>                       ]  26.05MB/47.53MB
 3bb924c23a44 Extracting [================================================>  ]  44.73MB/46.25MB
 5bae82939a32 Downloading [==============>                                    ]  59.96MB/200MB
 0b5dfd2389b7 Extracting [==========>                                        ]  4.719MB/23.48MB
 6bbeea27f58c Downloading [>                                                  ]  437.7kB/42.27MB
 3bb924c23a44 Extracting [=================================================> ]   46.2MB/46.25MB
 3bb924c23a44 Extracting [==================================================>]  46.25MB/46.25MB
 d261077062b2 Extracting [====>                                              ]  262.1kB/2.83MB
 5bae82939a32 Downloading [===============>                                   ]  62.09MB/200MB
 6bbeea27f58c Downloading [==>                                                ]  1.719MB/42.27MB
 2e028960d368 Extracting [============================>                      ]  27.03MB/47.53MB
 0b5dfd2389b7 Extracting [==========>                                        ]  4.981MB/23.48MB
 d261077062b2 Extracting [=============>                                     ]  753.7kB/2.83MB
 6bbeea27f58c Downloading [===>                                               ]  3.001MB/42.27MB
 5bae82939a32 Downloading [===============>                                   ]   63.7MB/200MB
 2e028960d368 Extracting [=============================>                     ]  28.02MB/47.53MB
 0b5dfd2389b7 Extracting [===========>                                       ]  5.243MB/23.48MB
 9ced58d1ef15 Downloading [==================================================>]     149B/149B
 9ced58d1ef15 Verifying Checksum 
 9ced58d1ef15 Download complete 
 d261077062b2 Extracting [========================>                          ]  1.376MB/2.83MB
 59e22667830b Pull complete 
 6bbeea27f58c Downloading [=====>                                             ]  4.299MB/42.27MB
 5bae82939a32 Downloading [================>                                  ]  65.29MB/200MB
 d261077062b2 Extracting [=================================================> ]  2.818MB/2.83MB
 2e028960d368 Extracting [==============================>                    ]     29MB/47.53MB
 d261077062b2 Extracting [==================================================>]   2.83MB/2.83MB
 6bbeea27f58c Downloading [======>                                            ]  5.594MB/42.27MB
 682e346897fd Extracting [==================================================>]  1.587kB/1.587kB
 682e346897fd Extracting [==================================================>]  1.587kB/1.587kB
 5bae82939a32 Downloading [================>                                  ]  66.89MB/200MB
 2e028960d368 Extracting [===============================>                   ]  29.98MB/47.53MB
 0b5dfd2389b7 Extracting [===========>                                       ]  5.505MB/23.48MB
 6bbeea27f58c Downloading [========>                                          ]   7.31MB/42.27MB
 5bae82939a32 Downloading [=================>                                 ]  68.51MB/200MB
 0b5dfd2389b7 Extracting [============>                                      ]  5.767MB/23.48MB
 2e028960d368 Extracting [=================================>                 ]  31.46MB/47.53MB
 6bbeea27f58c Downloading [==========>                                        ]  8.604MB/42.27MB
 4f4fb700ef54 Downloading [==================================================>]      32B/32B
 4f4fb700ef54 Verifying Checksum 
 4f4fb700ef54 Download complete 
 5bae82939a32 Downloading [=================>                                 ]  70.12MB/200MB
 0b5dfd2389b7 Extracting [============>                                      ]  6.029MB/23.48MB
 2e028960d368 Extracting [==================================>                ]  32.44MB/47.53MB
 6bbeea27f58c Downloading [===========>                                       ]  9.894MB/42.27MB
 5bae82939a32 Downloading [=================>                                 ]  71.72MB/200MB
 2e028960d368 Extracting [===================================>               ]  33.91MB/47.53MB
 6bbeea27f58c Downloading [=============>                                     ]  11.19MB/42.27MB
 5bae82939a32 Downloading [==================>                                ]  73.33MB/200MB
 6bbeea27f58c Downloading [==============>                                    ]  12.48MB/42.27MB
 2e028960d368 Extracting [====================================>              ]   34.9MB/47.53MB
 0b5dfd2389b7 Extracting [=============>                                     ]  6.291MB/23.48MB
 5bae82939a32 Downloading [==================>                                ]   74.4MB/200MB
 0b5dfd2389b7 Extracting [=============>                                     ]  6.554MB/23.48MB
 2e028960d368 Extracting [======================================>            ]  36.37MB/47.53MB
 6bbeea27f58c Downloading [================>                                  ]  13.77MB/42.27MB
 0b5dfd2389b7 Extracting [=================>                                 ]  8.126MB/23.48MB
 5bae82939a32 Downloading [==================>                                ]  75.45MB/200MB
 2e028960d368 Extracting [=======================================>           ]  37.36MB/47.53MB
 6bbeea27f58c Downloading [=================>                                 ]  15.07MB/42.27MB
 0b5dfd2389b7 Extracting [=====================>                             ]  9.961MB/23.48MB
 5bae82939a32 Downloading [===================>                               ]  76.52MB/200MB
 6bbeea27f58c Downloading [===================>                               ]  16.37MB/42.27MB
 2e028960d368 Extracting [========================================>          ]  38.34MB/47.53MB
 5bae82939a32 Downloading [===================>                               ]  78.11MB/200MB
 6bbeea27f58c Downloading [====================>                              ]  17.66MB/42.27MB
 2e028960d368 Extracting [=========================================>         ]  39.32MB/47.53MB
 5bae82939a32 Downloading [===================>                               ]  79.72MB/200MB
 2e028960d368 Extracting [==========================================>        ]   40.8MB/47.53MB
 6bbeea27f58c Downloading [======================>                            ]  19.38MB/42.27MB
 6dce3b49cfe6 Downloading [>                                                  ]    322kB/31.43MB
 dd85eb8fe9b6 Extracting [>                                                  ]  163.8kB/13.52MB
 0b5dfd2389b7 Extracting [======================>                            ]  10.49MB/23.48MB
 5bae82939a32 Downloading [====================>                              ]   80.8MB/200MB
 2e028960d368 Extracting [===========================================>       ]  41.78MB/47.53MB
 6bbeea27f58c Downloading [========================>                          ]  20.67MB/42.27MB
 6dce3b49cfe6 Downloading [==>                                                ]  1.293MB/31.43MB
 5bae82939a32 Downloading [====================>                              ]  81.87MB/200MB
 2e028960d368 Extracting [==============================================>    ]  43.75MB/47.53MB
 6dce3b49cfe6 Downloading [====>                                              ]  2.603MB/31.43MB
 6bbeea27f58c Downloading [=========================>                         ]  21.97MB/42.27MB
 5bae82939a32 Downloading [====================>                              ]  82.95MB/200MB
 2e028960d368 Extracting [================================================>  ]  45.71MB/47.53MB
 6dce3b49cfe6 Downloading [=====>                                             ]  3.558MB/31.43MB
 3bb924c23a44 Pull complete 
 6bbeea27f58c Downloading [===========================>                       ]  23.26MB/42.27MB
 5bae82939a32 Downloading [=====================>                             ]  84.02MB/200MB
 2e028960d368 Extracting [==================================================>]  47.53MB/47.53MB
 6dce3b49cfe6 Downloading [=======>                                           ]   4.52MB/31.43MB
 6bbeea27f58c Downloading [============================>                      ]  24.12MB/42.27MB
 5bae82939a32 Downloading [=====================>                             ]  85.08MB/200MB
 6dce3b49cfe6 Downloading [========>                                          ]  5.491MB/31.43MB
 6bbeea27f58c Downloading [=============================>                     ]  24.97MB/42.27MB
 563069fa03b4 Extracting [==================================================>]  1.097kB/1.097kB
 563069fa03b4 Extracting [==================================================>]  1.097kB/1.097kB
 6dce3b49cfe6 Downloading [=========>                                         ]  6.126MB/31.43MB
 5bae82939a32 Downloading [=====================>                             ]  86.16MB/200MB
 6bbeea27f58c Downloading [==============================>                    ]  25.39MB/42.27MB
 6dce3b49cfe6 Downloading [===========>                                       ]  7.093MB/31.43MB
 5bae82939a32 Downloading [=====================>                             ]  87.24MB/200MB
 6bbeea27f58c Downloading [===============================>                   ]  26.69MB/42.27MB
 6dce3b49cfe6 Downloading [============>                                      ]  8.072MB/31.43MB
 d261077062b2 Pull complete 
 5bae82939a32 Downloading [======================>                            ]  88.32MB/200MB
 6bbeea27f58c Downloading [================================>                  ]  27.54MB/42.27MB
 6dce3b49cfe6 Downloading [==============>                                    ]  9.038MB/31.43MB
 5bae82939a32 Downloading [======================>                            ]  89.39MB/200MB
 6bbeea27f58c Downloading [=================================>                 ]  28.42MB/42.27MB
 6dce3b49cfe6 Downloading [===============>                                   ]  9.997MB/31.43MB
 5bae82939a32 Downloading [======================>                            ]  90.44MB/200MB
 6bbeea27f58c Downloading [==================================>                ]  29.28MB/42.27MB
 6dce3b49cfe6 Downloading [=================>                                 ]  10.94MB/31.43MB
 5bae82939a32 Downloading [======================>                            ]  91.52MB/200MB
 0b5dfd2389b7 Extracting [======================>                            ]  10.75MB/23.48MB
 6bbeea27f58c Downloading [====================================>              ]  30.57MB/42.27MB
 5bae82939a32 Downloading [=======================>                           ]   92.6MB/200MB
 36715fac4319 Pull complete 
 0b5dfd2389b7 Extracting [=======================>                           ]  11.01MB/23.48MB
 6dce3b49cfe6 Downloading [==================>                                ]  11.92MB/31.43MB
 6dce3b49cfe6 Downloading [====================>                              ]  12.88MB/31.43MB
 6dce3b49cfe6 Downloading [======================>                            ]  14.17MB/31.43MB
 5bae82939a32 Downloading [=======================>                           ]  93.67MB/200MB
 6dce3b49cfe6 Downloading [========================>                          ]  15.45MB/31.43MB
 6dce3b49cfe6 Downloading [==========================>                        ]  16.74MB/31.43MB
 5bae82939a32 Downloading [=======================>                           ]  94.73MB/200MB
 5bae82939a32 Downloading [=======================>                           ]   95.8MB/200MB
 5bae82939a32 Downloading [========================>                          ]  96.87MB/200MB
 6bbeea27f58c Downloading [=====================================>             ]  31.86MB/42.27MB
 6dce3b49cfe6 Downloading [============================>                      ]  17.71MB/31.43MB
 6bbeea27f58c Downloading [=======================================>           ]  33.14MB/42.27MB
 6bbeea27f58c Downloading [========================================>          ]  34.42MB/42.27MB
 6bbeea27f58c Downloading [=========================================>         ]  35.28MB/42.27MB
 87cebe46a2f9 Pull complete 
 2a325605524d Extracting [>                                                  ]   98.3kB/8.174MB
 5bae82939a32 Downloading [========================>                          ]  97.95MB/200MB
 dd85eb8fe9b6 Extracting [=>                                                 ]  327.7kB/13.52MB
 6bbeea27f58c Downloading [===========================================>       ]  36.57MB/42.27MB
 6dce3b49cfe6 Downloading [=============================>                     ]  18.67MB/31.43MB
 dd85eb8fe9b6 Extracting [=======>                                           ]   2.13MB/13.52MB
 5bae82939a32 Downloading [========================>                          ]  99.02MB/200MB
 6bbeea27f58c Downloading [============================================>      ]  37.86MB/42.27MB
 6dce3b49cfe6 Downloading [===============================>                   ]  19.94MB/31.43MB
 dd85eb8fe9b6 Extracting [=========>                                         ]  2.621MB/13.52MB
 5bae82939a32 Downloading [=========================>                         ]  100.1MB/200MB
 6dce3b49cfe6 Downloading [================================>                  ]  20.59MB/31.43MB
 6bbeea27f58c Downloading [=============================================>     ]  38.72MB/42.27MB
 dd85eb8fe9b6 Extracting [============>                                      ]  3.277MB/13.52MB
 6bbeea27f58c Downloading [==============================================>    ]  39.58MB/42.27MB
 5bae82939a32 Downloading [=========================>                         ]  101.2MB/200MB
 6dce3b49cfe6 Downloading [==================================>                ]  21.88MB/31.43MB
 6bbeea27f58c Downloading [===============================================>   ]  40.44MB/42.27MB
 6dce3b49cfe6 Downloading [====================================>              ]  22.83MB/31.43MB
 dd85eb8fe9b6 Extracting [===============>                                   ]   4.26MB/13.52MB
 5bae82939a32 Downloading [=========================>                         ]  102.2MB/200MB
 0b5dfd2389b7 Extracting [=======================>                           ]  11.27MB/23.48MB
 6dce3b49cfe6 Downloading [=====================================>             ]  23.79MB/31.43MB
 5bae82939a32 Downloading [=========================>                         ]  103.3MB/200MB
 6bbeea27f58c Downloading [=================================================> ]  41.74MB/42.27MB
 dd85eb8fe9b6 Extracting [==================>                                ]  4.915MB/13.52MB
 6dce3b49cfe6 Downloading [=======================================>           ]  24.76MB/31.43MB
 6bbeea27f58c Verifying Checksum 
 6bbeea27f58c Download complete 
 5bae82939a32 Downloading [==========================>                        ]  104.9MB/200MB
 6dce3b49cfe6 Downloading [=========================================>         ]  26.07MB/31.43MB
 dd85eb8fe9b6 Extracting [===================>                               ]  5.243MB/13.52MB
 5bae82939a32 Downloading [==========================>                        ]    106MB/200MB
 682e346897fd Pull complete 
 6dce3b49cfe6 Downloading [============================================>      ]  27.98MB/31.43MB
 dd85eb8fe9b6 Extracting [====================>                              ]  5.571MB/13.52MB
 5bae82939a32 Downloading [==========================>                        ]  107.6MB/200MB
 6dce3b49cfe6 Downloading [===============================================>   ]  29.58MB/31.43MB
 dd85eb8fe9b6 Extracting [======================>                            ]  6.062MB/13.52MB
 23a024790aeb Downloading [>                                                  ]  81.92kB/8.095MB
 5bae82939a32 Downloading [===========================>                       ]  109.2MB/200MB
 0b5dfd2389b7 Extracting [========================>                          ]  11.53MB/23.48MB
 6dce3b49cfe6 Downloading [================================================>  ]  30.55MB/31.43MB
 23a024790aeb Downloading [====>                                              ]  764.4kB/8.095MB
 5bae82939a32 Downloading [===========================>                       ]  110.3MB/200MB
 6dce3b49cfe6 Verifying Checksum 
 6dce3b49cfe6 Download complete 
 dd85eb8fe9b6 Extracting [=======================>                           ]   6.39MB/13.52MB
 23a024790aeb Downloading [==========>                                        ]  1.764MB/8.095MB
 23a024790aeb Downloading [===============>                                   ]  2.587MB/8.095MB
 dd85eb8fe9b6 Extracting [========================>                          ]  6.554MB/13.52MB
 5bae82939a32 Downloading [===========================>                       ]  111.9MB/200MB
 23a024790aeb Downloading [=========================>                         ]  4.156MB/8.095MB
 5bae82939a32 Downloading [============================>                      ]  113.5MB/200MB
 dd85eb8fe9b6 Extracting [==========================>                        ]  7.045MB/13.52MB
 0b5dfd2389b7 Extracting [=========================>                         ]   11.8MB/23.48MB
 23a024790aeb Downloading [===================================>               ]  5.749MB/8.095MB
 dd85eb8fe9b6 Extracting [==========================>                        ]  7.209MB/13.52MB
 62af05ff28d1 Downloading [>                                                  ]  9.146kB/864.5kB
 23a024790aeb Downloading [=======================================>           ]  6.323MB/8.095MB
 2e028960d368 Pull complete 
 62af05ff28d1 Downloading [==>                                                ]  37.72kB/864.5kB
 5bae82939a32 Downloading [============================>                      ]  115.1MB/200MB
 23a024790aeb Downloading [========================================>          ]  6.572MB/8.095MB
 23a024790aeb Verifying Checksum 
 23a024790aeb Download complete 
 62af05ff28d1 Downloading [==================================================>]  864.5kB/864.5kB
 62af05ff28d1 Verifying Checksum 
 62af05ff28d1 Download complete 
 dd85eb8fe9b6 Extracting [===========================>                       ]  7.373MB/13.52MB
 5bae82939a32 Downloading [=============================>                     ]  119.4MB/200MB
 6dce3b49cfe6 Extracting [>                                                  ]  327.7kB/31.43MB
 2a325605524d Extracting [=>                                                 ]  294.9kB/8.174MB
 dd85eb8fe9b6 Extracting [=============================>                     ]  7.864MB/13.52MB
 5bae82939a32 Downloading [==============================>                    ]  122.1MB/200MB
 2a325605524d Extracting [====>                                              ]  786.4kB/8.174MB
 6dce3b49cfe6 Extracting [===>                                               ]  1.966MB/31.43MB
 5bae82939a32 Downloading [===============================>                   ]  124.7MB/200MB
 dd85eb8fe9b6 Extracting [==============================>                    ]  8.192MB/13.52MB
 2a325605524d Extracting [======>                                            ]  1.081MB/8.174MB
 1b619070c4cd Downloading [==================================================>]     164B/164B
 1b619070c4cd Verifying Checksum 
 1b619070c4cd Download complete 
 5bae82939a32 Downloading [===============================>                   ]  126.4MB/200MB
 2a325605524d Extracting [==========>                                        ]  1.769MB/8.174MB
 18202b973349 Downloading [>                                                  ]  540.7kB/97.44MB
 dd85eb8fe9b6 Extracting [===============================>                   ]   8.52MB/13.52MB
 5bae82939a32 Downloading [================================>                  ]  128.5MB/200MB
 2a325605524d Extracting [================>                                  ]  2.753MB/8.174MB
 18202b973349 Downloading [>                                                  ]   1.62MB/97.44MB
 dd85eb8fe9b6 Extracting [================================>                  ]  8.684MB/13.52MB
 5bae82939a32 Downloading [================================>                  ]  130.6MB/200MB
 2a325605524d Extracting [======================>                            ]  3.736MB/8.174MB
 6dce3b49cfe6 Extracting [====>                                              ]  2.949MB/31.43MB
 18202b973349 Downloading [=>                                                 ]  2.698MB/97.44MB
 5bae82939a32 Downloading [=================================>                 ]  132.3MB/200MB
 2a325605524d Extracting [==============================>                    ]  5.014MB/8.174MB
 5bae82939a32 Downloading [=================================>                 ]  132.8MB/200MB
 0b5dfd2389b7 Extracting [=========================>                         ]  12.06MB/23.48MB
 18202b973349 Downloading [=>                                                 ]  3.775MB/97.44MB
 2a325605524d Extracting [===============================>                   ]   5.21MB/8.174MB
 dd85eb8fe9b6 Extracting [=================================>                 ]  9.011MB/13.52MB
 6dce3b49cfe6 Extracting [======>                                            ]  3.932MB/31.43MB
 2a325605524d Extracting [===============================================>   ]  7.766MB/8.174MB
 6dce3b49cfe6 Extracting [==========>                                        ]  6.554MB/31.43MB
 2a325605524d Extracting [==================================================>]  8.174MB/8.174MB
 dd85eb8fe9b6 Extracting [==================================>                ]  9.339MB/13.52MB
 6dce3b49cfe6 Extracting [==============>                                    ]  8.847MB/31.43MB
 6dce3b49cfe6 Extracting [==================>                                ]  11.47MB/31.43MB
 6dce3b49cfe6 Extracting [======================>                            ]  14.42MB/31.43MB
 6dce3b49cfe6 Extracting [=========================>                         ]  16.06MB/31.43MB
 6dce3b49cfe6 Extracting [============================>                      ]  17.69MB/31.43MB
 0b5dfd2389b7 Extracting [==========================>                        ]  12.32MB/23.48MB
 0b5dfd2389b7 Extracting [==========================>                        ]  12.58MB/23.48MB
 0b5dfd2389b7 Extracting [===========================>                       ]  12.85MB/23.48MB
 dd85eb8fe9b6 Extracting [======================================>            ]  10.32MB/13.52MB
 dd85eb8fe9b6 Extracting [========================================>          ]  10.98MB/13.52MB
 dd85eb8fe9b6 Extracting [=========================================>         ]   11.3MB/13.52MB
 dd85eb8fe9b6 Extracting [==============================================>    ]  12.45MB/13.52MB
 6dce3b49cfe6 Extracting [=================================>                 ]  20.97MB/31.43MB
 5bae82939a32 Downloading [==================================>                ]  136.5MB/200MB
 dd85eb8fe9b6 Extracting [==================================================>]  13.52MB/13.52MB
 18202b973349 Downloading [===>                                               ]  6.454MB/97.44MB
 1776b39f721a Downloading [>                                                  ]  458.2kB/44.26MB
 6dce3b49cfe6 Extracting [==================================>                ]  21.95MB/31.43MB
 1776b39f721a Downloading [=>                                                 ]  1.358MB/44.26MB
 18202b973349 Downloading [===>                                               ]  7.527MB/97.44MB
 5bae82939a32 Downloading [==================================>                ]  137.6MB/200MB
 6dce3b49cfe6 Extracting [=====================================>             ]  23.59MB/31.43MB
 18202b973349 Downloading [====>                                              ]  8.604MB/97.44MB
 1776b39f721a Downloading [===>                                               ]  2.726MB/44.26MB
 5bae82939a32 Downloading [==================================>                ]  138.7MB/200MB
 6dce3b49cfe6 Extracting [=======================================>           ]   24.9MB/31.43MB
 0b5dfd2389b7 Extracting [================================>                  ]  15.47MB/23.48MB
 1776b39f721a Downloading [====>                                              ]  3.644MB/44.26MB
 18202b973349 Downloading [====>                                              ]  9.661MB/97.44MB
 6dce3b49cfe6 Extracting [=========================================>         ]  25.89MB/31.43MB
 5bae82939a32 Downloading [==================================>                ]  139.7MB/200MB
 1776b39f721a Downloading [=====>                                             ]  4.537MB/44.26MB
 18202b973349 Downloading [=====>                                             ]  10.73MB/97.44MB
 6dce3b49cfe6 Extracting [===========================================>       ]   27.2MB/31.43MB
 5bae82939a32 Downloading [===================================>               ]  140.8MB/200MB
 1776b39f721a Downloading [======>                                            ]  5.442MB/44.26MB
 18202b973349 Downloading [======>                                            ]  11.81MB/97.44MB
 5bae82939a32 Downloading [===================================>               ]  141.9MB/200MB
 1776b39f721a Downloading [=======>                                           ]  6.351MB/44.26MB
 6dce3b49cfe6 Extracting [============================================>      ]  28.18MB/31.43MB
 18202b973349 Downloading [======>                                            ]  12.89MB/97.44MB
 5bae82939a32 Downloading [===================================>               ]  142.9MB/200MB
 1776b39f721a Downloading [========>                                          ]  7.261MB/44.26MB
 18202b973349 Downloading [=======>                                           ]  13.97MB/97.44MB
 0b5dfd2389b7 Extracting [=================================>                 ]  15.73MB/23.48MB
 1776b39f721a Downloading [=========>                                         ]  8.166MB/44.26MB
 5bae82939a32 Downloading [====================================>              ]    144MB/200MB
 1776b39f721a Downloading [==========>                                        ]  9.071MB/44.26MB
 18202b973349 Downloading [=======>                                           ]  15.06MB/97.44MB
 5bae82939a32 Downloading [====================================>              ]  145.1MB/200MB
 1776b39f721a Downloading [===========>                                       ]  9.976MB/44.26MB
 5bae82939a32 Downloading [====================================>              ]  146.1MB/200MB
 18202b973349 Downloading [========>                                          ]  16.14MB/97.44MB
 0b5dfd2389b7 Extracting [==================================>                ]  15.99MB/23.48MB
 1776b39f721a Downloading [============>                                      ]  10.89MB/44.26MB
 5bae82939a32 Downloading [====================================>              ]  147.2MB/200MB
 18202b973349 Downloading [========>                                          ]  17.21MB/97.44MB
 1776b39f721a Downloading [=============>                                     ]  11.79MB/44.26MB
 5bae82939a32 Downloading [====================================>              ]  147.7MB/200MB
 0b5dfd2389b7 Extracting [===================================>               ]  16.52MB/23.48MB
 18202b973349 Downloading [=========>                                         ]  18.29MB/97.44MB
 1776b39f721a Downloading [==============>                                    ]  12.69MB/44.26MB
 5bae82939a32 Downloading [=====================================>             ]  148.8MB/200MB
 6dce3b49cfe6 Extracting [=============================================>     ]  28.84MB/31.43MB
 0b5dfd2389b7 Extracting [====================================>              ]   17.3MB/23.48MB
 18202b973349 Downloading [=========>                                         ]  19.36MB/97.44MB
 1776b39f721a Downloading [===============>                                   ]   13.6MB/44.26MB
 5bae82939a32 Downloading [=====================================>             ]  149.9MB/200MB
 18202b973349 Downloading [==========>                                        ]  20.43MB/97.44MB
 0b5dfd2389b7 Extracting [=====================================>             ]  17.83MB/23.48MB
 1776b39f721a Downloading [================>                                  ]  14.96MB/44.26MB
 5bae82939a32 Downloading [=====================================>             ]  150.9MB/200MB
 18202b973349 Downloading [===========>                                       ]  21.51MB/97.44MB
 0b5dfd2389b7 Extracting [=======================================>           ]  18.61MB/23.48MB
 1776b39f721a Downloading [=================>                                 ]  15.87MB/44.26MB
 5bae82939a32 Downloading [======================================>            ]    152MB/200MB
 18202b973349 Downloading [===========>                                       ]  22.58MB/97.44MB
 1776b39f721a Downloading [==================>                                ]  16.77MB/44.26MB
 6dce3b49cfe6 Extracting [===============================================>   ]  29.82MB/31.43MB
 5bae82939a32 Downloading [======================================>            ]  153.1MB/200MB
 1776b39f721a Downloading [===================>                               ]  17.68MB/44.26MB
 18202b973349 Downloading [============>                                      ]  23.64MB/97.44MB
 0b5dfd2389b7 Extracting [========================================>          ]  19.14MB/23.48MB
 1776b39f721a Downloading [====================>                              ]  18.59MB/44.26MB
 5bae82939a32 Downloading [======================================>            ]  154.7MB/200MB
 18202b973349 Downloading [============>                                      ]  24.71MB/97.44MB
 5bae82939a32 Downloading [======================================>            ]  155.7MB/200MB
 1776b39f721a Downloading [======================>                            ]   19.5MB/44.26MB
 18202b973349 Downloading [=============>                                     ]  25.79MB/97.44MB
 0b5dfd2389b7 Extracting [=========================================>         ]   19.4MB/23.48MB
 5bae82939a32 Downloading [=======================================>           ]  156.8MB/200MB
 1776b39f721a Downloading [=======================>                           ]  20.87MB/44.26MB
 18202b973349 Downloading [=============>                                     ]  26.86MB/97.44MB
 5bae82939a32 Downloading [=======================================>           ]  157.9MB/200MB
 1776b39f721a Downloading [========================>                          ]  21.79MB/44.26MB
 18202b973349 Downloading [==============>                                    ]  27.92MB/97.44MB
 6dce3b49cfe6 Extracting [===============================================>   ]  30.15MB/31.43MB
 1776b39f721a Downloading [=========================>                         ]  22.69MB/44.26MB
 5bae82939a32 Downloading [=======================================>           ]  158.9MB/200MB
 18202b973349 Downloading [==============>                                    ]     29MB/97.44MB
 5bae82939a32 Downloading [========================================>          ]    160MB/200MB
 1776b39f721a Downloading [===========================>                       ]  24.05MB/44.26MB
 18202b973349 Downloading [===============>                                   ]  30.07MB/97.44MB
 0b5dfd2389b7 Extracting [=========================================>         ]  19.66MB/23.48MB
 5bae82939a32 Downloading [========================================>          ]  161.1MB/200MB
 1776b39f721a Downloading [============================>                      ]  24.96MB/44.26MB
 18202b973349 Downloading [===============>                                   ]  31.15MB/97.44MB
 0b5dfd2389b7 Extracting [==========================================>        ]  20.19MB/23.48MB
 1776b39f721a Downloading [=============================>                     ]  25.86MB/44.26MB
 5bae82939a32 Downloading [========================================>          ]  162.2MB/200MB
 18202b973349 Downloading [================>                                  ]  32.23MB/97.44MB
 1776b39f721a Downloading [==============================>                    ]  26.76MB/44.26MB
 5bae82939a32 Downloading [========================================>          ]  163.2MB/200MB
 0b5dfd2389b7 Extracting [============================================>      ]  20.71MB/23.48MB
 1776b39f721a Downloading [===============================>                   ]  27.66MB/44.26MB
 18202b973349 Downloading [=================>                                 ]  33.31MB/97.44MB
 5bae82939a32 Downloading [=========================================>         ]  164.3MB/200MB
 0b5dfd2389b7 Extracting [=============================================>     ]   21.5MB/23.48MB
 1776b39f721a Downloading [================================>                  ]  28.56MB/44.26MB
 18202b973349 Downloading [=================>                                 ]  34.38MB/97.44MB
 5bae82939a32 Downloading [=========================================>         ]  165.4MB/200MB
 1776b39f721a Downloading [=================================>                 ]  29.47MB/44.26MB
 0b5dfd2389b7 Extracting [==============================================>    ]  21.76MB/23.48MB
 18202b973349 Downloading [==================>                                ]  35.45MB/97.44MB
 5bae82939a32 Downloading [=========================================>         ]  166.4MB/200MB
 1776b39f721a Downloading [==================================>                ]  30.39MB/44.26MB
 18202b973349 Downloading [==================>                                ]  36.53MB/97.44MB
 0b5dfd2389b7 Extracting [==============================================>    ]  22.02MB/23.48MB
 5bae82939a32 Downloading [=========================================>         ]  167.5MB/200MB
 18202b973349 Downloading [===================>                               ]  37.62MB/97.44MB
 1776b39f721a Downloading [===================================>               ]  31.75MB/44.26MB
 5bae82939a32 Downloading [==========================================>        ]  168.6MB/200MB
 6dce3b49cfe6 Extracting [================================================>  ]  30.47MB/31.43MB
 18202b973349 Downloading [===================>                               ]  38.69MB/97.44MB
 0b5dfd2389b7 Extracting [===============================================>   ]  22.28MB/23.48MB
 1776b39f721a Downloading [=====================================>             ]   33.1MB/44.26MB
 5bae82939a32 Downloading [==========================================>        ]  169.6MB/200MB
 18202b973349 Downloading [====================>                              ]  39.76MB/97.44MB
 6dce3b49cfe6 Extracting [=================================================> ]   30.8MB/31.43MB
 1776b39f721a Downloading [======================================>            ]  34.02MB/44.26MB
 5bae82939a32 Downloading [==========================================>        ]  170.7MB/200MB
 18202b973349 Downloading [====================>                              ]  40.84MB/97.44MB
 0b5dfd2389b7 Extracting [===============================================>   ]  22.54MB/23.48MB
 1776b39f721a Downloading [=======================================>           ]  34.91MB/44.26MB
 6dce3b49cfe6 Extracting [=================================================> ]  31.13MB/31.43MB
 5bae82939a32 Downloading [==========================================>        ]  171.8MB/200MB
 18202b973349 Downloading [=====================>                             ]   41.9MB/97.44MB
 1776b39f721a Downloading [========================================>          ]  35.82MB/44.26MB
 5bae82939a32 Downloading [===========================================>       ]  172.8MB/200MB
 18202b973349 Downloading [======================>                            ]  42.96MB/97.44MB
 0b5dfd2389b7 Extracting [================================================>  ]  22.81MB/23.48MB
 1776b39f721a Downloading [=========================================>         ]  37.18MB/44.26MB
 5bae82939a32 Downloading [===========================================>       ]  173.9MB/200MB
 18202b973349 Downloading [======================>                            ]  44.03MB/97.44MB
 5bae82939a32 Downloading [===========================================>       ]    175MB/200MB
 6dce3b49cfe6 Extracting [==================================================>]  31.43MB/31.43MB
 18202b973349 Downloading [=======================>                           ]   45.1MB/97.44MB
 1776b39f721a Downloading [===========================================>       ]  38.54MB/44.26MB
 0b5dfd2389b7 Extracting [=================================================> ]  23.07MB/23.48MB
 5bae82939a32 Downloading [============================================>      ]  176.1MB/200MB
 18202b973349 Downloading [=======================>                           ]  46.18MB/97.44MB
 1776b39f721a Downloading [=============================================>     ]  39.89MB/44.26MB
 5bae82939a32 Downloading [============================================>      ]  177.1MB/200MB
 18202b973349 Downloading [========================>                          ]  47.25MB/97.44MB
 1776b39f721a Downloading [==============================================>    ]  41.26MB/44.26MB
 0b5dfd2389b7 Extracting [=================================================> ]  23.33MB/23.48MB
 0b5dfd2389b7 Extracting [==================================================>]  23.48MB/23.48MB
 5bae82939a32 Downloading [============================================>      ]  178.2MB/200MB
 18202b973349 Downloading [========================>                          ]  48.31MB/97.44MB
 1776b39f721a Downloading [================================================>  ]  42.63MB/44.26MB
 5bae82939a32 Downloading [============================================>      ]  179.3MB/200MB
 18202b973349 Downloading [=========================>                         ]  49.38MB/97.44MB
 1776b39f721a Downloading [=================================================> ]  43.53MB/44.26MB
 5bae82939a32 Downloading [=============================================>     ]  180.3MB/200MB
 1776b39f721a Download complete 
 18202b973349 Downloading [==========================>                        ]     51MB/97.44MB
 5bae82939a32 Downloading [=============================================>     ]  181.9MB/200MB
 18202b973349 Downloading [==========================>                        ]  52.61MB/97.44MB
 5bae82939a32 Downloading [=============================================>     ]  183.5MB/200MB
 18202b973349 Downloading [===========================>                       ]  54.22MB/97.44MB
 5bae82939a32 Downloading [==============================================>    ]  185.1MB/200MB
 18202b973349 Downloading [============================>                      ]  55.29MB/97.44MB
 5bae82939a32 Downloading [==============================================>    ]  185.7MB/200MB
 5bae82939a32 Downloading [==============================================>    ]  186.8MB/200MB
 18202b973349 Downloading [=============================>                     ]   56.9MB/97.44MB
 5bae82939a32 Downloading [===============================================>   ]  188.4MB/200MB
 18202b973349 Downloading [==============================>                    ]  58.51MB/97.44MB
 5bae82939a32 Downloading [===============================================>   ]    190MB/200MB
 18202b973349 Downloading [==============================>                    ]  60.12MB/97.44MB
 5bae82939a32 Downloading [===============================================>   ]  191.6MB/200MB
 18202b973349 Downloading [===============================>                   ]  61.73MB/97.44MB
 5bae82939a32 Downloading [================================================>  ]  193.2MB/200MB
 18202b973349 Downloading [================================>                  ]   62.8MB/97.44MB
 18202b973349 Downloading [=================================>                 ]  64.39MB/97.44MB
 5bae82939a32 Downloading [================================================>  ]  194.8MB/200MB
 18202b973349 Downloading [=================================>                 ]  66.01MB/97.44MB
 5bae82939a32 Downloading [=================================================> ]  196.4MB/200MB
 18202b973349 Downloading [==================================>                ]  67.61MB/97.44MB
 5bae82939a32 Downloading [=================================================> ]    198MB/200MB
 18202b973349 Downloading [===================================>               ]   69.2MB/97.44MB
 5bae82939a32 Downloading [=================================================> ]  199.6MB/200MB
 5bae82939a32 Verifying Checksum 
 5bae82939a32 Download complete 
 18202b973349 Downloading [====================================>              ]  71.35MB/97.44MB
 18202b973349 Downloading [======================================>            ]  74.56MB/97.44MB
 18202b973349 Downloading [=======================================>           ]  77.25MB/97.44MB
 18202b973349 Downloading [========================================>          ]  79.39MB/97.44MB
 18202b973349 Downloading [==========================================>        ]  82.07MB/97.44MB
 18202b973349 Downloading [===========================================>       ]  84.74MB/97.44MB
 4af68626d1c5 Downloading [==================================================>]     204B/204B
 4af68626d1c5 Download complete 
 18202b973349 Downloading [=============================================>     ]  87.97MB/97.44MB
 377fcd1199b5 Downloading [>                                                  ]  445.9kB/44.26MB
 18202b973349 Downloading [==============================================>    ]  90.63MB/97.44MB
 377fcd1199b5 Downloading [==>                                                ]  2.259MB/44.26MB
 18202b973349 Downloading [===============================================>   ]  92.22MB/97.44MB
 4f4fb700ef54 Downloading [==================================================>]      32B/32B
 4f4fb700ef54 Download complete 
 377fcd1199b5 Downloading [====>                                              ]  4.078MB/44.26MB
 18202b973349 Downloading [================================================>  ]  94.35MB/97.44MB
 377fcd1199b5 Downloading [======>                                            ]  5.897MB/44.26MB
 80fd1defeed5 Extracting [>                                                  ]  229.4kB/22.74MB
 18202b973349 Downloading [=================================================> ]  95.96MB/97.44MB
 377fcd1199b5 Downloading [========>                                          ]  7.273MB/44.26MB
 18202b973349 Downloading [=================================================> ]   96.5MB/97.44MB
 18202b973349 Verifying Checksum 
 18202b973349 Download complete 
 377fcd1199b5 Downloading [==========>                                        ]  9.108MB/44.26MB
 b3def6342ddc Downloading [==================================================>]     464B/464B
 b3def6342ddc Verifying Checksum 
 b3def6342ddc Download complete 
 377fcd1199b5 Downloading [=============>                                     ]  12.31MB/44.26MB
 563069fa03b4 Pull complete 
 377fcd1199b5 Downloading [===============>                                   ]  14.12MB/44.26MB
 377fcd1199b5 Downloading [====================>                              ]  17.76MB/44.26MB
 80fd1defeed5 Extracting [=>                                                 ]  458.8kB/22.74MB
 377fcd1199b5 Downloading [=======================>                           ]  20.95MB/44.26MB
 bd159e379b3b Downloading [>                                                  ]  314.8kB/31.42MB
 377fcd1199b5 Downloading [==========================>                        ]  23.19MB/44.26MB
 6309c66995c3 Downloading [>                                                  ]  13.25kB/1.235MB
 bd159e379b3b Downloading [==>                                                ]  1.298MB/31.42MB
 80fd1defeed5 Extracting [=>                                                 ]  688.1kB/22.74MB
 6309c66995c3 Downloading [====================>                              ]  506.3kB/1.235MB
 bd159e379b3b Downloading [====>                                              ]  2.591MB/31.42MB
 6309c66995c3 Downloading [===============================>                   ]  768.5kB/1.235MB
 80fd1defeed5 Extracting [==>                                                ]  917.5kB/22.74MB
 80fd1defeed5 Extracting [==>                                                ]  1.147MB/22.74MB
 6309c66995c3 Downloading [================================>                  ]  801.2kB/1.235MB
 377fcd1199b5 Downloading [===========================>                       ]  24.56MB/44.26MB
 6309c66995c3 Downloading [=====================================>             ]  932.3kB/1.235MB
 6309c66995c3 Downloading [============================================>      ]  1.096MB/1.235MB
 377fcd1199b5 Downloading [============================>                      ]  25.02MB/44.26MB
 6309c66995c3 Verifying Checksum 
 6309c66995c3 Download complete 
 377fcd1199b5 Downloading [===============================>                   ]  27.71MB/44.26MB
 377fcd1199b5 Downloading [==================================>                ]  30.43MB/44.26MB
 377fcd1199b5 Downloading [===================================>               ]  31.33MB/44.26MB
 377fcd1199b5 Downloading [=====================================>             ]   33.6MB/44.26MB
 377fcd1199b5 Downloading [========================================>          ]  35.88MB/44.26MB
 377fcd1199b5 Downloading [============================================>      ]  39.05MB/44.26MB
 377fcd1199b5 Downloading [===============================================>   ]  42.23MB/44.26MB
 377fcd1199b5 Verifying Checksum 
 377fcd1199b5 Download complete 
 bd159e379b3b Downloading [====>                                              ]  2.915MB/31.42MB
 80fd1defeed5 Extracting [===>                                               ]  1.376MB/22.74MB
 bd159e379b3b Downloading [==========>                                        ]  6.798MB/31.42MB
 afc82c51c69d Downloading [>                                                  ]  160.1kB/15.84MB
 053e09c75ec1 Downloading [>                                                  ]    139kB/13.5MB
 bd159e379b3b Downloading [=============>                                     ]  8.752MB/31.42MB
 afc82c51c69d Downloading [===>                                               ]  1.158MB/15.84MB
 053e09c75ec1 Downloading [===>                                               ]  1.011MB/13.5MB
 bd159e379b3b Downloading [===============>                                   ]  10.04MB/31.42MB
 afc82c51c69d Downloading [======>                                            ]  2.141MB/15.84MB
 053e09c75ec1 Downloading [=======>                                           ]  2.018MB/13.5MB
 afc82c51c69d Downloading [=========>                                         ]   2.96MB/15.84MB
 bd159e379b3b Downloading [==================>                                ]  11.35MB/31.42MB
 053e09c75ec1 Downloading [==========>                                        ]  2.898MB/13.5MB
 bd159e379b3b Downloading [===================>                               ]  11.99MB/31.42MB
 053e09c75ec1 Downloading [=============>                                     ]  3.615MB/13.5MB
 afc82c51c69d Downloading [============>                                      ]  3.939MB/15.84MB
 bd159e379b3b Downloading [====================>                              ]  12.62MB/31.42MB
 afc82c51c69d Downloading [===============>                                   ]  4.754MB/15.84MB
 053e09c75ec1 Downloading [================>                                  ]  4.352MB/13.5MB
 bd159e379b3b Downloading [=====================>                             ]  13.59MB/31.42MB
 afc82c51c69d Downloading [==================>                                ]  5.733MB/15.84MB
 053e09c75ec1 Downloading [===================>                               ]  5.356MB/13.5MB
 bd159e379b3b Downloading [=======================>                           ]  14.89MB/31.42MB
 053e09c75ec1 Downloading [========================>                          ]  6.499MB/13.5MB
 afc82c51c69d Downloading [=====================>                             ]   6.74MB/15.84MB
 bd159e379b3b Downloading [=========================>                         ]  15.86MB/31.42MB
 053e09c75ec1 Downloading [===========================>                       ]  7.527MB/13.5MB
 afc82c51c69d Downloading [========================>                          ]  7.732MB/15.84MB
 bd159e379b3b Downloading [==========================>                        ]  16.51MB/31.42MB
 053e09c75ec1 Downloading [==============================>                    ]  8.113MB/13.5MB
 afc82c51c69d Downloading [==========================>                        ]  8.383MB/15.84MB
 bd159e379b3b Downloading [===========================>                       ]  17.15MB/31.42MB
 053e09c75ec1 Downloading [================================>                  ]  8.686MB/13.5MB
 80fd1defeed5 Extracting [===>                                               ]  1.606MB/22.74MB
 afc82c51c69d Downloading [=============================>                     ]  9.206MB/15.84MB
 053e09c75ec1 Downloading [===================================>               ]  9.714MB/13.5MB
 bd159e379b3b Downloading [============================>                      ]  18.13MB/31.42MB
 afc82c51c69d Downloading [===============================>                   ]  10.03MB/15.84MB
 053e09c75ec1 Downloading [========================================>          ]  10.88MB/13.5MB
 bd159e379b3b Downloading [==============================>                    ]  19.43MB/31.42MB
 afc82c51c69d Downloading [===================================>               ]  11.17MB/15.84MB
 053e09c75ec1 Downloading [============================================>      ]   11.9MB/13.5MB
 afc82c51c69d Downloading [======================================>            ]  12.34MB/15.84MB
 bd159e379b3b Downloading [================================>                  ]  20.71MB/31.42MB
 053e09c75ec1 Downloading [================================================>  ]  13.04MB/13.5MB
 afc82c51c69d Downloading [==========================================>        ]  13.51MB/15.84MB
 053e09c75ec1 Verifying Checksum 
 053e09c75ec1 Download complete 
 bd159e379b3b Downloading [===================================>               ]     22MB/31.42MB
 afc82c51c69d Downloading [===============================================>   ]  14.99MB/15.84MB
 bd159e379b3b Downloading [=====================================>             ]   23.6MB/31.42MB
 afc82c51c69d Verifying Checksum 
 afc82c51c69d Download complete 
 bd159e379b3b Downloading [=========================================>         ]  25.86MB/31.42MB
 901d40e1841c Downloading [==========================>                        ]     934B/1.743kB
 fc6c361fe360 Downloading [=>                                                 ]    2.3kB/114.3kB
 901d40e1841c Download complete 
 bd159e379b3b Downloading [=========================================>         ]  26.18MB/31.42MB
 fc6c361fe360 Downloading [==================================================>]  114.3kB/114.3kB
 fc6c361fe360 Verifying Checksum 
 fc6c361fe360 Download complete 
 bd159e379b3b Verifying Checksum 
 bd159e379b3b Download complete 
 80fd1defeed5 Extracting [====>                                              ]  1.835MB/22.74MB
 80fd1defeed5 Extracting [====>                                              ]  2.064MB/22.74MB
 80fd1defeed5 Extracting [=====>                                             ]  2.294MB/22.74MB
 80fd1defeed5 Extracting [=====>                                             ]  2.523MB/22.74MB
 2babd04ec7b1 Extracting [==>                                                ]  32.77kB/661.7kB
 bd159e379b3b Extracting [>                                                  ]  327.7kB/31.42MB
 80fd1defeed5 Extracting [======>                                            ]  2.753MB/22.74MB
 bd159e379b3b Extracting [====>                                              ]  2.949MB/31.42MB
 6dce3b49cfe6 Pull complete 
 bd159e379b3b Extracting [==========>                                        ]  6.554MB/31.42MB
 2a325605524d Pull complete 
 be5cba3f61a8 Extracting [>                                                  ]    426kB/40.85MB
 dd85eb8fe9b6 Pull complete 
 bd159e379b3b Extracting [=============>                                     ]  8.192MB/31.42MB
 be5cba3f61a8 Extracting [==>                                                ]   2.13MB/40.85MB
 0b5dfd2389b7 Pull complete 
 bd159e379b3b Extracting [=================>                                 ]  10.81MB/31.42MB
 be5cba3f61a8 Extracting [=======>                                           ]  5.964MB/40.85MB
 be5cba3f61a8 Extracting [============>                                      ]  10.22MB/40.85MB
 bd159e379b3b Extracting [=====================>                             ]  13.76MB/31.42MB
 3c06cd7325ad Extracting [==================================================>]     180B/180B
 3c06cd7325ad Extracting [==================================================>]     180B/180B
 2babd04ec7b1 Extracting [==============>                                    ]  196.6kB/661.7kB
 80fd1defeed5 Extracting [======>                                            ]  2.982MB/22.74MB
 be5cba3f61a8 Extracting [=================>                                 ]  14.48MB/40.85MB
 bd159e379b3b Extracting [========================>                          ]   15.4MB/31.42MB
 2babd04ec7b1 Extracting [======================>                            ]  294.9kB/661.7kB
 efc837203904 Extracting [>                                                  ]  557.1kB/73.32MB
 be5cba3f61a8 Extracting [====================>                              ]  16.61MB/40.85MB
 bd159e379b3b Extracting [==========================>                        ]  16.71MB/31.42MB
 efc837203904 Extracting [==>                                                ]  3.342MB/73.32MB
 2babd04ec7b1 Extracting [==========================================>        ]  557.1kB/661.7kB
 be5cba3f61a8 Extracting [======================>                            ]  18.74MB/40.85MB
 bd159e379b3b Extracting [===========================>                       ]  17.37MB/31.42MB
 efc837203904 Extracting [======>                                            ]  10.03MB/73.32MB
 2babd04ec7b1 Extracting [===============================================>   ]  622.6kB/661.7kB
 be5cba3f61a8 Extracting [============================>                      ]     23MB/40.85MB
 efc837203904 Extracting [===========>                                       ]  16.15MB/73.32MB
 bd159e379b3b Extracting [================================>                  ]  20.32MB/31.42MB
 be5cba3f61a8 Extracting [==============================>                    ]  24.71MB/40.85MB
 2babd04ec7b1 Extracting [=================================================> ]  655.4kB/661.7kB
 bd159e379b3b Extracting [=================================>                 ]   21.3MB/31.42MB
 be5cba3f61a8 Extracting [===============================>                   ]  25.99MB/40.85MB
 efc837203904 Extracting [============>                                      ]  18.94MB/73.32MB
 bd159e379b3b Extracting [==================================>                ]  21.63MB/31.42MB
 efc837203904 Extracting [=============>                                     ]  20.05MB/73.32MB
 be5cba3f61a8 Extracting [================================>                  ]  26.84MB/40.85MB
 2babd04ec7b1 Extracting [==================================================>]  661.7kB/661.7kB
 bd159e379b3b Extracting [=======================================>           ]   24.9MB/31.42MB
 efc837203904 Extracting [===================>                               ]  28.41MB/73.32MB
 be5cba3f61a8 Extracting [====================================>              ]  29.82MB/40.85MB
 49031c033a72 Extracting [==================================================>]     874B/874B
 49031c033a72 Extracting [==================================================>]     874B/874B
 bd159e379b3b Extracting [===========================================>       ]  27.53MB/31.42MB
 efc837203904 Extracting [=====================>                             ]   31.2MB/73.32MB
 be5cba3f61a8 Extracting [========================================>          ]   32.8MB/40.85MB
 80fd1defeed5 Extracting [=======>                                           ]  3.211MB/22.74MB
 efc837203904 Extracting [=======================>                           ]  35.09MB/73.32MB
 bd159e379b3b Extracting [=============================================>     ]  28.51MB/31.42MB
 be5cba3f61a8 Extracting [===========================================>       ]  35.36MB/40.85MB
 efc837203904 Extracting [=========================>                         ]  37.88MB/73.32MB
 be5cba3f61a8 Extracting [=============================================>     ]  37.06MB/40.85MB
 efc837203904 Extracting [===========================>                       ]  40.11MB/73.32MB
 be5cba3f61a8 Extracting [=============================================>     ]  37.49MB/40.85MB
 bd159e379b3b Extracting [=============================================>     ]  28.84MB/31.42MB
 efc837203904 Extracting [=============================>                     ]  42.89MB/73.32MB
 23a024790aeb Extracting [>                                                  ]   98.3kB/8.095MB
 be5cba3f61a8 Extracting [==============================================>    ]  38.34MB/40.85MB
 efc837203904 Extracting [==============================>                    ]  45.12MB/73.32MB
 bd159e379b3b Extracting [===============================================>   ]  29.82MB/31.42MB
 80fd1defeed5 Extracting [=======>                                           ]  3.441MB/22.74MB
 efc837203904 Extracting [===============================>                   ]  46.79MB/73.32MB
 be5cba3f61a8 Extracting [===============================================>   ]  38.76MB/40.85MB
 efc837203904 Extracting [=================================>                 ]  49.02MB/73.32MB
 e2b6df31d6e6 Extracting [==================================================>]  9.454kB/9.454kB
 e2b6df31d6e6 Extracting [==================================================>]  9.454kB/9.454kB
 efc837203904 Extracting [===================================>               ]  52.36MB/73.32MB
 bd159e379b3b Extracting [===============================================>   ]  30.15MB/31.42MB
 efc837203904 Extracting [=====================================>             ]  55.15MB/73.32MB
 be5cba3f61a8 Extracting [===============================================>   ]  39.19MB/40.85MB
 efc837203904 Extracting [=======================================>           ]  57.38MB/73.32MB
 80fd1defeed5 Extracting [========>                                          ]   3.67MB/22.74MB
 be5cba3f61a8 Extracting [================================================>  ]  39.62MB/40.85MB
 efc837203904 Extracting [========================================>          ]   59.6MB/73.32MB
 be5cba3f61a8 Extracting [=================================================> ]  40.04MB/40.85MB
 80fd1defeed5 Extracting [========>                                          ]  3.899MB/22.74MB
 efc837203904 Extracting [=========================================>         ]  61.28MB/73.32MB
 bd159e379b3b Extracting [================================================>  ]  30.47MB/31.42MB
 e760ae920e54 Extracting [==================================================>]  1.088kB/1.088kB
 e760ae920e54 Extracting [==================================================>]  1.088kB/1.088kB
 efc837203904 Extracting [============================================>      ]  64.62MB/73.32MB
 80fd1defeed5 Extracting [=========>                                         ]  4.358MB/22.74MB
 bd159e379b3b Extracting [=================================================> ]  31.13MB/31.42MB
 3c06cd7325ad Pull complete 
 efc837203904 Extracting [=============================================>     ]  66.85MB/73.32MB
 80fd1defeed5 Extracting [==========>                                        ]  4.588MB/22.74MB
 be5cba3f61a8 Extracting [=================================================> ]  40.47MB/40.85MB
 bd159e379b3b Extracting [==================================================>]  31.42MB/31.42MB
 73966364e302 Extracting [>                                                  ]   98.3kB/8.306MB
 23a024790aeb Extracting [=>                                                 ]  196.6kB/8.095MB
 efc837203904 Extracting [==============================================>    ]  67.96MB/73.32MB
 be5cba3f61a8 Extracting [==================================================>]  40.85MB/40.85MB
 80fd1defeed5 Extracting [===========>                                       ]  5.276MB/22.74MB
 23a024790aeb Extracting [=>                                                 ]  294.9kB/8.095MB
 2babd04ec7b1 Pull complete 
 efc837203904 Extracting [===============================================>   ]  69.07MB/73.32MB
 23a024790aeb Extracting [=============>                                     ]  2.163MB/8.095MB
 80fd1defeed5 Extracting [============>                                      ]  5.505MB/22.74MB
 efc837203904 Extracting [===============================================>   ]  69.63MB/73.32MB
 23a024790aeb Extracting [===============>                                   ]  2.458MB/8.095MB
 80fd1defeed5 Extracting [============>                                      ]  5.734MB/22.74MB
 efc837203904 Extracting [=================================================> ]  71.86MB/73.32MB
 23a024790aeb Extracting [===========================>                       ]  4.424MB/8.095MB
 efc837203904 Extracting [==================================================>]  73.32MB/73.32MB
 23a024790aeb Extracting [==================================>                ]  5.603MB/8.095MB
 23a024790aeb Extracting [========================================>          ]  6.488MB/8.095MB
 23a024790aeb Extracting [=============================================>     ]  7.373MB/8.095MB
 23a024790aeb Extracting [==================================================>]  8.095MB/8.095MB
 80fd1defeed5 Extracting [=============>                                     ]  5.964MB/22.74MB
 49031c033a72 Pull complete 
 73966364e302 Extracting [=>                                                 ]  294.9kB/8.306MB
 73966364e302 Extracting [=========>                                         ]  1.573MB/8.306MB
 73966364e302 Extracting [==================>                                ]  3.047MB/8.306MB
 80fd1defeed5 Extracting [=============>                                     ]  6.193MB/22.74MB
 73966364e302 Extracting [======================>                            ]  3.736MB/8.306MB
 73966364e302 Extracting [========================================>          ]  6.783MB/8.306MB
 73966364e302 Extracting [==================================================>]  8.306MB/8.306MB
 bd159e379b3b Pull complete 
 80fd1defeed5 Extracting [==============>                                    ]  6.423MB/22.74MB
 6e829fdb373b Extracting [>                                                  ]  524.3kB/52.38MB
 80fd1defeed5 Extracting [==============>                                    ]  6.652MB/22.74MB
 6e829fdb373b Extracting [====>                                              ]  4.194MB/52.38MB
 be5cba3f61a8 Pull complete 
 6e829fdb373b Extracting [========>                                          ]  8.389MB/52.38MB
 80fd1defeed5 Extracting [===============>                                   ]  6.881MB/22.74MB
 e2b6df31d6e6 Pull complete 
 c645e9c24a26 Extracting [>                                                  ]  229.4kB/21.27MB
 6e829fdb373b Extracting [============>                                      ]  12.58MB/52.38MB
 6e829fdb373b Extracting [=================>                                 ]  17.83MB/52.38MB
 80fd1defeed5 Extracting [===============>                                   ]  7.111MB/22.74MB
 6e829fdb373b Extracting [=====================>                             ]  22.54MB/52.38MB
 80fd1defeed5 Extracting [================>                                  ]  7.569MB/22.74MB
 6e829fdb373b Extracting [=========================>                         ]  26.74MB/52.38MB
 e760ae920e54 Pull complete 
 efc837203904 Pull complete 
 6bbeea27f58c Extracting [>                                                  ]    426kB/42.27MB
 6e829fdb373b Extracting [=============================>                     ]  30.41MB/52.38MB
 23a024790aeb Pull complete 
 6bbeea27f58c Extracting [=====>                                             ]   4.26MB/42.27MB
 6e829fdb373b Extracting [================================>                  ]  34.08MB/52.38MB
 6bbeea27f58c Extracting [=========>                                         ]  8.094MB/42.27MB
 6e829fdb373b Extracting [====================================>              ]  38.27MB/52.38MB
 6bbeea27f58c Extracting [==============>                                    ]  12.35MB/42.27MB
 80fd1defeed5 Extracting [=================>                                 ]  7.799MB/22.74MB
 6e829fdb373b Extracting [========================================>          ]  42.47MB/52.38MB
 6bbeea27f58c Extracting [===================>                               ]  16.19MB/42.27MB
 6309c66995c3 Extracting [=>                                                 ]  32.77kB/1.235MB
 c645e9c24a26 Extracting [=>                                                 ]  458.8kB/21.27MB
 6bbeea27f58c Extracting [=======================>                           ]  20.02MB/42.27MB
 6e829fdb373b Extracting [===========================================>       ]  45.61MB/52.38MB
 c645e9c24a26 Extracting [=========>                                         ]  4.129MB/21.27MB
 73966364e302 Pull complete 
 6bbeea27f58c Extracting [============================>                      ]  23.86MB/42.27MB
 6e829fdb373b Extracting [==============================================>    ]  48.23MB/52.38MB
 c645e9c24a26 Extracting [=================>                                 ]   7.34MB/21.27MB
 6bbeea27f58c Extracting [================================>                  ]  27.69MB/42.27MB
 80fd1defeed5 Extracting [=================>                                 ]  8.028MB/22.74MB
 6e829fdb373b Extracting [================================================>  ]  50.33MB/52.38MB
 c645e9c24a26 Extracting [======================>                            ]  9.634MB/21.27MB
 6bbeea27f58c Extracting [======================================>            ]  32.37MB/42.27MB
 6e829fdb373b Extracting [==================================================>]  52.38MB/52.38MB
 c645e9c24a26 Extracting [===============================>                   ]   13.3MB/21.27MB
 6bbeea27f58c Extracting [===========================================>       ]  36.63MB/42.27MB
 c645e9c24a26 Extracting [=====================================>             ]  15.83MB/21.27MB
 6bbeea27f58c Extracting [===========================================>       ]  37.06MB/42.27MB
 80fd1defeed5 Extracting [==================>                                ]  8.258MB/22.74MB
 c645e9c24a26 Extracting [==============================================>    ]  19.96MB/21.27MB
 6bbeea27f58c Extracting [===============================================>   ]  40.04MB/42.27MB
 c645e9c24a26 Extracting [==================================================>]  21.27MB/21.27MB
 80fd1defeed5 Extracting [===================>                               ]  8.716MB/22.74MB
 6bbeea27f58c Extracting [=================================================> ]  42.17MB/42.27MB
 6bbeea27f58c Extracting [==================================================>]  42.27MB/42.27MB
 80fd1defeed5 Extracting [====================>                              ]  9.404MB/22.74MB
 80fd1defeed5 Extracting [=====================>                             ]  9.634MB/22.74MB
 4e92bbed68b7 Extracting [>                                                  ]  32.77kB/1.712MB
 6309c66995c3 Extracting [=========>                                         ]  229.4kB/1.235MB
 80fd1defeed5 Extracting [=====================>                             ]  9.863MB/22.74MB
 6309c66995c3 Extracting [==============>                                    ]  360.4kB/1.235MB
 6309c66995c3 Extracting [=====================================>             ]  917.5kB/1.235MB
 6309c66995c3 Extracting [==================================================>]  1.235MB/1.235MB
 6309c66995c3 Extracting [==================================================>]  1.235MB/1.235MB
 80fd1defeed5 Extracting [======================>                            ]  10.09MB/22.74MB
 4e92bbed68b7 Extracting [======>                                            ]  229.4kB/1.712MB
 4e92bbed68b7 Extracting [==================================================>]  1.712MB/1.712MB
 80fd1defeed5 Extracting [======================>                            ]  10.32MB/22.74MB
 6e829fdb373b Pull complete 
 c645e9c24a26 Pull complete 
 6bbeea27f58c Pull complete 
 80fd1defeed5 Extracting [=======================>                           ]  10.55MB/22.74MB
 4f4fb700ef54 Extracting [==================================================>]      32B/32B
 4f4fb700ef54 Extracting [==================================================>]      32B/32B
 6309c66995c3 Pull complete 
 80fd1defeed5 Extracting [=======================>                           ]  10.78MB/22.74MB
 eaf2e29bee29 Extracting [===>                                               ]  32.77kB/464.7kB
 4e92bbed68b7 Pull complete 
 62af05ff28d1 Extracting [=>                                                 ]  32.77kB/864.5kB
 80fd1defeed5 Extracting [========================>                          ]  11.01MB/22.74MB
 630289efdde3 Extracting [>                                                  ]  327.7kB/31.18MB
 630289efdde3 Extracting [================>                                  ]  10.49MB/31.18MB
 630289efdde3 Extracting [=====================>                             ]  13.43MB/31.18MB
 630289efdde3 Extracting [============================>                      ]  17.69MB/31.18MB
 eaf2e29bee29 Extracting [=====================>                             ]  196.6kB/464.7kB
 80fd1defeed5 Extracting [========================>                          ]  11.24MB/22.74MB
 630289efdde3 Extracting [===============================>                   ]  19.33MB/31.18MB
 eaf2e29bee29 Extracting [===================================>               ]  327.7kB/464.7kB
 630289efdde3 Extracting [===================================>               ]  21.95MB/31.18MB
 eaf2e29bee29 Extracting [=============================================>     ]    426kB/464.7kB
 630289efdde3 Extracting [======================================>            ]  24.25MB/31.18MB
 eaf2e29bee29 Extracting [==================================================>]  464.7kB/464.7kB
 eaf2e29bee29 Extracting [==================================================>]  464.7kB/464.7kB
 630289efdde3 Extracting [========================================>          ]  25.23MB/31.18MB
 62af05ff28d1 Extracting [===========>                                       ]  196.6kB/864.5kB
 62af05ff28d1 Extracting [==================================================>]  864.5kB/864.5kB
 62af05ff28d1 Extracting [==================================================>]  864.5kB/864.5kB
 630289efdde3 Extracting [==========================================>        ]  26.21MB/31.18MB
 80fd1defeed5 Extracting [=========================>                         ]  11.47MB/22.74MB
 630289efdde3 Extracting [============================================>      ]  27.53MB/31.18MB
 630289efdde3 Extracting [==============================================>    ]  28.84MB/31.18MB
 80fd1defeed5 Extracting [=========================>                         ]   11.7MB/22.74MB
 630289efdde3 Extracting [=================================================> ]   30.8MB/31.18MB
 630289efdde3 Extracting [==================================================>]  31.18MB/31.18MB
 80fd1defeed5 Extracting [==========================>                        ]  11.93MB/22.74MB
 80fd1defeed5 Extracting [==========================>                        ]  12.16MB/22.74MB
 80fd1defeed5 Extracting [===========================>                       ]  12.39MB/22.74MB
 4f4fb700ef54 Pull complete 
 80fd1defeed5 Extracting [============================>                      ]  13.07MB/22.74MB
 studio Pulled 
 80fd1defeed5 Extracting [=============================>                     ]  13.53MB/22.74MB
 80fd1defeed5 Extracting [===============================>                   ]  14.22MB/22.74MB
 80fd1defeed5 Extracting [==================================>                ]   15.6MB/22.74MB
 80fd1defeed5 Extracting [==================================>                ]  15.83MB/22.74MB
 80fd1defeed5 Extracting [===================================>               ]  16.06MB/22.74MB
 62af05ff28d1 Pull complete 
 2b092e92b1a0 Extracting [==================================================>]     713B/713B
 eaf2e29bee29 Pull complete 
 2b092e92b1a0 Extracting [==================================================>]     713B/713B
 80fd1defeed5 Extracting [====================================>              ]  16.52MB/22.74MB
 630289efdde3 Pull complete 
 80fd1defeed5 Extracting [====================================>              ]  16.74MB/22.74MB
 ab52a92c7961 Extracting [==================================================>]      97B/97B
 ab52a92c7961 Extracting [==================================================>]      97B/97B
 80fd1defeed5 Extracting [=====================================>             ]  16.97MB/22.74MB
 80fd1defeed5 Extracting [=====================================>             ]   17.2MB/22.74MB
 80fd1defeed5 Extracting [======================================>            ]  17.43MB/22.74MB
 80fd1defeed5 Extracting [======================================>            ]  17.66MB/22.74MB
 80fd1defeed5 Extracting [=======================================>           ]  17.89MB/22.74MB
 afc82c51c69d Extracting [>                                                  ]  163.8kB/15.84MB
 5bae82939a32 Extracting [>                                                  ]  557.1kB/200MB
 80fd1defeed5 Extracting [=======================================>           ]  18.12MB/22.74MB
 5bae82939a32 Extracting [==>                                                ]  11.14MB/200MB
 5bae82939a32 Extracting [=====>                                             ]  21.73MB/200MB
 80fd1defeed5 Extracting [========================================>          ]  18.35MB/22.74MB
 5bae82939a32 Extracting [========>                                          ]  32.31MB/200MB
 80fd1defeed5 Extracting [==========================================>        ]   19.5MB/22.74MB
 5bae82939a32 Extracting [===========>                                       ]  44.01MB/200MB
 5bae82939a32 Extracting [=============>                                     ]  55.15MB/200MB
 80fd1defeed5 Extracting [===========================================>       ]  19.96MB/22.74MB
 5bae82939a32 Extracting [================>                                  ]  66.85MB/200MB
 80fd1defeed5 Extracting [============================================>      ]  20.19MB/22.74MB
 5bae82939a32 Extracting [===================>                               ]  78.54MB/200MB
 80fd1defeed5 Extracting [============================================>      ]  20.41MB/22.74MB
 5bae82939a32 Extracting [======================>                            ]  88.57MB/200MB
 5bae82939a32 Extracting [========================>                          ]  99.16MB/200MB
 80fd1defeed5 Extracting [==============================================>    ]   21.1MB/22.74MB
 5bae82939a32 Extracting [===========================>                       ]  110.9MB/200MB
 5bae82939a32 Extracting [==============================>                    ]    122MB/200MB
 80fd1defeed5 Extracting [==============================================>    ]  21.33MB/22.74MB
 5bae82939a32 Extracting [=================================>                 ]  133.7MB/200MB
 5bae82939a32 Extracting [====================================>              ]  145.9MB/200MB
 80fd1defeed5 Extracting [===============================================>   ]  21.56MB/22.74MB
 5bae82939a32 Extracting [=======================================>           ]  158.2MB/200MB
 80fd1defeed5 Extracting [===============================================>   ]  21.79MB/22.74MB
 5bae82939a32 Extracting [==========================================>        ]  169.3MB/200MB
 5bae82939a32 Extracting [=============================================>     ]  180.5MB/200MB
 80fd1defeed5 Extracting [==================================================>]  22.74MB/22.74MB
 5bae82939a32 Extracting [===============================================>   ]  191.6MB/200MB
 5bae82939a32 Extracting [================================================>  ]  195.5MB/200MB
 5bae82939a32 Extracting [=================================================> ]  198.9MB/200MB
 5bae82939a32 Extracting [=================================================> ]  199.4MB/200MB
 5bae82939a32 Extracting [==================================================>]    200MB/200MB
 dafd5988e10b Extracting [==================================================>]     448B/448B
 dafd5988e10b Extracting [==================================================>]     448B/448B
 afc82c51c69d Extracting [=>                                                 ]  327.7kB/15.84MB
 afc82c51c69d Extracting [============>                                      ]  3.932MB/15.84MB
 afc82c51c69d Extracting [========================>                          ]  7.864MB/15.84MB
 afc82c51c69d Extracting [==================================>                ]  10.98MB/15.84MB
 afc82c51c69d Extracting [===============================================>   ]  15.07MB/15.84MB
 afc82c51c69d Extracting [==================================================>]  15.84MB/15.84MB
 5bae82939a32 Pull complete 
 2b092e92b1a0 Pull complete 
 80fd1defeed5 Pull complete 
 ab52a92c7961 Pull complete 
 4f4fb700ef54 Extracting [==================================================>]      32B/32B
 4f4fb700ef54 Extracting [==================================================>]      32B/32B
 dafd5988e10b Pull complete 
 afc82c51c69d Pull complete 
 2075556302e0 Extracting [==================================================>]     189B/189B
 2075556302e0 Extracting [==================================================>]     189B/189B
 18202b973349 Extracting [>                                                  ]  557.1kB/97.44MB
 18202b973349 Extracting [=>                                                 ]  2.228MB/97.44MB
 18202b973349 Extracting [==>                                                ]  3.899MB/97.44MB
 realtime Pulled 
 18202b973349 Extracting [==>                                                ]  5.014MB/97.44MB
 18202b973349 Extracting [===>                                               ]  6.685MB/97.44MB
 18202b973349 Extracting [====>                                              ]  8.913MB/97.44MB
 18202b973349 Extracting [====>                                              ]   9.47MB/97.44MB
 18202b973349 Extracting [=====>                                             ]  10.58MB/97.44MB
 18202b973349 Extracting [======>                                            ]  13.37MB/97.44MB
 18202b973349 Extracting [=======>                                           ]  15.04MB/97.44MB
 18202b973349 Extracting [========>                                          ]  16.71MB/97.44MB
 18202b973349 Extracting [=========>                                         ]  18.38MB/97.44MB
 18202b973349 Extracting [==========>                                        ]  20.05MB/97.44MB
 18202b973349 Extracting [===========>                                       ]  22.84MB/97.44MB
 18202b973349 Extracting [==============>                                    ]   27.3MB/97.44MB
 18202b973349 Extracting [================>                                  ]  31.75MB/97.44MB
 18202b973349 Extracting [==================>                                ]  36.21MB/97.44MB
 18202b973349 Extracting [=====================>                             ]  41.22MB/97.44MB
 18202b973349 Extracting [======================>                            ]  42.89MB/97.44MB
 18202b973349 Extracting [=======================>                           ]  46.24MB/97.44MB
 18202b973349 Extracting [=========================>                         ]  50.14MB/97.44MB
 18202b973349 Extracting [===========================>                       ]  54.03MB/97.44MB
 18202b973349 Extracting [============================>                      ]  54.59MB/97.44MB
 18202b973349 Extracting [============================>                      ]  56.26MB/97.44MB
 18202b973349 Extracting [=============================>                     ]  57.93MB/97.44MB
 18202b973349 Extracting [==============================>                    ]   59.6MB/97.44MB
 18202b973349 Extracting [===============================>                   ]  61.83MB/97.44MB
 18202b973349 Extracting [================================>                  ]   63.5MB/97.44MB
 18202b973349 Extracting [=================================>                 ]  65.18MB/97.44MB
 18202b973349 Extracting [==================================>                ]  66.85MB/97.44MB
 18202b973349 Extracting [===================================>               ]  68.52MB/97.44MB
 18202b973349 Extracting [===================================>               ]  69.07MB/97.44MB
 18202b973349 Extracting [====================================>              ]  71.86MB/97.44MB
 18202b973349 Extracting [=====================================>             ]  72.97MB/97.44MB
 18202b973349 Extracting [======================================>            ]  74.09MB/97.44MB
 18202b973349 Extracting [======================================>            ]   75.2MB/97.44MB
 18202b973349 Extracting [========================================>          ]  77.99MB/97.44MB
 18202b973349 Extracting [========================================>          ]   79.1MB/97.44MB
 18202b973349 Extracting [========================================>          ]  79.66MB/97.44MB
 18202b973349 Extracting [=========================================>         ]  80.77MB/97.44MB
 18202b973349 Extracting [==========================================>        ]  81.89MB/97.44MB
 18202b973349 Extracting [=============================================>     ]  89.13MB/97.44MB
 18202b973349 Extracting [==============================================>    ]   90.8MB/97.44MB
 18202b973349 Extracting [==============================================>    ]  91.36MB/97.44MB
 18202b973349 Extracting [===============================================>   ]  91.91MB/97.44MB
 18202b973349 Extracting [===============================================>   ]  93.03MB/97.44MB
 18202b973349 Extracting [================================================>  ]  93.59MB/97.44MB
 18202b973349 Extracting [================================================>  ]  94.14MB/97.44MB
 18202b973349 Extracting [=================================================> ]  95.81MB/97.44MB
 18202b973349 Extracting [=================================================> ]  96.37MB/97.44MB
 18202b973349 Extracting [==================================================>]  97.44MB/97.44MB
 4f4fb700ef54 Pull complete 
 9ced58d1ef15 Extracting [==================================================>]     149B/149B
 9ced58d1ef15 Extracting [==================================================>]     149B/149B
 2075556302e0 Pull complete 
 d5db3ddc23dd Extracting [====>                                              ]  32.77kB/377.2kB
 6904def1bcbe Extracting [>                                                  ]  196.6kB/18.32MB
 6904def1bcbe Extracting [===========>                                       ]  4.129MB/18.32MB
 6904def1bcbe Extracting [=======================>                           ]  8.454MB/18.32MB
 6904def1bcbe Extracting [====================================>              ]  13.37MB/18.32MB
 4f4fb700ef54 Extracting [==================================================>]      32B/32B
 4f4fb700ef54 Extracting [==================================================>]      32B/32B
 6904def1bcbe Extracting [=================================================> ]  18.28MB/18.32MB
 6904def1bcbe Extracting [==================================================>]  18.32MB/18.32MB
 5915a2307275 Extracting [>                                                  ]  65.54kB/3.507MB
 18202b973349 Pull complete 
 053e09c75ec1 Extracting [>                                                  ]  163.8kB/13.5MB
 d5db3ddc23dd Extracting [==========================>                        ]  196.6kB/377.2kB
 d5db3ddc23dd Extracting [===============================================>   ]  360.4kB/377.2kB
 d5db3ddc23dd Extracting [==================================================>]  377.2kB/377.2kB
 d5db3ddc23dd Extracting [==================================================>]  377.2kB/377.2kB
 5915a2307275 Extracting [==>                                                ]  196.6kB/3.507MB
 5915a2307275 Extracting [===========>                                       ]  786.4kB/3.507MB
 5915a2307275 Extracting [=============================================>     ]  3.211MB/3.507MB
 5915a2307275 Extracting [==================================================>]  3.507MB/3.507MB
 6904def1bcbe Pull complete 
 053e09c75ec1 Extracting [=>                                                 ]  327.7kB/13.5MB
 053e09c75ec1 Extracting [================>                                  ]  4.588MB/13.5MB
 053e09c75ec1 Extracting [===============================>                   ]   8.52MB/13.5MB
 053e09c75ec1 Extracting [=============================================>     ]  12.29MB/13.5MB
 053e09c75ec1 Extracting [================================================>  ]  13.11MB/13.5MB
 053e09c75ec1 Extracting [==================================================>]   13.5MB/13.5MB
 9ced58d1ef15 Pull complete 
 7ffa9188421a Extracting [==================================================>]     109B/109B
 7ffa9188421a Extracting [==================================================>]     109B/109B
 d5db3ddc23dd Pull complete 
 4f4fb700ef54 Pull complete 
 5915a2307275 Pull complete 
 803debb29f36 Extracting [>                                                  ]  557.1kB/343.5MB
 803debb29f36 Extracting [>                                                  ]  3.899MB/343.5MB
 1b619070c4cd Extracting [==================================================>]     164B/164B
 1b619070c4cd Extracting [==================================================>]     164B/164B
 803debb29f36 Extracting [>                                                  ]  4.456MB/343.5MB
 803debb29f36 Extracting [>                                                  ]  5.014MB/343.5MB
 803debb29f36 Extracting [>                                                  ]  6.128MB/343.5MB
 803debb29f36 Extracting [>                                                  ]  6.685MB/343.5MB
 803debb29f36 Extracting [=>                                                 ]  7.242MB/343.5MB
 803debb29f36 Extracting [=>                                                 ]  8.356MB/343.5MB
 803debb29f36 Extracting [=>                                                 ]  11.14MB/343.5MB
 803debb29f36 Extracting [=>                                                 ]   11.7MB/343.5MB
 803debb29f36 Extracting [=>                                                 ]  13.37MB/343.5MB
 803debb29f36 Extracting [==>                                                ]  17.27MB/343.5MB
 803debb29f36 Extracting [===>                                               ]  21.17MB/343.5MB
 803debb29f36 Extracting [===>                                               ]   27.3MB/343.5MB
 803debb29f36 Extracting [====>                                              ]  33.42MB/343.5MB
 803debb29f36 Extracting [=====>                                             ]  39.55MB/343.5MB
 803debb29f36 Extracting [======>                                            ]  42.34MB/343.5MB
 803debb29f36 Extracting [======>                                            ]  45.12MB/343.5MB
 803debb29f36 Extracting [=======>                                           ]  48.46MB/343.5MB
 803debb29f36 Extracting [=======>                                           ]  49.58MB/343.5MB
 803debb29f36 Extracting [=======>                                           ]  50.14MB/343.5MB
 803debb29f36 Extracting [=======>                                           ]  50.69MB/343.5MB
 053e09c75ec1 Pull complete 
 803debb29f36 Extracting [=======>                                           ]  51.25MB/343.5MB
 803debb29f36 Extracting [========>                                          ]  56.82MB/343.5MB
 803debb29f36 Extracting [========>                                          ]  61.83MB/343.5MB
 803debb29f36 Extracting [=========>                                         ]  62.95MB/343.5MB
 803debb29f36 Extracting [=========>                                         ]   63.5MB/343.5MB
 803debb29f36 Extracting [=========>                                         ]  64.06MB/343.5MB
 803debb29f36 Extracting [=========>                                         ]  65.18MB/343.5MB
 803debb29f36 Extracting [=========>                                         ]  67.96MB/343.5MB
 803debb29f36 Extracting [=========>                                         ]  68.52MB/343.5MB
 803debb29f36 Extracting [==========>                                        ]  69.07MB/343.5MB
 803debb29f36 Extracting [==========>                                        ]  69.63MB/343.5MB
 4f4fb700ef54 Extracting [==================================================>]      32B/32B
 4f4fb700ef54 Extracting [==================================================>]      32B/32B
 803debb29f36 Extracting [==========>                                        ]   75.2MB/343.5MB
 803debb29f36 Extracting [===========>                                       ]  78.54MB/343.5MB
 7ffa9188421a Pull complete 
 803debb29f36 Extracting [===========>                                       ]  81.33MB/343.5MB
 803debb29f36 Extracting [===========>                                       ]  82.44MB/343.5MB
 803debb29f36 Extracting [============>                                      ]     83MB/343.5MB
 1b619070c4cd Pull complete 
 803debb29f36 Extracting [============>                                      ]  84.12MB/343.5MB
 550e4087f9e6 Extracting [==================================================>]  2.107kB/2.107kB
 550e4087f9e6 Extracting [==================================================>]  2.107kB/2.107kB
 803debb29f36 Extracting [============>                                      ]  84.67MB/343.5MB
 be0fb269c172 Extracting [==================================================>]     133B/133B
 be0fb269c172 Extracting [==================================================>]     133B/133B
 803debb29f36 Extracting [============>                                      ]  85.79MB/343.5MB
 functions Pulled 
 803debb29f36 Extracting [============>                                      ]  86.34MB/343.5MB
 803debb29f36 Extracting [============>                                      ]   86.9MB/343.5MB
 803debb29f36 Extracting [============>                                      ]  87.46MB/343.5MB
 803debb29f36 Extracting [============>                                      ]  88.01MB/343.5MB
 fc6c361fe360 Extracting [==============>                                    ]  32.77kB/114.3kB
 fc6c361fe360 Extracting [==================================================>]  114.3kB/114.3kB
 803debb29f36 Extracting [============>                                      ]  89.13MB/343.5MB
 803debb29f36 Extracting [=============>                                     ]  89.69MB/343.5MB
 803debb29f36 Extracting [=============>                                     ]  90.24MB/343.5MB
 803debb29f36 Extracting [=============>                                     ]  91.36MB/343.5MB
 803debb29f36 Extracting [=============>                                     ]  91.91MB/343.5MB
 storage Pulled 
 803debb29f36 Extracting [=============>                                     ]  93.03MB/343.5MB
 721d203bc179 Extracting [==================================================>]     615B/615B
 721d203bc179 Extracting [==================================================>]     615B/615B
 803debb29f36 Extracting [=============>                                     ]  93.59MB/343.5MB
 4f4fb700ef54 Pull complete 
 803debb29f36 Extracting [=============>                                     ]  94.14MB/343.5MB
 803debb29f36 Extracting [==============>                                    ]  96.37MB/343.5MB
 803debb29f36 Extracting [==============>                                    ]  97.48MB/343.5MB
 803debb29f36 Extracting [==============>                                    ]  99.16MB/343.5MB
 803debb29f36 Extracting [==============>                                    ]  100.3MB/343.5MB
 803debb29f36 Extracting [==============>                                    ]  100.8MB/343.5MB
 803debb29f36 Extracting [==============>                                    ]  102.5MB/343.5MB
 550e4087f9e6 Pull complete 
 be0fb269c172 Pull complete 
 803debb29f36 Extracting [===============>                                   ]  103.6MB/343.5MB
 1776b39f721a Extracting [>                                                  ]  458.8kB/44.26MB
 803debb29f36 Extracting [===============>                                   ]  104.2MB/343.5MB
 1776b39f721a Extracting [=========>                                         ]  8.258MB/44.26MB
 1776b39f721a Extracting [===================>                               ]  16.97MB/44.26MB
 1776b39f721a Extracting [======================>                            ]  20.19MB/44.26MB
 1776b39f721a Extracting [===============================>                   ]  27.98MB/44.26MB
 803debb29f36 Extracting [===============>                                   ]  105.8MB/343.5MB
 1776b39f721a Extracting [======================================>            ]  34.41MB/44.26MB
 1776b39f721a Extracting [========================================>          ]  35.78MB/44.26MB
 803debb29f36 Extracting [===============>                                   ]    107MB/343.5MB
 1776b39f721a Extracting [=============================================>     ]  40.37MB/44.26MB
 1776b39f721a Extracting [==================================================>]  44.26MB/44.26MB
 803debb29f36 Extracting [===============>                                   ]  108.6MB/343.5MB
 803debb29f36 Extracting [===============>                                   ]  109.7MB/343.5MB
 803debb29f36 Extracting [================>                                  ]  110.9MB/343.5MB
 803debb29f36 Extracting [================>                                  ]    112MB/343.5MB
 803debb29f36 Extracting [================>                                  ]  113.1MB/343.5MB
 803debb29f36 Extracting [================>                                  ]  113.6MB/343.5MB
 fc6c361fe360 Pull complete 
 803debb29f36 Extracting [================>                                  ]  114.2MB/343.5MB
 803debb29f36 Extracting [================>                                  ]  115.3MB/343.5MB
 803debb29f36 Extracting [================>                                  ]  116.4MB/343.5MB
 803debb29f36 Extracting [=================>                                 ]  117.5MB/343.5MB
 803debb29f36 Extracting [=================>                                 ]  118.7MB/343.5MB
 803debb29f36 Extracting [=================>                                 ]  120.3MB/343.5MB
 803debb29f36 Extracting [=================>                                 ]    122MB/343.5MB
 803debb29f36 Extracting [=================>                                 ]  122.6MB/343.5MB
 803debb29f36 Extracting [==================>                                ]  124.2MB/343.5MB
 803debb29f36 Extracting [==================>                                ]  125.3MB/343.5MB
 803debb29f36 Extracting [==================>                                ]  126.5MB/343.5MB
 803debb29f36 Extracting [==================>                                ]  128.7MB/343.5MB
 vector Pulled 
 803debb29f36 Extracting [===================>                               ]  133.7MB/343.5MB
 721d203bc179 Pull complete 
 803debb29f36 Extracting [====================>                              ]  138.1MB/343.5MB
 803debb29f36 Extracting [====================>                              ]  142.6MB/343.5MB
 803debb29f36 Extracting [=====================>                             ]  144.8MB/343.5MB
 803debb29f36 Extracting [=====================>                             ]  145.9MB/343.5MB
 901d40e1841c Extracting [==================================================>]  1.743kB/1.743kB
 901d40e1841c Extracting [==================================================>]  1.743kB/1.743kB
 803debb29f36 Extracting [=====================>                             ]  147.6MB/343.5MB
 1776b39f721a Pull complete 
 803debb29f36 Extracting [=====================>                             ]  148.7MB/343.5MB
 redis Pulled 
 803debb29f36 Extracting [=====================>                             ]  149.3MB/343.5MB
 803debb29f36 Extracting [=====================>                             ]  149.8MB/343.5MB
 abf40e7ab36b Extracting [>                                                  ]  262.1kB/23.05MB
 abf40e7ab36b Extracting [=>                                                 ]  524.3kB/23.05MB
 803debb29f36 Extracting [=====================>                             ]  150.4MB/343.5MB
 abf40e7ab36b Extracting [=>                                                 ]  786.4kB/23.05MB
 bbbeb4a4152c Extracting [==================================================>]     831B/831B
 bbbeb4a4152c Extracting [==================================================>]     831B/831B
 803debb29f36 Extracting [======================>                            ]  151.5MB/343.5MB
 abf40e7ab36b Extracting [==>                                                ]  1.049MB/23.05MB
 803debb29f36 Extracting [======================>                            ]  153.7MB/343.5MB
 abf40e7ab36b Extracting [=====>                                             ]  2.359MB/23.05MB
 803debb29f36 Extracting [======================>                            ]  154.9MB/343.5MB
 803debb29f36 Extracting [======================>                            ]  155.4MB/343.5MB
 abf40e7ab36b Extracting [=====>                                             ]  2.621MB/23.05MB
 abf40e7ab36b Extracting [======>                                            ]  2.884MB/23.05MB
 abf40e7ab36b Extracting [======>                                            ]  3.146MB/23.05MB
 803debb29f36 Extracting [======================>                            ]  156.5MB/343.5MB
 abf40e7ab36b Extracting [=======>                                           ]   3.67MB/23.05MB
 abf40e7ab36b Extracting [==============>                                    ]  6.816MB/23.05MB
 803debb29f36 Extracting [======================>                            ]  157.1MB/343.5MB
 abf40e7ab36b Extracting [====================>                              ]  9.437MB/23.05MB
 803debb29f36 Extracting [=======================>                           ]  158.2MB/343.5MB
 abf40e7ab36b Extracting [=====================>                             ]  9.961MB/23.05MB
 803debb29f36 Extracting [=======================>                           ]  159.3MB/343.5MB
 abf40e7ab36b Extracting [======================>                            ]  10.49MB/23.05MB
 377fcd1199b5 Extracting [>                                                  ]  458.8kB/44.26MB
 abf40e7ab36b Extracting [========================>                          ]  11.27MB/23.05MB
 901d40e1841c Pull complete 
 377fcd1199b5 Extracting [=========>                                         ]  8.258MB/44.26MB
 803debb29f36 Extracting [=======================>                           ]  160.4MB/343.5MB
 abf40e7ab36b Extracting [===========================>                       ]  12.58MB/23.05MB
 377fcd1199b5 Extracting [================>                                  ]  14.22MB/44.26MB
 803debb29f36 Extracting [=======================>                           ]    161MB/343.5MB
 abf40e7ab36b Extracting [==============================>                    ]  14.16MB/23.05MB
 377fcd1199b5 Extracting [========================>                          ]  21.56MB/44.26MB
 abf40e7ab36b Extracting [================================>                  ]  14.94MB/23.05MB
 377fcd1199b5 Extracting [================================>                  ]   28.9MB/44.26MB
 803debb29f36 Extracting [=======================>                           ]  161.5MB/343.5MB
 abf40e7ab36b Extracting [===================================>               ]  16.25MB/23.05MB
 377fcd1199b5 Extracting [======================================>            ]  34.41MB/44.26MB
 377fcd1199b5 Extracting [==========================================>        ]  37.62MB/44.26MB
 abf40e7ab36b Extracting [=====================================>             ]   17.3MB/23.05MB
 377fcd1199b5 Extracting [===============================================>   ]  41.75MB/44.26MB
 803debb29f36 Extracting [=======================>                           ]  162.7MB/343.5MB
 abf40e7ab36b Extracting [========================================>          ]  18.61MB/23.05MB
 377fcd1199b5 Extracting [==================================================>]  44.26MB/44.26MB
 bbbeb4a4152c Pull complete 
 abf40e7ab36b Extracting [==========================================>        ]   19.4MB/23.05MB
 803debb29f36 Extracting [=======================>                           ]  163.8MB/343.5MB
 803debb29f36 Extracting [=======================>                           ]  164.3MB/343.5MB
 abf40e7ab36b Extracting [===========================================>       ]  19.92MB/23.05MB
 abf40e7ab36b Extracting [===============================================>   ]  21.76MB/23.05MB
 803debb29f36 Extracting [=======================>                           ]  164.9MB/343.5MB
 803debb29f36 Extracting [========================>                          ]  165.4MB/343.5MB
 a80fce81716e Extracting [>                                                  ]  131.1kB/12.47MB
 abf40e7ab36b Extracting [===============================================>   ]  22.02MB/23.05MB
 abf40e7ab36b Extracting [================================================>  ]  22.28MB/23.05MB
 803debb29f36 Extracting [========================>                          ]    166MB/343.5MB
 803debb29f36 Extracting [========================>                          ]  166.6MB/343.5MB
 abf40e7ab36b Extracting [=================================================> ]  22.81MB/23.05MB
 abf40e7ab36b Extracting [==================================================>]  23.05MB/23.05MB
 abf40e7ab36b Extracting [==================================================>]  23.05MB/23.05MB
 803debb29f36 Extracting [========================>                          ]  167.7MB/343.5MB
 imgproxy Pulled 
 803debb29f36 Extracting [========================>                          ]  168.8MB/343.5MB
 377fcd1199b5 Pull complete 
 803debb29f36 Extracting [========================>                          ]  169.3MB/343.5MB
 803debb29f36 Extracting [========================>                          ]  170.5MB/343.5MB
 a80fce81716e Extracting [=>                                                 ]  262.1kB/12.47MB
 803debb29f36 Extracting [========================>                          ]    171MB/343.5MB
 a80fce81716e Extracting [=============>                                     ]  3.277MB/12.47MB
 a80fce81716e Extracting [=====================>                             ]  5.243MB/12.47MB
 803debb29f36 Extracting [========================>                          ]  171.6MB/343.5MB
 a80fce81716e Extracting [=========================>                         ]  6.291MB/12.47MB
 803debb29f36 Extracting [=========================>                         ]  172.1MB/343.5MB
 4af68626d1c5 Extracting [==================================================>]     204B/204B
 4af68626d1c5 Extracting [==================================================>]     204B/204B
 a80fce81716e Extracting [===========================>                       ]  6.816MB/12.47MB
 a80fce81716e Extracting [============================>                      ]  7.209MB/12.47MB
 803debb29f36 Extracting [=========================>                         ]  172.7MB/343.5MB
 a80fce81716e Extracting [==================================>                ]  8.651MB/12.47MB
 803debb29f36 Extracting [=========================>                         ]  173.2MB/343.5MB
 a80fce81716e Extracting [=======================================>           ]   9.83MB/12.47MB
 a80fce81716e Extracting [==========================================>        ]  10.49MB/12.47MB
 803debb29f36 Extracting [=========================>                         ]  173.8MB/343.5MB
 a80fce81716e Extracting [=============================================>     ]  11.27MB/12.47MB
 a80fce81716e Extracting [==================================================>]  12.47MB/12.47MB
 803debb29f36 Extracting [=========================>                         ]  174.9MB/343.5MB
 abf40e7ab36b Pull complete 
 803debb29f36 Extracting [=========================>                         ]    176MB/343.5MB
 803debb29f36 Extracting [=========================>                         ]  176.6MB/343.5MB
 803debb29f36 Extracting [=========================>                         ]  177.1MB/343.5MB
 803debb29f36 Extracting [=========================>                         ]  177.7MB/343.5MB
 d3af41f674df Extracting [=================>                                 ]  32.77kB/93.82kB
 d3af41f674df Extracting [==================================================>]  93.82kB/93.82kB
 d3af41f674df Extracting [==================================================>]  93.82kB/93.82kB
 803debb29f36 Extracting [=========================>                         ]  178.3MB/343.5MB
 803debb29f36 Extracting [==========================>                        ]  179.4MB/343.5MB
 803debb29f36 Extracting [==========================>                        ]  182.7MB/343.5MB
 803debb29f36 Extracting [==========================>                        ]  183.3MB/343.5MB
 803debb29f36 Extracting [==========================>                        ]  184.4MB/343.5MB
 803debb29f36 Extracting [==========================>                        ]  185.5MB/343.5MB
 803debb29f36 Extracting [===========================>                       ]  186.6MB/343.5MB
 803debb29f36 Extracting [===========================>                       ]  187.2MB/343.5MB
 803debb29f36 Extracting [===========================>                       ]  187.7MB/343.5MB
 803debb29f36 Extracting [===========================>                       ]  188.8MB/343.5MB
 803debb29f36 Extracting [===========================>                       ]    190MB/343.5MB
 803debb29f36 Extracting [===========================>                       ]  191.1MB/343.5MB
 803debb29f36 Extracting [===========================>                       ]  192.2MB/343.5MB
 803debb29f36 Extracting [============================>                      ]  192.7MB/343.5MB
 803debb29f36 Extracting [============================>                      ]    195MB/343.5MB
 803debb29f36 Extracting [============================>                      ]  195.5MB/343.5MB
 a80fce81716e Pull complete 
 803debb29f36 Extracting [============================>                      ]  196.1MB/343.5MB
 803debb29f36 Extracting [============================>                      ]  198.3MB/343.5MB
 4af68626d1c5 Pull complete 
 803debb29f36 Extracting [=============================>                     ]  199.4MB/343.5MB
 803debb29f36 Extracting [=============================>                     ]    200MB/343.5MB
 803debb29f36 Extracting [=============================>                     ]  200.5MB/343.5MB
 803debb29f36 Extracting [=============================>                     ]  202.2MB/343.5MB
 4f4fb700ef54 Extracting [==================================================>]      32B/32B
 4f4fb700ef54 Extracting [==================================================>]      32B/32B
 803debb29f36 Extracting [=============================>                     ]  202.8MB/343.5MB
 803debb29f36 Extracting [=============================>                     ]  203.9MB/343.5MB
 d3af41f674df Pull complete 
 803debb29f36 Extracting [=============================>                     ]  204.4MB/343.5MB
 803debb29f36 Extracting [=============================>                     ]  205.6MB/343.5MB
 803debb29f36 Extracting [=============================>                     ]  206.1MB/343.5MB
 803debb29f36 Extracting [==============================>                    ]    210MB/343.5MB
 803debb29f36 Extracting [===============================>                   ]  213.9MB/343.5MB
 803debb29f36 Extracting [===============================>                   ]  217.8MB/343.5MB
 803debb29f36 Extracting [================================>                  ]  221.2MB/343.5MB
 803debb29f36 Extracting [================================>                  ]  222.3MB/343.5MB
 803debb29f36 Extracting [================================>                  ]  222.8MB/343.5MB
 803debb29f36 Extracting [================================>                  ]  223.4MB/343.5MB
 803debb29f36 Extracting [================================>                  ]  225.6MB/343.5MB
 803debb29f36 Extracting [=================================>                 ]    229MB/343.5MB
 803debb29f36 Extracting [=================================>                 ]  229.5MB/343.5MB
 803debb29f36 Extracting [=================================>                 ]  230.1MB/343.5MB
 803debb29f36 Extracting [=================================>                 ]  232.3MB/343.5MB
 803debb29f36 Extracting [==================================>                ]  235.1MB/343.5MB
 803debb29f36 Extracting [==================================>                ]  237.3MB/343.5MB
 803debb29f36 Extracting [==================================>                ]  237.9MB/343.5MB
 803debb29f36 Extracting [==================================>                ]  238.4MB/343.5MB
 803debb29f36 Extracting [==================================>                ]  240.1MB/343.5MB
 803debb29f36 Extracting [===================================>               ]  240.6MB/343.5MB
 803debb29f36 Extracting [===================================>               ]  241.8MB/343.5MB
 803debb29f36 Extracting [===================================>               ]  242.9MB/343.5MB
 803debb29f36 Extracting [===================================>               ]  245.1MB/343.5MB
 803debb29f36 Extracting [===================================>               ]  245.7MB/343.5MB
 803debb29f36 Extracting [===================================>               ]  246.2MB/343.5MB
 803debb29f36 Extracting [===================================>               ]  246.8MB/343.5MB
 803debb29f36 Extracting [====================================>              ]  247.9MB/343.5MB
 d6bf9fe0041c Extracting [==================================================>]  1.218kB/1.218kB
 d6bf9fe0041c Extracting [==================================================>]  1.218kB/1.218kB
 rabbitmq Pulled 
 803debb29f36 Extracting [====================================>              ]  248.4MB/343.5MB
 803debb29f36 Extracting [====================================>              ]    249MB/343.5MB
 803debb29f36 Extracting [====================================>              ]  249.6MB/343.5MB
 803debb29f36 Extracting [====================================>              ]  250.1MB/343.5MB
 803debb29f36 Extracting [====================================>              ]  251.2MB/343.5MB
 803debb29f36 Extracting [====================================>              ]  251.8MB/343.5MB
 803debb29f36 Extracting [=====================================>             ]  256.2MB/343.5MB
 803debb29f36 Extracting [=====================================>             ]  257.4MB/343.5MB
 803debb29f36 Extracting [=====================================>             ]  257.9MB/343.5MB
 803debb29f36 Extracting [=====================================>             ]  258.5MB/343.5MB
 803debb29f36 Extracting [=====================================>             ]  259.6MB/343.5MB
 803debb29f36 Extracting [======================================>            ]    264MB/343.5MB
 803debb29f36 Extracting [======================================>            ]  264.6MB/343.5MB
 803debb29f36 Extracting [======================================>            ]  265.7MB/343.5MB
 803debb29f36 Extracting [======================================>            ]  266.8MB/343.5MB
 803debb29f36 Extracting [=======================================>           ]  268.5MB/343.5MB
 803debb29f36 Extracting [=======================================>           ]  269.1MB/343.5MB
 803debb29f36 Extracting [=======================================>           ]  271.8MB/343.5MB
 803debb29f36 Extracting [=======================================>           ]    273MB/343.5MB
 803debb29f36 Extracting [========================================>          ]  275.2MB/343.5MB
 803debb29f36 Extracting [========================================>          ]  276.3MB/343.5MB
 803debb29f36 Extracting [========================================>          ]  277.4MB/343.5MB
 803debb29f36 Extracting [========================================>          ]    278MB/343.5MB
 803debb29f36 Extracting [========================================>          ]  278.5MB/343.5MB
 803debb29f36 Extracting [========================================>          ]  280.2MB/343.5MB
 803debb29f36 Extracting [========================================>          ]  281.3MB/343.5MB
 803debb29f36 Extracting [=========================================>         ]  281.9MB/343.5MB
 803debb29f36 Extracting [=========================================>         ]  282.4MB/343.5MB
 803debb29f36 Extracting [=========================================>         ]  284.1MB/343.5MB
 803debb29f36 Extracting [=========================================>         ]  285.8MB/343.5MB
 803debb29f36 Extracting [=========================================>         ]  286.9MB/343.5MB
 803debb29f36 Extracting [=========================================>         ]    288MB/343.5MB
 803debb29f36 Extracting [=========================================>         ]  288.6MB/343.5MB
 803debb29f36 Extracting [==========================================>        ]  289.1MB/343.5MB
 803debb29f36 Extracting [==========================================>        ]  289.7MB/343.5MB
 803debb29f36 Extracting [==========================================>        ]  290.2MB/343.5MB
 803debb29f36 Extracting [==========================================>        ]  291.3MB/343.5MB
 803debb29f36 Extracting [==========================================>        ]  292.5MB/343.5MB
 803debb29f36 Extracting [==========================================>        ]  293.6MB/343.5MB
 803debb29f36 Extracting [==========================================>        ]  294.7MB/343.5MB
 803debb29f36 Extracting [==========================================>        ]  295.2MB/343.5MB
 803debb29f36 Extracting [===========================================>       ]  298.6MB/343.5MB
 803debb29f36 Extracting [============================================>      ]  303.6MB/343.5MB
 803debb29f36 Extracting [============================================>      ]  307.5MB/343.5MB
 803debb29f36 Extracting [============================================>      ]  309.2MB/343.5MB
 803debb29f36 Extracting [=============================================>     ]  310.3MB/343.5MB
 803debb29f36 Extracting [=============================================>     ]  310.8MB/343.5MB
 803debb29f36 Extracting [=============================================>     ]  311.4MB/343.5MB
 803debb29f36 Extracting [=============================================>     ]    312MB/343.5MB
 803debb29f36 Extracting [=============================================>     ]  312.5MB/343.5MB
 803debb29f36 Extracting [=============================================>     ]  313.6MB/343.5MB
 803debb29f36 Extracting [=============================================>     ]  314.7MB/343.5MB
 803debb29f36 Extracting [=============================================>     ]  315.9MB/343.5MB
 803debb29f36 Extracting [==============================================>    ]  317.5MB/343.5MB
 803debb29f36 Extracting [==============================================>    ]  318.6MB/343.5MB
 803debb29f36 Extracting [==============================================>    ]  319.8MB/343.5MB
 803debb29f36 Extracting [==============================================>    ]  320.3MB/343.5MB
 803debb29f36 Extracting [==============================================>    ]  320.9MB/343.5MB
 803debb29f36 Extracting [==============================================>    ]  321.4MB/343.5MB
 803debb29f36 Extracting [===============================================>   ]  323.1MB/343.5MB
 803debb29f36 Extracting [===============================================>   ]  323.6MB/343.5MB
 4f4fb700ef54 Pull complete 
 803debb29f36 Extracting [===============================================>   ]  324.2MB/343.5MB
 b3def6342ddc Extracting [==================================================>]     464B/464B
 b3def6342ddc Extracting [==================================================>]     464B/464B
 d6bf9fe0041c Pull complete 
 803debb29f36 Extracting [===============================================>   ]  324.8MB/343.5MB
 meta Pulled 
 b3def6342ddc Pull complete 
 analytics Pulled 
 803debb29f36 Extracting [===============================================>   ]  325.3MB/343.5MB
 803debb29f36 Extracting [===============================================>   ]  325.9MB/343.5MB
 803debb29f36 Extracting [===============================================>   ]  326.4MB/343.5MB
 803debb29f36 Extracting [===============================================>   ]    327MB/343.5MB
 803debb29f36 Extracting [===============================================>   ]  327.5MB/343.5MB
 803debb29f36 Extracting [===============================================>   ]  328.1MB/343.5MB
 803debb29f36 Extracting [================================================>  ]  334.8MB/343.5MB
 803debb29f36 Extracting [==================================================>]  343.5MB/343.5MB
 803debb29f36 Pull complete 
 53ed40429b23 Extracting [>                                                  ]  32.77kB/1.698MB
 53ed40429b23 Extracting [======>                                            ]  229.4kB/1.698MB
 53ed40429b23 Extracting [==================================================>]  1.698MB/1.698MB
 53ed40429b23 Extracting [==================================================>]  1.698MB/1.698MB
 53ed40429b23 Pull complete 
 4b4a7c81ca57 Extracting [==================================================>]     258B/258B
 4b4a7c81ca57 Extracting [==================================================>]     258B/258B
 4b4a7c81ca57 Pull complete 
 0432ea1c2fb4 Extracting [>                                                  ]  196.6kB/16.8MB
 0432ea1c2fb4 Extracting [=>                                                 ]  393.2kB/16.8MB
 0432ea1c2fb4 Extracting [=========>                                         ]  3.342MB/16.8MB
 0432ea1c2fb4 Extracting [===========>                                       ]  3.932MB/16.8MB
 0432ea1c2fb4 Extracting [======================>                            ]  7.471MB/16.8MB
 0432ea1c2fb4 Extracting [===============================>                   ]  10.42MB/16.8MB
 0432ea1c2fb4 Extracting [========================================>          ]  13.76MB/16.8MB
 0432ea1c2fb4 Extracting [==================================================>]   16.8MB/16.8MB
 0432ea1c2fb4 Pull complete 
 ed19f0710562 Extracting [==================================================>]     619B/619B
 ed19f0710562 Extracting [==================================================>]     619B/619B
 ed19f0710562 Pull complete 
 d72e08f1aa32 Extracting [==================================================>]     604B/604B
 d72e08f1aa32 Extracting [==================================================>]     604B/604B
 d72e08f1aa32 Pull complete 
 27848b8d6ce7 Extracting [==================================================>]     616B/616B
 27848b8d6ce7 Extracting [==================================================>]     616B/616B
 27848b8d6ce7 Pull complete 
 30ee1d7fcd7c Extracting [==================================================>]     601B/601B
 30ee1d7fcd7c Extracting [==================================================>]     601B/601B
 30ee1d7fcd7c Pull complete 
 812ac9f6c814 Extracting [=>                                                 ]  32.77kB/822kB
 812ac9f6c814 Extracting [===========>                                       ]  196.6kB/822kB
 812ac9f6c814 Extracting [==================================================>]    822kB/822kB
 812ac9f6c814 Pull complete 
 87ad3dc54565 Extracting [==================================================>]  1.243kB/1.243kB
 87ad3dc54565 Extracting [==================================================>]  1.243kB/1.243kB
 87ad3dc54565 Pull complete 
 3a00dab3dc12 Extracting [==================================================>]     291B/291B
 3a00dab3dc12 Extracting [==================================================>]     291B/291B
 3a00dab3dc12 Pull complete 
 af6a4fc76e12 Extracting [>                                                  ]  229.4kB/22.87MB
 af6a4fc76e12 Extracting [==============>                                    ]  6.423MB/22.87MB
 af6a4fc76e12 Extracting [=============================>                     ]  13.53MB/22.87MB
 af6a4fc76e12 Extracting [=============================================>     ]  20.87MB/22.87MB
 af6a4fc76e12 Extracting [==================================================>]  22.87MB/22.87MB
 af6a4fc76e12 Pull complete 
 1cebda970ac2 Extracting [===>                                               ]  32.77kB/439.9kB
 1cebda970ac2 Extracting [======================>                            ]  196.6kB/439.9kB
 1cebda970ac2 Extracting [==================================================>]  439.9kB/439.9kB
 1cebda970ac2 Extracting [==================================================>]  439.9kB/439.9kB
 1cebda970ac2 Pull complete 
 da6d5b2391f4 Extracting [>                                                  ]  557.1kB/88.7MB
 da6d5b2391f4 Extracting [==>                                                ]  5.014MB/88.7MB
 da6d5b2391f4 Extracting [=====>                                             ]  8.913MB/88.7MB
 da6d5b2391f4 Extracting [=======>                                           ]  12.81MB/88.7MB
 da6d5b2391f4 Extracting [========>                                          ]  15.04MB/88.7MB
 da6d5b2391f4 Extracting [========>                                          ]   15.6MB/88.7MB
 da6d5b2391f4 Extracting [=========>                                         ]  16.15MB/88.7MB
 da6d5b2391f4 Extracting [=========>                                         ]  16.71MB/88.7MB
 da6d5b2391f4 Extracting [=========>                                         ]  17.27MB/88.7MB
 da6d5b2391f4 Extracting [==========>                                        ]  17.83MB/88.7MB
 da6d5b2391f4 Extracting [=============>                                     ]   23.4MB/88.7MB
 da6d5b2391f4 Extracting [===============>                                   ]  26.74MB/88.7MB
 da6d5b2391f4 Extracting [==================>                                ]  32.31MB/88.7MB
 da6d5b2391f4 Extracting [====================>                              ]  36.77MB/88.7MB
 da6d5b2391f4 Extracting [=====================>                             ]  38.44MB/88.7MB
 da6d5b2391f4 Extracting [=======================>                           ]  42.34MB/88.7MB
 da6d5b2391f4 Extracting [=========================>                         ]  45.68MB/88.7MB
 da6d5b2391f4 Extracting [============================>                      ]  50.69MB/88.7MB
 da6d5b2391f4 Extracting [==============================>                    ]  54.03MB/88.7MB
 da6d5b2391f4 Extracting [===============================>                   ]  55.71MB/88.7MB
 da6d5b2391f4 Extracting [================================>                  ]  56.82MB/88.7MB
 da6d5b2391f4 Extracting [==================================>                ]  60.72MB/88.7MB
 da6d5b2391f4 Extracting [====================================>              ]  64.06MB/88.7MB
 da6d5b2391f4 Extracting [======================================>            ]  67.96MB/88.7MB
 da6d5b2391f4 Extracting [========================================>          ]   71.3MB/88.7MB
 da6d5b2391f4 Extracting [==========================================>        ]   75.2MB/88.7MB
 da6d5b2391f4 Extracting [===========================================>       ]  77.43MB/88.7MB
 da6d5b2391f4 Extracting [============================================>      ]  78.54MB/88.7MB
 da6d5b2391f4 Extracting [=============================================>     ]  81.33MB/88.7MB
 da6d5b2391f4 Extracting [==============================================>    ]  82.44MB/88.7MB
 da6d5b2391f4 Extracting [==============================================>    ]     83MB/88.7MB
 da6d5b2391f4 Extracting [===============================================>   ]  83.56MB/88.7MB
 da6d5b2391f4 Extracting [===============================================>   ]  84.12MB/88.7MB
 da6d5b2391f4 Extracting [================================================>  ]  85.23MB/88.7MB
 da6d5b2391f4 Extracting [================================================>  ]  85.79MB/88.7MB
 da6d5b2391f4 Extracting [================================================>  ]   86.9MB/88.7MB
 da6d5b2391f4 Extracting [=================================================> ]  88.01MB/88.7MB
 da6d5b2391f4 Extracting [==================================================>]   88.7MB/88.7MB
 da6d5b2391f4 Pull complete 
 c056af83c75a Extracting [==================================================>]  1.862kB/1.862kB
 c056af83c75a Extracting [==================================================>]  1.862kB/1.862kB
 c056af83c75a Pull complete 
 b956856aa990 Extracting [=>                                                 ]  32.77kB/982.8kB
 b956856aa990 Extracting [=============>                                     ]  262.1kB/982.8kB
 b956856aa990 Extracting [==================================================>]  982.8kB/982.8kB
 b956856aa990 Extracting [==================================================>]  982.8kB/982.8kB
 b956856aa990 Pull complete 
 d087a09e04a4 Extracting [==================================================>]     802B/802B
 d087a09e04a4 Extracting [==================================================>]     802B/802B
 d087a09e04a4 Pull complete 
 7e7d4e867166 Extracting [=>                                                 ]  32.77kB/1000kB
 7e7d4e867166 Extracting [=============>                                     ]  262.1kB/1000kB
 7e7d4e867166 Extracting [==================================================>]   1000kB/1000kB
 7e7d4e867166 Extracting [==================================================>]   1000kB/1000kB
 7e7d4e867166 Pull complete 
 4325d0494d4b Extracting [>                                                  ]  131.1kB/12.12MB
 4325d0494d4b Extracting [=>                                                 ]  262.1kB/12.12MB
 4325d0494d4b Extracting [==============>                                    ]  3.408MB/12.12MB
 4325d0494d4b Extracting [============================>                      ]  6.947MB/12.12MB
 4325d0494d4b Extracting [========================================>          ]  9.699MB/12.12MB
 4325d0494d4b Extracting [==================================================>]  12.12MB/12.12MB
 4325d0494d4b Pull complete 
 87d6bacbc6c0 Extracting [==================================================>]  8.525kB/8.525kB
 87d6bacbc6c0 Extracting [==================================================>]  8.525kB/8.525kB
 87d6bacbc6c0 Pull complete 
 7a742dd64d12 Extracting [==================================================>]  1.891kB/1.891kB
 7a742dd64d12 Extracting [==================================================>]  1.891kB/1.891kB
 7a742dd64d12 Pull complete 
 598f4e1c04e2 Extracting [==================================================>]  1.016kB/1.016kB
 598f4e1c04e2 Extracting [==================================================>]  1.016kB/1.016kB
 598f4e1c04e2 Pull complete 
 46c7635c6fb7 Extracting [==================================================>]     277B/277B
 46c7635c6fb7 Extracting [==================================================>]     277B/277B
 46c7635c6fb7 Pull complete 
 221837824867 Extracting [==================================================>]  1.356kB/1.356kB
 221837824867 Extracting [==================================================>]  1.356kB/1.356kB
 221837824867 Pull complete 
 919a1e71b68a Extracting [==================================================>]  3.668kB/3.668kB
 919a1e71b68a Extracting [==================================================>]  3.668kB/3.668kB
 919a1e71b68a Pull complete 
 fb497473dc17 Extracting [==================================================>]     363B/363B
 fb497473dc17 Extracting [==================================================>]     363B/363B
 fb497473dc17 Pull complete 
 0fdad042f1e9 Extracting [==================================================>]     335B/335B
 0fdad042f1e9 Extracting [==================================================>]     335B/335B
 0fdad042f1e9 Pull complete 
 192972bd0978 Extracting [==================================================>]     393B/393B
 192972bd0978 Extracting [==================================================>]     393B/393B
 192972bd0978 Pull complete 
 d848265640dd Extracting [==================================================>]     398B/398B
 d848265640dd Extracting [==================================================>]     398B/398B
 d848265640dd Pull complete 
 6a6b346c4dd7 Extracting [==================================================>]     638B/638B
 6a6b346c4dd7 Extracting [==================================================>]     638B/638B
 6a6b346c4dd7 Pull complete 
 d79924120685 Extracting [==================================================>]  9.276kB/9.276kB
 d79924120685 Extracting [==================================================>]  9.276kB/9.276kB
 d79924120685 Pull complete 
 99963b4ffd8b Extracting [==================================================>]   12.2kB/12.2kB
 99963b4ffd8b Extracting [==================================================>]   12.2kB/12.2kB
 99963b4ffd8b Pull complete 
 02f19c300d1a Extracting [==================================================>]     509B/509B
 02f19c300d1a Extracting [==================================================>]     509B/509B
 02f19c300d1a Pull complete 
 d59b132bb007 Extracting [==================================================>]     272B/272B
 d59b132bb007 Extracting [==================================================>]     272B/272B
 d59b132bb007 Pull complete 
 115f008298f4 Extracting [==================================================>]  4.935kB/4.935kB
 115f008298f4 Extracting [==================================================>]  4.935kB/4.935kB
 115f008298f4 Pull complete 
 6bbafa363cd7 Extracting [==================================================>]     127B/127B
 6bbafa363cd7 Extracting [==================================================>]     127B/127B
 6bbafa363cd7 Pull complete 
 f87fdf314246 Extracting [>                                                  ]   98.3kB/7.445MB
 f87fdf314246 Extracting [=>                                                 ]  196.6kB/7.445MB
 f87fdf314246 Extracting [========================>                          ]  3.637MB/7.445MB
 f87fdf314246 Extracting [=================================>                 ]  4.915MB/7.445MB
 f87fdf314246 Extracting [==========================================>        ]  6.291MB/7.445MB
 f87fdf314246 Extracting [==============================================>    ]   6.98MB/7.445MB
 f87fdf314246 Extracting [==================================================>]  7.445MB/7.445MB
 f87fdf314246 Pull complete 
 87862446a133 Extracting [=>                                                 ]  32.77kB/1.577MB
 87862446a133 Extracting [======>                                            ]  196.6kB/1.577MB
 87862446a133 Extracting [==================================================>]  1.577MB/1.577MB
 87862446a133 Pull complete 
 db Pulled 
#1 [internal] load local bake definitions
#1 reading from stdin 1.79kB done
#1 DONE 0.0s

#2 [websocket_server internal] load build definition from Dockerfile
#2 transferring dockerfile:
#2 transferring dockerfile: 2.46kB 0.1s done
#2 transferring dockerfile: 2.46kB 0.1s done
#2 DONE 3.4s

#3 [websocket_server internal] load metadata for docker.io/library/python:3.11.10-slim-bookworm
#3 ...

#4 [auth] library/python:pull token for registry-1.docker.io
#4 DONE 0.0s

#3 [migrate internal] load metadata for docker.io/library/python:3.11.10-slim-bookworm
#3 DONE 9.2s

#5 [rest_server internal] load .dockerignore
#5 transferring context:
#5 transferring context: 1.76kB 0.0s done
#5 DONE 2.2s

#6 [websocket_server internal] load build context
#6 DONE 0.0s

#7 [websocket_server builder  1/17] FROM docker.io/library/python:3.11.10-slim-bookworm@sha256:840e180ebcc6e5c8efab209c43f5e40fd2af98cb49db5c7103c90539c56bb30e
#7 resolve docker.io/library/python:3.11.10-slim-bookworm@sha256:840e180ebcc6e5c8efab209c43f5e40fd2af98cb49db5c7103c90539c56bb30e
#7 resolve docker.io/library/python:3.11.10-slim-bookworm@sha256:840e180ebcc6e5c8efab209c43f5e40fd2af98cb49db5c7103c90539c56bb30e 1.1s done
#7 resolve docker.io/library/python:3.11.10-slim-bookworm@sha256:840e180ebcc6e5c8efab209c43f5e40fd2af98cb49db5c7103c90539c56bb30e 1.1s done
#7 sha256:840e180ebcc6e5c8efab209c43f5e40fd2af98cb49db5c7103c90539c56bb30e 9.13kB / 9.13kB done
#7 sha256:840e180ebcc6e5c8efab209c43f5e40fd2af98cb49db5c7103c90539c56bb30e 9.13kB / 9.13kB done
#7 sha256:efc99f05ec45381aac55e2803c9a0245ea5b8c74965264498338e24e4bf66cc7 1.75kB / 1.75kB done
#7 sha256:efc99f05ec45381aac55e2803c9a0245ea5b8c74965264498338e24e4bf66cc7 1.75kB / 1.75kB done
#7 sha256:80abb94774d660831663290fe0b208b3e067b88647902f0f9e1d3a331a997afd 5.29kB / 5.29kB done
#7 sha256:80abb94774d660831663290fe0b208b3e067b88647902f0f9e1d3a331a997afd 5.29kB / 5.29kB done
#7 sha256:c58b365c3bcb57c930511e3fef962d15491ef2daba1e111fb5a6b41dbdecfc6b 0B / 3.32MB 0.8s
#7 sha256:c58b365c3bcb57c930511e3fef962d15491ef2daba1e111fb5a6b41dbdecfc6b 2.10MB / 3.32MB 1.2s
#7 sha256:c58b365c3bcb57c930511e3fef962d15491ef2daba1e111fb5a6b41dbdecfc6b 3.32MB / 3.32MB 1.3s
#7 sha256:3bc3f72291794502343f023ab10455e459897b13a73f38b6b56cf266dccb7ec5 0B / 16.20MB 1.6s
#7 sha256:3bc3f72291794502343f023ab10455e459897b13a73f38b6b56cf266dccb7ec5 3.15MB / 16.20MB 2.1s
#7 sha256:3bc3f72291794502343f023ab10455e459897b13a73f38b6b56cf266dccb7ec5 7.34MB / 16.20MB 2.2s
#7 sha256:3bc3f72291794502343f023ab10455e459897b13a73f38b6b56cf266dccb7ec5 10.49MB / 16.20MB 2.3s
#7 sha256:3bc3f72291794502343f023ab10455e459897b13a73f38b6b56cf266dccb7ec5 13.63MB / 16.20MB 2.4s
#7 sha256:bc0965b23a04fe7f2d9fb20f597008fcf89891de1c705ffc1c80483a1f098e4f 0B / 28.23MB 2.4s
#7 sha256:3bc3f72291794502343f023ab10455e459897b13a73f38b6b56cf266dccb7ec5 16.20MB / 16.20MB 2.5s
#7 sha256:bc0965b23a04fe7f2d9fb20f597008fcf89891de1c705ffc1c80483a1f098e4f 4.19MB / 28.23MB 2.8s
#7 sha256:bc0965b23a04fe7f2d9fb20f597008fcf89891de1c705ffc1c80483a1f098e4f 7.34MB / 28.23MB 2.9s
#7 sha256:bc0965b23a04fe7f2d9fb20f597008fcf89891de1c705ffc1c80483a1f098e4f 10.49MB / 28.23MB 3.0s
#7 ...

#6 [migrate internal] load build context
#6 transferring context: 3.63MB 0.6s done
#6 DONE 4.2s

#7 [migrate builder  1/17] FROM docker.io/library/python:3.11.10-slim-bookworm@sha256:840e180ebcc6e5c8efab209c43f5e40fd2af98cb49db5c7103c90539c56bb30e
#7 sha256:c58b365c3bcb57c930511e3fef962d15491ef2daba1e111fb5a6b41dbdecfc6b 3.32MB / 3.32MB 2.5s done
#7 sha256:bc0965b23a04fe7f2d9fb20f597008fcf89891de1c705ffc1c80483a1f098e4f 13.63MB / 28.23MB 3.1s
#7 sha256:c58b365c3bcb57c930511e3fef962d15491ef2daba1e111fb5a6b41dbdecfc6b 3.32MB / 3.32MB 2.5s done
#7 sha256:bc0965b23a04fe7f2d9fb20f597008fcf89891de1c705ffc1c80483a1f098e4f 19.92MB / 28.23MB 3.3s
#7 sha256:bc0965b23a04fe7f2d9fb20f597008fcf89891de1c705ffc1c80483a1f098e4f 24.12MB / 28.23MB 3.4s
#7 sha256:bc0965b23a04fe7f2d9fb20f597008fcf89891de1c705ffc1c80483a1f098e4f 27.26MB / 28.23MB 3.5s
#7 sha256:42dacf6a4601de71542906f1be2bca5a78b8f430479b260a7097b9870498af69 0B / 251B 4.0s
#7 sha256:3bc3f72291794502343f023ab10455e459897b13a73f38b6b56cf266dccb7ec5 16.20MB / 16.20MB 4.1s done
#7 sha256:42dacf6a4601de71542906f1be2bca5a78b8f430479b260a7097b9870498af69 251B / 251B 4.3s
#7 sha256:3bc3f72291794502343f023ab10455e459897b13a73f38b6b56cf266dccb7ec5 16.20MB / 16.20MB 4.1s done
#7 sha256:bc0965b23a04fe7f2d9fb20f597008fcf89891de1c705ffc1c80483a1f098e4f 28.23MB / 28.23MB 4.4s done
#7 sha256:bc0965b23a04fe7f2d9fb20f597008fcf89891de1c705ffc1c80483a1f098e4f 28.23MB / 28.23MB 4.4s done
#7 sha256:42dacf6a4601de71542906f1be2bca5a78b8f430479b260a7097b9870498af69 251B / 251B 4.6s done
#7 sha256:42dacf6a4601de71542906f1be2bca5a78b8f430479b260a7097b9870498af69 251B / 251B 4.6s done
#7 extracting sha256:bc0965b23a04fe7f2d9fb20f597008fcf89891de1c705ffc1c80483a1f098e4f 0.1s
#7 extracting sha256:bc0965b23a04fe7f2d9fb20f597008fcf89891de1c705ffc1c80483a1f098e4f 2.1s done
#7 extracting sha256:bc0965b23a04fe7f2d9fb20f597008fcf89891de1c705ffc1c80483a1f098e4f 2.1s done
#7 extracting sha256:c58b365c3bcb57c930511e3fef962d15491ef2daba1e111fb5a6b41dbdecfc6b
#7 extracting sha256:c58b365c3bcb57c930511e3fef962d15491ef2daba1e111fb5a6b41dbdecfc6b 0.6s done
#7 extracting sha256:3bc3f72291794502343f023ab10455e459897b13a73f38b6b56cf266dccb7ec5
#7 extracting sha256:3bc3f72291794502343f023ab10455e459897b13a73f38b6b56cf266dccb7ec5 1.7s done
#7 extracting sha256:42dacf6a4601de71542906f1be2bca5a78b8f430479b260a7097b9870498af69
#7 extracting sha256:42dacf6a4601de71542906f1be2bca5a78b8f430479b260a7097b9870498af69 done
#7 DONE 18.6s

#8 [migrate builder  2/17] WORKDIR /app
#8 DONE 5.1s

#9 [websocket_server builder  3/17] RUN echo 'Acquire::http::Pipeline-Depth 0;\nAcquire::http::No-Cache true;\nAcquire::BrokenProxy true;\n' > /etc/apt/apt.conf.d/99fixbadproxy
#9 ...

#10 [migrate server_dependencies  3/12] RUN pip3 install --upgrade pip setuptools
#10 ...

#9 [scheduler_server builder  3/17] RUN echo 'Acquire::http::Pipeline-Depth 0;\nAcquire::http::No-Cache true;\nAcquire::BrokenProxy true;\n' > /etc/apt/apt.conf.d/99fixbadproxy
#9 DONE 12.8s

#10 [migrate server_dependencies  3/12] RUN pip3 install --upgrade pip setuptools
#10 12.97 Requirement already satisfied: pip in /usr/local/lib/python3.11/site-packages (24.0)
#10 14.33 Collecting pip
#10 14.72   Downloading pip-25.1.1-py3-none-any.whl.metadata (3.6 kB)
#10 15.62 Requirement already satisfied: setuptools in /usr/local/lib/python3.11/site-packages (65.5.1)
#10 16.47 Collecting setuptools
#10 16.50   Downloading setuptools-80.9.0-py3-none-any.whl.metadata (6.6 kB)
#10 17.11 Downloading pip-25.1.1-py3-none-any.whl (1.8 MB)
#10 18.22    ━━━━━━━━━━━━━━━━━━━━━━━━━━━━━━━━━━━━━━━━ 1.8/1.8 MB 1.6 MB/s eta 0:00:00
#10 18.25 Downloading setuptools-80.9.0-py3-none-any.whl (1.2 MB)
#10 18.80    ━━━━━━━━━━━━━━━━━━━━━━━━━━━━━━━━━━━━━━━━ 1.2/1.2 MB 2.2 MB/s eta 0:00:00
#10 18.92 Installing collected packages: setuptools, pip
#10 18.92   Attempting uninstall: setuptools
#10 18.93     Found existing installation: setuptools 65.5.1
#10 18.95     Uninstalling setuptools-65.5.1:
#10 19.43       Successfully uninstalled setuptools-65.5.1
#10 20.98   Attempting uninstall: pip
#10 20.98     Found existing installation: pip 24.0
#10 21.05     Uninstalling pip-24.0:
#10 21.78       Successfully uninstalled pip-24.0
#10 ...

#11 [scheduler_server builder  4/17] RUN apt-get update --allow-releaseinfo-change --fix-missing
#11 6.554 Get:1 http://deb.debian.org/debian bookworm InRelease [151 kB]
#11 6.636 Get:2 http://deb.debian.org/debian bookworm-updates InRelease [55.4 kB]
#11 6.664 Get:3 http://deb.debian.org/debian-security bookworm-security InRelease [48.0 kB]
#11 6.732 Get:4 http://deb.debian.org/debian bookworm/main amd64 Packages [8793 kB]
#11 7.109 Get:5 http://deb.debian.org/debian bookworm-updates/main amd64 Packages [756 B]
#11 7.130 Get:6 http://deb.debian.org/debian-security bookworm-security/main amd64 Packages [272 kB]
#11 8.206 Fetched 9320 kB in 2s (5012 kB/s)
#11 8.206 Reading package lists...
#11 DONE 11.4s

#10 [migrate server_dependencies  3/12] RUN pip3 install --upgrade pip setuptools
#10 24.66 Successfully installed pip-25.1.1 setuptools-80.9.0
#10 24.66 WARNING: Running pip as the 'root' user can result in broken permissions and conflicting behaviour with the system package manager. It is recommended to use a virtual environment instead: https://pip.pypa.io/warnings/venv
#10 DONE 27.5s

#12 [scheduler_server builder  5/17] RUN apt-get install -y build-essential
#12 4.538 Reading package lists...
#12 5.141 Building dependency tree...
#12 5.268 Reading state information...
#12 5.468 The following additional packages will be installed:
#12 5.468   binutils binutils-common binutils-x86-64-linux-gnu bzip2 cpp cpp-12 dirmngr
#12 5.468   dpkg-dev fakeroot fontconfig-config fonts-dejavu-core g++ g++-12 gcc gcc-12
#12 5.468   gcc-12-base gnupg gnupg-l10n gnupg-utils gpg gpg-agent gpg-wks-client
#12 5.468   gpg-wks-server gpgconf gpgsm libabsl20220623 libalgorithm-diff-perl
#12 5.468   libalgorithm-diff-xs-perl libalgorithm-merge-perl libaom3 libasan8
#12 5.469   libassuan0 libatomic1 libavif15 libbinutils libbrotli1 libbsd0 libc-bin
#12 5.469   libc-dev-bin libc-devtools libc6 libc6-dev libcc1-0 libcrypt-dev
#12 5.469   libctf-nobfd0 libctf0 libdav1d6 libde265-0 libdeflate0 libdpkg-perl
#12 5.469   libexpat1 libfakeroot libfile-fcntllock-perl libfontconfig1 libfreetype6
#12 5.469   libgav1-1 libgcc-12-dev libgcc-s1 libgd3 libgdbm-compat4 libgomp1
#12 5.469   libgprofng0 libheif1 libisl23 libitm1 libjansson4 libjbig0 libjpeg62-turbo
#12 5.470   libksba8 libldap-2.5-0 libldap-common liblerc4 liblocale-gettext-perl
#12 5.470   liblsan0 liblzma5 libmpc3 libmpfr6 libnpth0 libnsl-dev libnuma1 libperl5.36
#12 5.471   libpng16-16 libquadmath0 librav1e0 libsasl2-2 libsasl2-modules
#12 5.471   libsasl2-modules-db libstdc++-12-dev libstdc++6 libsvtav1enc1 libtiff6
#12 5.471   libtirpc-dev libtsan2 libubsan1 libwebp7 libx11-6 libx11-data libx265-199
#12 5.471   libxau6 libxcb1 libxdmcp6 libxpm4 libyuv0 linux-libc-dev make manpages
#12 5.472   manpages-dev patch perl perl-base perl-modules-5.36 pinentry-curses
#12 5.472   rpcsvc-proto xz-utils
#12 5.476 Suggested packages:
#12 5.476   binutils-doc bzip2-doc cpp-doc gcc-12-locales cpp-12-doc dbus-user-session
#12 5.476   libpam-systemd pinentry-gnome3 tor debian-keyring g++-multilib
#12 5.476   g++-12-multilib gcc-12-doc gcc-multilib autoconf automake libtool flex bison
#12 5.476   gdb gcc-doc gcc-12-multilib parcimonie xloadimage scdaemon glibc-doc
#12 5.476   libc-l10n locales libnss-nis libnss-nisplus sensible-utils git bzr
#12 5.476   libgd-tools libsasl2-modules-gssapi-mit | libsasl2-modules-gssapi-heimdal
#12 5.476   libsasl2-modules-ldap libsasl2-modules-otp libsasl2-modules-sql
#12 5.476   libstdc++-12-doc make-doc man-browser ed diffutils-doc perl-doc
#12 5.476   libterm-readline-gnu-perl | libterm-readline-perl-perl
#12 5.476   libtap-harness-archive-perl pinentry-doc
#12 5.963 The following NEW packages will be installed:
#12 5.963   binutils binutils-common binutils-x86-64-linux-gnu build-essential bzip2 cpp
#12 5.963   cpp-12 dirmngr dpkg-dev fakeroot fontconfig-config fonts-dejavu-core g++
#12 5.963   g++-12 gcc gcc-12 gnupg gnupg-l10n gnupg-utils gpg gpg-agent gpg-wks-client
#12 5.963   gpg-wks-server gpgconf gpgsm libabsl20220623 libalgorithm-diff-perl
#12 5.963   libalgorithm-diff-xs-perl libalgorithm-merge-perl libaom3 libasan8
#12 5.963   libassuan0 libatomic1 libavif15 libbinutils libbrotli1 libbsd0 libc-dev-bin
#12 5.963   libc-devtools libc6-dev libcc1-0 libcrypt-dev libctf-nobfd0 libctf0
#12 5.963   libdav1d6 libde265-0 libdeflate0 libdpkg-perl libexpat1 libfakeroot
#12 5.963   libfile-fcntllock-perl libfontconfig1 libfreetype6 libgav1-1 libgcc-12-dev
#12 5.963   libgd3 libgdbm-compat4 libgomp1 libgprofng0 libheif1 libisl23 libitm1
#12 5.963   libjansson4 libjbig0 libjpeg62-turbo libksba8 libldap-2.5-0 libldap-common
#12 5.964   liblerc4 liblocale-gettext-perl liblsan0 libmpc3 libmpfr6 libnpth0
#12 5.964   libnsl-dev libnuma1 libperl5.36 libpng16-16 libquadmath0 librav1e0
#12 5.964   libsasl2-2 libsasl2-modules libsasl2-modules-db libstdc++-12-dev
#12 5.964   libsvtav1enc1 libtiff6 libtirpc-dev libtsan2 libubsan1 libwebp7 libx11-6
#12 5.964   libx11-data libx265-199 libxau6 libxcb1 libxdmcp6 libxpm4 libyuv0
#12 5.965   linux-libc-dev make manpages manpages-dev patch perl perl-modules-5.36
#12 5.965   pinentry-curses rpcsvc-proto xz-utils
#12 5.967 The following packages will be upgraded:
#12 5.970   gcc-12-base libc-bin libc6 libgcc-s1 liblzma5 libstdc++6 perl-base
#12 6.056 7 upgraded, 108 newly installed, 0 to remove and 26 not upgraded.
#12 6.056 Need to get 104 MB of archives.
#12 6.056 After this operation, 390 MB of additional disk space will be used.
#12 6.056 Get:1 http://deb.debian.org/debian bookworm/main amd64 perl-base amd64 5.36.0-7+deb12u2 [1609 kB]
#12 6.222 Get:2 http://deb.debian.org/debian bookworm/main amd64 gcc-12-base amd64 12.2.0-14+deb12u1 [37.6 kB]
#12 6.244 Get:3 http://deb.debian.org/debian bookworm/main amd64 libgcc-s1 amd64 12.2.0-14+deb12u1 [49.9 kB]
#12 6.269 Get:4 http://deb.debian.org/debian bookworm/main amd64 libstdc++6 amd64 12.2.0-14+deb12u1 [613 kB]
#12 6.312 Get:5 http://deb.debian.org/debian bookworm/main amd64 libc6 amd64 2.36-9+deb12u10 [2757 kB]
#12 6.425 Get:6 http://deb.debian.org/debian bookworm/main amd64 libc-bin amd64 2.36-9+deb12u10 [608 kB]
#12 6.466 Get:7 http://deb.debian.org/debian bookworm/main amd64 perl-modules-5.36 all 5.36.0-7+deb12u2 [2815 kB]
#12 6.570 Get:8 http://deb.debian.org/debian bookworm/main amd64 libgdbm-compat4 amd64 1.23-3 [48.2 kB]
#12 6.598 Get:9 http://deb.debian.org/debian bookworm/main amd64 libperl5.36 amd64 5.36.0-7+deb12u2 [4207 kB]
#12 6.759 Get:10 http://deb.debian.org/debian bookworm/main amd64 perl amd64 5.36.0-7+deb12u2 [239 kB]
#12 6.787 Get:11 http://deb.debian.org/debian bookworm/main amd64 liblocale-gettext-perl amd64 1.07-5 [15.4 kB]
#12 6.808 Get:12 http://deb.debian.org/debian bookworm/main amd64 liblzma5 amd64 5.4.1-1 [205 kB]
#12 6.840 Get:13 http://deb.debian.org/debian bookworm/main amd64 bzip2 amd64 1.0.8-5+b1 [49.8 kB]
#12 6.862 Get:14 http://deb.debian.org/debian bookworm/main amd64 manpages all 6.03-2 [1332 kB]
#12 6.928 Get:15 http://deb.debian.org/debian bookworm/main amd64 xz-utils amd64 5.4.1-1 [471 kB]
#12 6.968 Get:16 http://deb.debian.org/debian bookworm/main amd64 binutils-common amd64 2.40-2 [2487 kB]
#12 7.071 Get:17 http://deb.debian.org/debian bookworm/main amd64 libbinutils amd64 2.40-2 [572 kB]
#12 7.118 Get:18 http://deb.debian.org/debian bookworm/main amd64 libctf-nobfd0 amd64 2.40-2 [153 kB]
#12 7.144 Get:19 http://deb.debian.org/debian bookworm/main amd64 libctf0 amd64 2.40-2 [89.8 kB]
#12 7.169 Get:20 http://deb.debian.org/debian bookworm/main amd64 libgprofng0 amd64 2.40-2 [812 kB]
#12 7.227 Get:21 http://deb.debian.org/debian bookworm/main amd64 libjansson4 amd64 2.14-2 [40.8 kB]
#12 7.250 Get:22 http://deb.debian.org/debian bookworm/main amd64 binutils-x86-64-linux-gnu amd64 2.40-2 [2246 kB]
#12 7.341 Get:23 http://deb.debian.org/debian bookworm/main amd64 binutils amd64 2.40-2 [65.0 kB]
#12 7.365 Get:24 http://deb.debian.org/debian bookworm/main amd64 libc-dev-bin amd64 2.36-9+deb12u10 [47.1 kB]
#12 7.386 Get:25 http://deb.debian.org/debian-security bookworm-security/main amd64 linux-libc-dev amd64 6.1.140-1 [2145 kB]
#12 7.477 Get:26 http://deb.debian.org/debian bookworm/main amd64 libcrypt-dev amd64 1:4.4.33-2 [118 kB]
#12 7.506 Get:27 http://deb.debian.org/debian bookworm/main amd64 libtirpc-dev amd64 1.3.3+ds-1 [191 kB]
#12 7.534 Get:28 http://deb.debian.org/debian bookworm/main amd64 libnsl-dev amd64 1.3.0-2 [66.4 kB]
#12 7.560 Get:29 http://deb.debian.org/debian bookworm/main amd64 rpcsvc-proto amd64 1.4.3-1 [63.3 kB]
#12 7.584 Get:30 http://deb.debian.org/debian bookworm/main amd64 libc6-dev amd64 2.36-9+deb12u10 [1903 kB]
#12 7.667 Get:31 http://deb.debian.org/debian bookworm/main amd64 libisl23 amd64 0.25-1.1 [683 kB]
#12 7.708 Get:32 http://deb.debian.org/debian bookworm/main amd64 libmpfr6 amd64 4.2.0-1 [701 kB]
#12 7.751 Get:33 http://deb.debian.org/debian bookworm/main amd64 libmpc3 amd64 1.3.1-1 [51.5 kB]
#12 7.775 Get:34 http://deb.debian.org/debian bookworm/main amd64 cpp-12 amd64 12.2.0-14+deb12u1 [9768 kB]
#12 8.067 Get:35 http://deb.debian.org/debian bookworm/main amd64 cpp amd64 4:12.2.0-3 [6836 B]
#12 8.087 Get:36 http://deb.debian.org/debian bookworm/main amd64 libcc1-0 amd64 12.2.0-14+deb12u1 [41.7 kB]
#12 8.109 Get:37 http://deb.debian.org/debian bookworm/main amd64 libgomp1 amd64 12.2.0-14+deb12u1 [116 kB]
#12 8.135 Get:38 http://deb.debian.org/debian bookworm/main amd64 libitm1 amd64 12.2.0-14+deb12u1 [26.1 kB]
#12 8.157 Get:39 http://deb.debian.org/debian bookworm/main amd64 libatomic1 amd64 12.2.0-14+deb12u1 [9376 B]
#12 8.181 Get:40 http://deb.debian.org/debian bookworm/main amd64 libasan8 amd64 12.2.0-14+deb12u1 [2193 kB]
#12 8.272 Get:41 http://deb.debian.org/debian bookworm/main amd64 liblsan0 amd64 12.2.0-14+deb12u1 [969 kB]
#12 8.332 Get:42 http://deb.debian.org/debian bookworm/main amd64 libtsan2 amd64 12.2.0-14+deb12u1 [2197 kB]
#12 8.418 Get:43 http://deb.debian.org/debian bookworm/main amd64 libubsan1 amd64 12.2.0-14+deb12u1 [883 kB]
#12 8.464 Get:44 http://deb.debian.org/debian bookworm/main amd64 libquadmath0 amd64 12.2.0-14+deb12u1 [145 kB]
#12 8.492 Get:45 http://deb.debian.org/debian bookworm/main amd64 libgcc-12-dev amd64 12.2.0-14+deb12u1 [2437 kB]
#12 8.585 Get:46 http://deb.debian.org/debian bookworm/main amd64 gcc-12 amd64 12.2.0-14+deb12u1 [19.3 MB]
#12 9.155 Get:47 http://deb.debian.org/debian bookworm/main amd64 gcc amd64 4:12.2.0-3 [5216 B]
#12 9.175 Get:48 http://deb.debian.org/debian bookworm/main amd64 libstdc++-12-dev amd64 12.2.0-14+deb12u1 [2047 kB]
#12 9.254 Get:49 http://deb.debian.org/debian bookworm/main amd64 g++-12 amd64 12.2.0-14+deb12u1 [10.7 MB]
#12 9.596 Get:50 http://deb.debian.org/debian bookworm/main amd64 g++ amd64 4:12.2.0-3 [1356 B]
#12 9.619 Get:51 http://deb.debian.org/debian bookworm/main amd64 make amd64 4.3-4.1 [396 kB]
#12 9.679 Get:52 http://deb.debian.org/debian bookworm/main amd64 libdpkg-perl all 1.21.22 [603 kB]
#12 9.721 Get:53 http://deb.debian.org/debian bookworm/main amd64 patch amd64 2.7.6-7 [128 kB]
#12 9.749 Get:54 http://deb.debian.org/debian bookworm/main amd64 dpkg-dev all 1.21.22 [1353 kB]
#12 9.811 Get:55 http://deb.debian.org/debian bookworm/main amd64 build-essential amd64 12.9 [7704 B]
#12 9.833 Get:56 http://deb.debian.org/debian bookworm/main amd64 libassuan0 amd64 2.5.5-5 [48.5 kB]
#12 9.855 Get:57 http://deb.debian.org/debian bookworm/main amd64 gpgconf amd64 2.2.40-1.1 [564 kB]
#12 9.896 Get:58 http://deb.debian.org/debian bookworm/main amd64 libksba8 amd64 1.6.3-2 [128 kB]
#12 9.924 Get:59 http://deb.debian.org/debian bookworm/main amd64 libsasl2-modules-db amd64 2.1.28+dfsg-10 [20.3 kB]
#12 9.945 Get:60 http://deb.debian.org/debian bookworm/main amd64 libsasl2-2 amd64 2.1.28+dfsg-10 [59.7 kB]
#12 9.973 Get:61 http://deb.debian.org/debian bookworm/main amd64 libldap-2.5-0 amd64 2.5.13+dfsg-5 [183 kB]
#12 10.00 Get:62 http://deb.debian.org/debian bookworm/main amd64 libnpth0 amd64 1.6-3 [19.0 kB]
#12 -91.466 Get:63 http://deb.debian.org/debian bookworm/main amd64 dirmngr amd64 2.2.40-1.1 [792 kB]
#12 -91.418 Get:64 http://deb.debian.org/debian bookworm/main amd64 libfakeroot amd64 1.31-1.2 [28.3 kB]
#12 -91.396 Get:65 http://deb.debian.org/debian bookworm/main amd64 fakeroot amd64 1.31-1.2 [66.9 kB]
#12 -91.371 Get:66 http://deb.debian.org/debian bookworm/main amd64 fonts-dejavu-core all 2.37-6 [1068 kB]
#12 10.84 Get:67 http://deb.debian.org/debian bookworm/main amd64 fontconfig-config amd64 2.14.1-4 [315 kB]
#12 10.88 Get:68 http://deb.debian.org/debian bookworm/main amd64 gnupg-l10n all 2.2.40-1.1 [1093 kB]
#12 10.93 Get:69 http://deb.debian.org/debian bookworm/main amd64 gnupg-utils amd64 2.2.40-1.1 [927 kB]
#12 10.99 Get:70 http://deb.debian.org/debian bookworm/main amd64 gpg amd64 2.2.40-1.1 [949 kB]
#12 11.05 Get:71 http://deb.debian.org/debian bookworm/main amd64 pinentry-curses amd64 1.2.1-1 [77.4 kB]
#12 11.07 Get:72 http://deb.debian.org/debian bookworm/main amd64 gpg-agent amd64 2.2.40-1.1 [695 kB]
#12 11.13 Get:73 http://deb.debian.org/debian bookworm/main amd64 gpg-wks-client amd64 2.2.40-1.1 [541 kB]
#12 11.17 Get:74 http://deb.debian.org/debian bookworm/main amd64 gpg-wks-server amd64 2.2.40-1.1 [531 kB]
#12 11.21 Get:75 http://deb.debian.org/debian bookworm/main amd64 gpgsm amd64 2.2.40-1.1 [671 kB]
#12 11.25 Get:76 http://deb.debian.org/debian bookworm/main amd64 gnupg all 2.2.40-1.1 [846 kB]
#12 11.31 Get:77 http://deb.debian.org/debian bookworm/main amd64 libabsl20220623 amd64 20220623.1-1+deb12u2 [391 kB]
#12 11.35 Get:78 http://deb.debian.org/debian bookworm/main amd64 libalgorithm-diff-perl all 1.201-1 [43.3 kB]
#12 11.37 Get:79 http://deb.debian.org/debian bookworm/main amd64 libalgorithm-diff-xs-perl amd64 0.04-8+b1 [11.4 kB]
#12 11.39 Get:80 http://deb.debian.org/debian bookworm/main amd64 libalgorithm-merge-perl all 0.08-5 [11.8 kB]
#12 11.41 Get:81 http://deb.debian.org/debian bookworm/main amd64 libaom3 amd64 3.6.0-1+deb12u1 [1851 kB]
#12 11.50 Get:82 http://deb.debian.org/debian bookworm/main amd64 libdav1d6 amd64 1.0.0-2+deb12u1 [513 kB]
#12 11.54 Get:83 http://deb.debian.org/debian bookworm/main amd64 libgav1-1 amd64 0.18.0-1+b1 [332 kB]
#12 11.57 Get:84 http://deb.debian.org/debian bookworm/main amd64 librav1e0 amd64 0.5.1-6 [763 kB]
#12 11.62 Get:85 http://deb.debian.org/debian bookworm/main amd64 libsvtav1enc1 amd64 1.4.1+dfsg-1 [2121 kB]
#12 11.71 Get:86 http://deb.debian.org/debian bookworm/main amd64 libjpeg62-turbo amd64 1:2.1.5-2 [166 kB]
#12 11.73 Get:87 http://deb.debian.org/debian bookworm/main amd64 libyuv0 amd64 0.0~git20230123.b2528b0-1 [168 kB]
#12 11.76 Get:88 http://deb.debian.org/debian-security bookworm-security/main amd64 libavif15 amd64 0.11.1-1+deb12u1 [94.4 kB]
#12 11.79 Get:89 http://deb.debian.org/debian bookworm/main amd64 libbrotli1 amd64 1.0.9-2+b6 [275 kB]
#12 11.82 Get:90 http://deb.debian.org/debian bookworm/main amd64 libbsd0 amd64 0.11.7-2 [117 kB]
#12 11.85 Get:91 http://deb.debian.org/debian bookworm/main amd64 libexpat1 amd64 2.5.0-1+deb12u1 [98.9 kB]
#12 11.87 Get:92 http://deb.debian.org/debian bookworm/main amd64 libpng16-16 amd64 1.6.39-2 [276 kB]
#12 11.90 Get:93 http://deb.debian.org/debian bookworm/main amd64 libfreetype6 amd64 2.12.1+dfsg-5+deb12u4 [398 kB]
#12 11.94 Get:94 http://deb.debian.org/debian bookworm/main amd64 libfontconfig1 amd64 2.14.1-4 [386 kB]
#12 11.98 Get:95 http://deb.debian.org/debian bookworm/main amd64 libde265-0 amd64 1.0.11-1+deb12u2 [185 kB]
#12 12.01 Get:96 http://deb.debian.org/debian bookworm/main amd64 libnuma1 amd64 2.0.16-1 [21.0 kB]
#12 12.03 Get:97 http://deb.debian.org/debian bookworm/main amd64 libx265-199 amd64 3.5-2+b1 [1150 kB]
#12 12.09 Get:98 http://deb.debian.org/debian bookworm/main amd64 libheif1 amd64 1.15.1-1+deb12u1 [215 kB]
#12 12.12 Get:99 http://deb.debian.org/debian bookworm/main amd64 libdeflate0 amd64 1.14-1 [61.4 kB]
#12 12.15 Get:100 http://deb.debian.org/debian bookworm/main amd64 libjbig0 amd64 2.1-6.1 [31.7 kB]
#12 12.17 Get:101 http://deb.debian.org/debian bookworm/main amd64 liblerc4 amd64 4.0.0+ds-2 [170 kB]
#12 12.20 Get:102 http://deb.debian.org/debian bookworm/main amd64 libwebp7 amd64 1.2.4-0.2+deb12u1 [286 kB]
#12 12.23 Get:103 http://deb.debian.org/debian bookworm/main amd64 libtiff6 amd64 4.5.0-6+deb12u2 [316 kB]
#12 12.26 Get:104 http://deb.debian.org/debian bookworm/main amd64 libxau6 amd64 1:1.0.9-1 [19.7 kB]
#12 12.29 Get:105 http://deb.debian.org/debian bookworm/main amd64 libxdmcp6 amd64 1:1.1.2-3 [26.3 kB]
#12 12.31 Get:106 http://deb.debian.org/debian bookworm/main amd64 libxcb1 amd64 1.15-1 [144 kB]
#12 12.34 Get:107 http://deb.debian.org/debian bookworm/main amd64 libx11-data all 2:1.8.4-2+deb12u2 [292 kB]
#12 12.38 Get:108 http://deb.debian.org/debian bookworm/main amd64 libx11-6 amd64 2:1.8.4-2+deb12u2 [760 kB]
#12 12.42 Get:109 http://deb.debian.org/debian bookworm/main amd64 libxpm4 amd64 1:3.5.12-1.1+deb12u1 [48.6 kB]
#12 12.44 Get:110 http://deb.debian.org/debian bookworm/main amd64 libgd3 amd64 2.3.3-9 [124 kB]
#12 12.47 Get:111 http://deb.debian.org/debian bookworm/main amd64 libc-devtools amd64 2.36-9+deb12u10 [54.7 kB]
#12 12.49 Get:112 http://deb.debian.org/debian bookworm/main amd64 libfile-fcntllock-perl amd64 0.22-4+b1 [34.8 kB]
#12 12.52 Get:113 http://deb.debian.org/debian bookworm/main amd64 libldap-common all 2.5.13+dfsg-5 [29.3 kB]
#12 12.54 Get:114 http://deb.debian.org/debian bookworm/main amd64 libsasl2-modules amd64 2.1.28+dfsg-10 [66.6 kB]
#12 12.56 Get:115 http://deb.debian.org/debian bookworm/main amd64 manpages-dev all 6.03-2 [2030 kB]
#12 13.01 debconf: delaying package configuration, since apt-utils is not installed
#12 13.25 Fetched 104 MB in 6s (17.5 MB/s)
#12 14.09 (Reading database ... (Reading database ... 5%(Reading database ... 10%(Reading database ... 15%(Reading database ... 20%(Reading database ... 25%(Reading database ... 30%(Reading database ... 35%(Reading database ... 40%(Reading database ... 45%(Reading database ... 50%(Reading database ... 55%(Reading database ... 60%(Reading database ... 65%(Reading database ... 70%(Reading database ... 75%(Reading database ... 80%(Reading database ... 85%(Reading database ... 90%(Reading database ... 95%(Reading database ... 100%(Reading database ... 6686 files and directories currently installed.)
#12 14.10 Preparing to unpack .../perl-base_5.36.0-7+deb12u2_amd64.deb ...
#12 14.62 Unpacking perl-base (5.36.0-7+deb12u2) over (5.36.0-7+deb12u1) ...
#12 90.94 Setting up perl-base (5.36.0-7+deb12u2) ...
#12 92.16 (Reading database ... (Reading database ... 5%(Reading database ... 10%(Reading database ... 15%(Reading database ... 20%(Reading database ... 25%(Reading database ... 30%(Reading database ... 35%(Reading database ... 40%(Reading database ... 45%(Reading database ... 50%(Reading database ... 55%(Reading database ... 60%(Reading database ... 65%(Reading database ... 70%(Reading database ... 75%(Reading database ... 80%(Reading database ... 85%(Reading database ... 90%(Reading database ... 95%(Reading database ... 100%(Reading database ... 6687 files and directories currently installed.)
#12 92.17 Preparing to unpack .../gcc-12-base_12.2.0-14+deb12u1_amd64.deb ...
#12 92.93 Unpacking gcc-12-base:amd64 (12.2.0-14+deb12u1) over (12.2.0-14) ...
#12 94.90 Setting up gcc-12-base:amd64 (12.2.0-14+deb12u1) ...
#12 96.73 (Reading database ... (Reading database ... 5%(Reading database ... 10%(Reading database ... 15%(Reading database ... 20%(Reading database ... 25%(Reading database ... 30%(Reading database ... 35%(Reading database ... 40%(Reading database ... 45%(Reading database ... 50%(Reading database ... 55%(Reading database ... 60%(Reading database ... 65%(Reading database ... 70%(Reading database ... 75%(Reading database ... 80%(Reading database ... 85%(Reading database ... 90%(Reading database ... 95%(Reading database ... 100%(Reading database ... 6687 files and directories currently installed.)
#12 96.74 Preparing to unpack .../libgcc-s1_12.2.0-14+deb12u1_amd64.deb ...
#12 97.95 Unpacking libgcc-s1:amd64 (12.2.0-14+deb12u1) over (12.2.0-14) ...
#12 99.85 Setting up libgcc-s1:amd64 (12.2.0-14+deb12u1) ...
#12 101.9 (Reading database ... (Reading database ... 5%(Reading database ... 10%(Reading database ... 15%(Reading database ... 20%(Reading database ... 25%(Reading database ... 30%(Reading database ... 35%(Reading database ... 40%(Reading database ... 45%(Reading database ... 50%(Reading database ... 55%(Reading database ... 60%(Reading database ... 65%(Reading database ... 70%(Reading database ... 75%(Reading database ... 80%(Reading database ... 85%(Reading database ... 90%(Reading database ... 95%(Reading database ... 100%(Reading database ... 6687 files and directories currently installed.)
#12 101.9 Preparing to unpack .../libstdc++6_12.2.0-14+deb12u1_amd64.deb ...
#12 102.6 Unpacking libstdc++6:amd64 (12.2.0-14+deb12u1) over (12.2.0-14) ...
#12 106.6 Setting up libstdc++6:amd64 (12.2.0-14+deb12u1) ...
#12 109.0 (Reading database ... (Reading database ... 5%(Reading database ... 10%(Reading database ... 15%(Reading database ... 20%(Reading database ... 25%(Reading database ... 30%(Reading database ... 35%(Reading database ... 40%(Reading database ... 45%(Reading database ... 50%(Reading database ... 55%(Reading database ... 60%(Reading database ... 65%(Reading database ... 70%(Reading database ... 75%(Reading database ... 80%(Reading database ... 85%(Reading database ... 90%(Reading database ... 95%(Reading database ... 100%(Reading database ... 6687 files and directories currently installed.)
#12 109.0 Preparing to unpack .../libc6_2.36-9+deb12u10_amd64.deb ...
#12 109.7 debconf: unable to initialize frontend: Dialog
#12 109.7 debconf: (TERM is not set, so the dialog frontend is not usable.)
#12 109.7 debconf: falling back to frontend: Readline
#12 109.7 debconf: unable to initialize frontend: Readline
#12 109.7 debconf: (Can't locate Term/ReadLine.pm in @INC (you may need to install the Term::ReadLine module) (@INC contains: /etc/perl /usr/local/lib/x86_64-linux-gnu/perl/5.36.0 /usr/local/share/perl/5.36.0 /usr/lib/x86_64-linux-gnu/perl5/5.36 /usr/share/perl5 /usr/lib/x86_64-linux-gnu/perl-base /usr/lib/x86_64-linux-gnu/perl/5.36 /usr/share/perl/5.36 /usr/local/lib/site_perl) at /usr/share/perl5/Debconf/FrontEnd/Readline.pm line 7.)
#12 109.7 debconf: falling back to frontend: Teletype
#12 109.8 Unpacking libc6:amd64 (2.36-9+deb12u10) over (2.36-9+deb12u9) ...
#12 144.3 Setting up libc6:amd64 (2.36-9+deb12u10) ...
#12 145.1 debconf: unable to initialize frontend: Dialog
#12 145.1 debconf: (TERM is not set, so the dialog frontend is not usable.)
#12 145.1 debconf: falling back to frontend: Readline
#12 145.1 debconf: unable to initialize frontend: Readline
#12 145.1 debconf: (Can't locate Term/ReadLine.pm in @INC (you may need to install the Term::ReadLine module) (@INC contains: /etc/perl /usr/local/lib/x86_64-linux-gnu/perl/5.36.0 /usr/local/share/perl/5.36.0 /usr/lib/x86_64-linux-gnu/perl5/5.36 /usr/share/perl5 /usr/lib/x86_64-linux-gnu/perl-base /usr/lib/x86_64-linux-gnu/perl/5.36 /usr/share/perl/5.36 /usr/local/lib/site_perl) at /usr/share/perl5/Debconf/FrontEnd/Readline.pm line 7.)
#12 145.1 debconf: falling back to frontend: Teletype
#12 148.0 (Reading database ... (Reading database ... 5%(Reading database ... 10%(Reading database ... 15%(Reading database ... 20%(Reading database ... 25%(Reading database ... 30%(Reading database ... 35%(Reading database ... 40%(Reading database ... 45%(Reading database ... 50%(Reading database ... 55%(Reading database ... 60%(Reading database ... 65%(Reading database ... 70%(Reading database ... 75%(Reading database ... 80%(Reading database ... 85%(Reading database ... 90%(Reading database ... 95%(Reading database ... 100%(Reading database ... 6687 files and directories currently installed.)
#12 148.0 Preparing to unpack .../libc-bin_2.36-9+deb12u10_amd64.deb ...
#12 149.0 Unpacking libc-bin (2.36-9+deb12u10) over (2.36-9+deb12u9) ...
#12 156.4 Setting up libc-bin (2.36-9+deb12u10) ...
#12 160.5 Selecting previously unselected package perl-modules-5.36.
#12 160.5 (Reading database ... (Reading database ... 5%(Reading database ... 10%(Reading database ... 15%(Reading database ... 20%(Reading database ... 25%(Reading database ... 30%(Reading database ... 35%(Reading database ... 40%(Reading database ... 45%(Reading database ... 50%(Reading database ... 55%(Reading database ... 60%(Reading database ... 65%(Reading database ... 70%(Reading database ... 75%(Reading database ... 80%(Reading database ... 85%(Reading database ... 90%(Reading database ... 95%(Reading database ... 100%(Reading database ... 6687 files and directories currently installed.)
#12 160.5 Preparing to unpack .../0-perl-modules-5.36_5.36.0-7+deb12u2_all.deb ...
#12 161.0 Unpacking perl-modules-5.36 (5.36.0-7+deb12u2) ...
#12 163.9 Selecting previously unselected package libgdbm-compat4:amd64.
#12 163.9 Preparing to unpack .../1-libgdbm-compat4_1.23-3_amd64.deb ...
#12 164.5 Unpacking libgdbm-compat4:amd64 (1.23-3) ...
#12 166.3 Selecting previously unselected package libperl5.36:amd64.
#12 166.4 Preparing to unpack .../2-libperl5.36_5.36.0-7+deb12u2_amd64.deb ...
#12 166.7 Unpacking libperl5.36:amd64 (5.36.0-7+deb12u2) ...
#12 172.3 Selecting previously unselected package perl.
#12 172.3 Preparing to unpack .../3-perl_5.36.0-7+deb12u2_amd64.deb ...
#12 172.7 Unpacking perl (5.36.0-7+deb12u2) ...
#12 174.0 Selecting previously unselected package liblocale-gettext-perl.
#12 174.0 Preparing to unpack .../4-liblocale-gettext-perl_1.07-5_amd64.deb ...
#12 174.2 Unpacking liblocale-gettext-perl (1.07-5) ...
#12 175.7 Preparing to unpack .../5-liblzma5_5.4.1-1_amd64.deb ...
#12 176.5 Unpacking liblzma5:amd64 (5.4.1-1) over (5.4.1-0.2) ...
#12 178.4 Setting up liblzma5:amd64 (5.4.1-1) ...
#12 180.5 Selecting previously unselected package bzip2.
#12 180.5 (Reading database ... (Reading database ... 5%(Reading database ... 10%(Reading database ... 15%(Reading database ... 20%(Reading database ... 25%(Reading database ... 30%(Reading database ... 35%(Reading database ... 40%(Reading database ... 45%(Reading database ... 50%(Reading database ... 55%(Reading database ... 60%(Reading database ... 65%(Reading database ... 70%(Reading database ... 75%(Reading database ... 80%(Reading database ... 85%(Reading database ... 90%(Reading database ... 95%(Reading database ... 100%(Reading database ... 8699 files and directories currently installed.)
#12 180.5 Preparing to unpack .../000-bzip2_1.0.8-5+b1_amd64.deb ...
#12 180.8 Unpacking bzip2 (1.0.8-5+b1) ...
#12 182.4 Selecting previously unselected package manpages.
#12 182.4 Preparing to unpack .../001-manpages_6.03-2_all.deb ...
#12 182.8 Unpacking manpages (6.03-2) ...
#12 184.7 Selecting previously unselected package xz-utils.
#12 184.7 Preparing to unpack .../002-xz-utils_5.4.1-1_amd64.deb ...
#12 185.0 Unpacking xz-utils (5.4.1-1) ...
#12 186.7 Selecting previously unselected package binutils-common:amd64.
#12 186.7 Preparing to unpack .../003-binutils-common_2.40-2_amd64.deb ...
#12 187.0 Unpacking binutils-common:amd64 (2.40-2) ...
#12 188.7 Selecting previously unselected package libbinutils:amd64.
#12 188.7 Preparing to unpack .../004-libbinutils_2.40-2_amd64.deb ...
#12 189.0 Unpacking libbinutils:amd64 (2.40-2) ...
#12 190.7 Selecting previously unselected package libctf-nobfd0:amd64.
#12 190.7 Preparing to unpack .../005-libctf-nobfd0_2.40-2_amd64.deb ...
#12 191.0 Unpacking libctf-nobfd0:amd64 (2.40-2) ...
#12 192.8 Selecting previously unselected package libctf0:amd64.
#12 192.8 Preparing to unpack .../006-libctf0_2.40-2_amd64.deb ...
#12 193.0 Unpacking libctf0:amd64 (2.40-2) ...
#12 195.5 Selecting previously unselected package libgprofng0:amd64.
#12 195.5 Preparing to unpack .../007-libgprofng0_2.40-2_amd64.deb ...
#12 195.8 Unpacking libgprofng0:amd64 (2.40-2) ...
#12 197.7 Selecting previously unselected package libjansson4:amd64.
#12 197.7 Preparing to unpack .../008-libjansson4_2.14-2_amd64.deb ...
#12 198.0 Unpacking libjansson4:amd64 (2.14-2) ...
#12 199.4 Selecting previously unselected package binutils-x86-64-linux-gnu.
#12 199.4 Preparing to unpack .../009-binutils-x86-64-linux-gnu_2.40-2_amd64.deb ...
#12 199.7 Unpacking binutils-x86-64-linux-gnu (2.40-2) ...
#12 204.2 Selecting previously unselected package binutils.
#12 204.2 Preparing to unpack .../010-binutils_2.40-2_amd64.deb ...
#12 204.7 Unpacking binutils (2.40-2) ...
#12 206.2 Selecting previously unselected package libc-dev-bin.
#12 206.2 Preparing to unpack .../011-libc-dev-bin_2.36-9+deb12u10_amd64.deb ...
#12 206.4 Unpacking libc-dev-bin (2.36-9+deb12u10) ...
#12 207.7 Selecting previously unselected package linux-libc-dev:amd64.
#12 207.7 Preparing to unpack .../012-linux-libc-dev_6.1.140-1_amd64.deb ...
#12 208.0 Unpacking linux-libc-dev:amd64 (6.1.140-1) ...
#12 210.3 Selecting previously unselected package libcrypt-dev:amd64.
#12 210.3 Preparing to unpack .../013-libcrypt-dev_1%3a4.4.33-2_amd64.deb ...
#12 210.6 Unpacking libcrypt-dev:amd64 (1:4.4.33-2) ...
#12 212.6 Selecting previously unselected package libtirpc-dev:amd64.
#12 212.6 Preparing to unpack .../014-libtirpc-dev_1.3.3+ds-1_amd64.deb ...
#12 212.8 Unpacking libtirpc-dev:amd64 (1.3.3+ds-1) ...
#12 214.3 Selecting previously unselected package libnsl-dev:amd64.
#12 214.3 Preparing to unpack .../015-libnsl-dev_1.3.0-2_amd64.deb ...
#12 214.6 Unpacking libnsl-dev:amd64 (1.3.0-2) ...
#12 216.1 Selecting previously unselected package rpcsvc-proto.
#12 216.1 Preparing to unpack .../016-rpcsvc-proto_1.4.3-1_amd64.deb ...
#12 216.3 Unpacking rpcsvc-proto (1.4.3-1) ...
#12 217.5 Selecting previously unselected package libc6-dev:amd64.
#12 217.5 Preparing to unpack .../017-libc6-dev_2.36-9+deb12u10_amd64.deb ...
#12 217.8 Unpacking libc6-dev:amd64 (2.36-9+deb12u10) ...
#12 219.6 Selecting previously unselected package libisl23:amd64.
#12 219.6 Preparing to unpack .../018-libisl23_0.25-1.1_amd64.deb ...
#12 219.8 Unpacking libisl23:amd64 (0.25-1.1) ...
#12 221.6 Selecting previously unselected package libmpfr6:amd64.
#12 221.6 Preparing to unpack .../019-libmpfr6_4.2.0-1_amd64.deb ...
#12 221.9 Unpacking libmpfr6:amd64 (4.2.0-1) ...
#12 223.6 Selecting previously unselected package libmpc3:amd64.
#12 223.6 Preparing to unpack .../020-libmpc3_1.3.1-1_amd64.deb ...
#12 223.9 Unpacking libmpc3:amd64 (1.3.1-1) ...
#12 225.1 Selecting previously unselected package cpp-12.
#12 225.1 Preparing to unpack .../021-cpp-12_12.2.0-14+deb12u1_amd64.deb ...
#12 225.3 Unpacking cpp-12 (12.2.0-14+deb12u1) ...
#12 228.0 Selecting previously unselected package cpp.
#12 228.0 Preparing to unpack .../022-cpp_4%3a12.2.0-3_amd64.deb ...
#12 228.3 Unpacking cpp (4:12.2.0-3) ...
#12 230.1 Selecting previously unselected package libcc1-0:amd64.
#12 230.1 Preparing to unpack .../023-libcc1-0_12.2.0-14+deb12u1_amd64.deb ...
#12 230.3 Unpacking libcc1-0:amd64 (12.2.0-14+deb12u1) ...
#12 232.1 Selecting previously unselected package libgomp1:amd64.
#12 232.1 Preparing to unpack .../024-libgomp1_12.2.0-14+deb12u1_amd64.deb ...
#12 232.3 Unpacking libgomp1:amd64 (12.2.0-14+deb12u1) ...
#12 237.2 Selecting previously unselected package libitm1:amd64.
#12 237.2 Preparing to unpack .../025-libitm1_12.2.0-14+deb12u1_amd64.deb ...
#12 237.6 Unpacking libitm1:amd64 (12.2.0-14+deb12u1) ...
#12 239.6 Selecting previously unselected package libatomic1:amd64.
#12 239.7 Preparing to unpack .../026-libatomic1_12.2.0-14+deb12u1_amd64.deb ...
#12 240.0 Unpacking libatomic1:amd64 (12.2.0-14+deb12u1) ...
#12 241.5 Selecting previously unselected package libasan8:amd64.
#12 241.5 Preparing to unpack .../027-libasan8_12.2.0-14+deb12u1_amd64.deb ...
#12 241.8 Unpacking libasan8:amd64 (12.2.0-14+deb12u1) ...
#12 243.9 Selecting previously unselected package liblsan0:amd64.
#12 243.9 Preparing to unpack .../028-liblsan0_12.2.0-14+deb12u1_amd64.deb ...
#12 244.2 Unpacking liblsan0:amd64 (12.2.0-14+deb12u1) ...
#12 246.9 Selecting previously unselected package libtsan2:amd64.
#12 246.9 Preparing to unpack .../029-libtsan2_12.2.0-14+deb12u1_amd64.deb ...
#12 247.2 Unpacking libtsan2:amd64 (12.2.0-14+deb12u1) ...
#12 249.3 Selecting previously unselected package libubsan1:amd64.
#12 249.3 Preparing to unpack .../030-libubsan1_12.2.0-14+deb12u1_amd64.deb ...
#12 249.6 Unpacking libubsan1:amd64 (12.2.0-14+deb12u1) ...
#12 251.5 Selecting previously unselected package libquadmath0:amd64.
#12 251.5 Preparing to unpack .../031-libquadmath0_12.2.0-14+deb12u1_amd64.deb ...
#12 251.7 Unpacking libquadmath0:amd64 (12.2.0-14+deb12u1) ...
#12 253.1 Selecting previously unselected package libgcc-12-dev:amd64.
#12 253.1 Preparing to unpack .../032-libgcc-12-dev_12.2.0-14+deb12u1_amd64.deb ...
#12 253.4 Unpacking libgcc-12-dev:amd64 (12.2.0-14+deb12u1) ...
#12 255.0 Selecting previously unselected package gcc-12.
#12 255.0 Preparing to unpack .../033-gcc-12_12.2.0-14+deb12u1_amd64.deb ...
#12 255.2 Unpacking gcc-12 (12.2.0-14+deb12u1) ...
#12 257.6 Selecting previously unselected package gcc.
#12 257.6 Preparing to unpack .../034-gcc_4%3a12.2.0-3_amd64.deb ...
#12 257.9 Unpacking gcc (4:12.2.0-3) ...
#12 259.0 Selecting previously unselected package libstdc++-12-dev:amd64.
#12 259.0 Preparing to unpack .../035-libstdc++-12-dev_12.2.0-14+deb12u1_amd64.deb ...
#12 259.2 Unpacking libstdc++-12-dev:amd64 (12.2.0-14+deb12u1) ...
#12 261.5 Selecting previously unselected package g++-12.
#12 261.5 Preparing to unpack .../036-g++-12_12.2.0-14+deb12u1_amd64.deb ...
#12 261.8 Unpacking g++-12 (12.2.0-14+deb12u1) ...
#12 264.3 Selecting previously unselected package g++.
#12 264.3 Preparing to unpack .../037-g++_4%3a12.2.0-3_amd64.deb ...
#12 264.5 Unpacking g++ (4:12.2.0-3) ...
#12 266.0 Selecting previously unselected package make.
#12 266.0 Preparing to unpack .../038-make_4.3-4.1_amd64.deb ...
#12 166.8 Unpacking make (4.3-4.1) ...
#12 271.2 Selecting previously unselected package libdpkg-perl.
#12 271.2 Preparing to unpack .../039-libdpkg-perl_1.21.22_all.deb ...
#12 271.5 Unpacking libdpkg-perl (1.21.22) ...
#12 273.5 Selecting previously unselected package patch.
#12 273.5 Preparing to unpack .../040-patch_2.7.6-7_amd64.deb ...
#12 273.9 Unpacking patch (2.7.6-7) ...
#12 276.0 Selecting previously unselected package dpkg-dev.
#12 276.0 Preparing to unpack .../041-dpkg-dev_1.21.22_all.deb ...
#12 276.3 Unpacking dpkg-dev (1.21.22) ...
#12 278.5 Selecting previously unselected package build-essential.
#12 278.5 Preparing to unpack .../042-build-essential_12.9_amd64.deb ...
#12 278.8 Unpacking build-essential (12.9) ...
#12 281.1 Selecting previously unselected package libassuan0:amd64.
#12 281.1 Preparing to unpack .../043-libassuan0_2.5.5-5_amd64.deb ...
#12 281.5 Unpacking libassuan0:amd64 (2.5.5-5) ...
#12 283.2 Selecting previously unselected package gpgconf.
#12 283.2 Preparing to unpack .../044-gpgconf_2.2.40-1.1_amd64.deb ...
#12 283.6 Unpacking gpgconf (2.2.40-1.1) ...
#12 285.6 Selecting previously unselected package libksba8:amd64.
#12 285.6 Preparing to unpack .../045-libksba8_1.6.3-2_amd64.deb ...
#12 285.9 Unpacking libksba8:amd64 (1.6.3-2) ...
#12 287.3 Selecting previously unselected package libsasl2-modules-db:amd64.
#12 287.3 Preparing to unpack .../046-libsasl2-modules-db_2.1.28+dfsg-10_amd64.deb ...
#12 287.6 Unpacking libsasl2-modules-db:amd64 (2.1.28+dfsg-10) ...
#12 289.3 Selecting previously unselected package libsasl2-2:amd64.
#12 289.3 Preparing to unpack .../047-libsasl2-2_2.1.28+dfsg-10_amd64.deb ...
#12 289.6 Unpacking libsasl2-2:amd64 (2.1.28+dfsg-10) ...
#12 291.1 Selecting previously unselected package libldap-2.5-0:amd64.
#12 291.1 Preparing to unpack .../048-libldap-2.5-0_2.5.13+dfsg-5_amd64.deb ...
#12 291.2 Unpacking libldap-2.5-0:amd64 (2.5.13+dfsg-5) ...
#12 292.9 Selecting previously unselected package libnpth0:amd64.
#12 292.9 Preparing to unpack .../049-libnpth0_1.6-3_amd64.deb ...
#12 293.1 Unpacking libnpth0:amd64 (1.6-3) ...
#12 296.4 Selecting previously unselected package dirmngr.
#12 296.4 Preparing to unpack .../050-dirmngr_2.2.40-1.1_amd64.deb ...
#12 296.6 Unpacking dirmngr (2.2.40-1.1) ...
#12 297.8 Selecting previously unselected package libfakeroot:amd64.
#12 297.8 Preparing to unpack .../051-libfakeroot_1.31-1.2_amd64.deb ...
#12 298.0 Unpacking libfakeroot:amd64 (1.31-1.2) ...
#12 300.3 Selecting previously unselected package fakeroot.
#12 300.3 Preparing to unpack .../052-fakeroot_1.31-1.2_amd64.deb ...
#12 300.9 Unpacking fakeroot (1.31-1.2) ...
#12 302.7 Selecting previously unselected package fonts-dejavu-core.
#12 302.7 Preparing to unpack .../053-fonts-dejavu-core_2.37-6_all.deb ...
#12 302.9 Unpacking fonts-dejavu-core (2.37-6) ...
#12 305.1 Selecting previously unselected package fontconfig-config.
#12 305.1 Preparing to unpack .../054-fontconfig-config_2.14.1-4_amd64.deb ...
#12 305.5 Unpacking fontconfig-config (2.14.1-4) ...
#12 306.4 Selecting previously unselected package gnupg-l10n.
#12 306.4 Preparing to unpack .../055-gnupg-l10n_2.2.40-1.1_all.deb ...
#12 306.7 Unpacking gnupg-l10n (2.2.40-1.1) ...
#12 307.7 Selecting previously unselected package gnupg-utils.
#12 307.7 Preparing to unpack .../056-gnupg-utils_2.2.40-1.1_amd64.deb ...
#12 308.0 Unpacking gnupg-utils (2.2.40-1.1) ...
#12 309.2 Selecting previously unselected package gpg.
#12 309.2 Preparing to unpack .../057-gpg_2.2.40-1.1_amd64.deb ...
#12 309.4 Unpacking gpg (2.2.40-1.1) ...
#12 311.4 Selecting previously unselected package pinentry-curses.
#12 311.4 Preparing to unpack .../058-pinentry-curses_1.2.1-1_amd64.deb ...
#12 311.6 Unpacking pinentry-curses (1.2.1-1) ...
#12 312.9 Selecting previously unselected package gpg-agent.
#12 312.9 Preparing to unpack .../059-gpg-agent_2.2.40-1.1_amd64.deb ...
#12 313.1 Unpacking gpg-agent (2.2.40-1.1) ...
#12 314.2 Selecting previously unselected package gpg-wks-client.
#12 314.2 Preparing to unpack .../060-gpg-wks-client_2.2.40-1.1_amd64.deb ...
#12 314.4 Unpacking gpg-wks-client (2.2.40-1.1) ...
#12 315.5 Selecting previously unselected package gpg-wks-server.
#12 315.5 Preparing to unpack .../061-gpg-wks-server_2.2.40-1.1_amd64.deb ...
#12 315.7 Unpacking gpg-wks-server (2.2.40-1.1) ...
#12 316.7 Selecting previously unselected package gpgsm.
#12 316.7 Preparing to unpack .../062-gpgsm_2.2.40-1.1_amd64.deb ...
#12 316.8 Unpacking gpgsm (2.2.40-1.1) ...
#12 317.8 Selecting previously unselected package gnupg.
#12 317.8 Preparing to unpack .../063-gnupg_2.2.40-1.1_all.deb ...
#12 318.1 Unpacking gnupg (2.2.40-1.1) ...
#12 319.4 Selecting previously unselected package libabsl20220623:amd64.
#12 319.4 Preparing to unpack .../064-libabsl20220623_20220623.1-1+deb12u2_amd64.deb ...
#12 319.6 Unpacking libabsl20220623:amd64 (20220623.1-1+deb12u2) ...
#12 320.6 Selecting previously unselected package libalgorithm-diff-perl.
#12 320.6 Preparing to unpack .../065-libalgorithm-diff-perl_1.201-1_all.deb ...
#12 320.8 Unpacking libalgorithm-diff-perl (1.201-1) ...
#12 321.8 Selecting previously unselected package libalgorithm-diff-xs-perl:amd64.
#12 321.8 Preparing to unpack .../066-libalgorithm-diff-xs-perl_0.04-8+b1_amd64.deb ...
#12 322.2 Unpacking libalgorithm-diff-xs-perl:amd64 (0.04-8+b1) ...
#12 323.1 Selecting previously unselected package libalgorithm-merge-perl.
#12 323.1 Preparing to unpack .../067-libalgorithm-merge-perl_0.08-5_all.deb ...
#12 323.3 Unpacking libalgorithm-merge-perl (0.08-5) ...
#12 324.7 Selecting previously unselected package libaom3:amd64.
#12 324.7 Preparing to unpack .../068-libaom3_3.6.0-1+deb12u1_amd64.deb ...
#12 324.9 Unpacking libaom3:amd64 (3.6.0-1+deb12u1) ...
#12 326.2 Selecting previously unselected package libdav1d6:amd64.
#12 326.2 Preparing to unpack .../069-libdav1d6_1.0.0-2+deb12u1_amd64.deb ...
#12 326.4 Unpacking libdav1d6:amd64 (1.0.0-2+deb12u1) ...
#12 327.7 Selecting previously unselected package libgav1-1:amd64.
#12 327.7 Preparing to unpack .../070-libgav1-1_0.18.0-1+b1_amd64.deb ...
#12 328.0 Unpacking libgav1-1:amd64 (0.18.0-1+b1) ...
#12 329.4 Selecting previously unselected package librav1e0:amd64.
#12 329.4 Preparing to unpack .../071-librav1e0_0.5.1-6_amd64.deb ...
#12 329.6 Unpacking librav1e0:amd64 (0.5.1-6) ...
#12 333.1 Selecting previously unselected package libsvtav1enc1:amd64.
#12 333.1 Preparing to unpack .../072-libsvtav1enc1_1.4.1+dfsg-1_amd64.deb ...
#12 333.5 Unpacking libsvtav1enc1:amd64 (1.4.1+dfsg-1) ...
#12 335.5 Selecting previously unselected package libjpeg62-turbo:amd64.
#12 335.5 Preparing to unpack .../073-libjpeg62-turbo_1%3a2.1.5-2_amd64.deb ...
#12 335.7 Unpacking libjpeg62-turbo:amd64 (1:2.1.5-2) ...
#12 336.8 Selecting previously unselected package libyuv0:amd64.
#12 336.8 Preparing to unpack .../074-libyuv0_0.0~git20230123.b2528b0-1_amd64.deb ...
#12 336.9 Unpacking libyuv0:amd64 (0.0~git20230123.b2528b0-1) ...
#12 338.3 Selecting previously unselected package libavif15:amd64.
#12 338.3 Preparing to unpack .../075-libavif15_0.11.1-1+deb12u1_amd64.deb ...
#12 338.4 Unpacking libavif15:amd64 (0.11.1-1+deb12u1) ...
#12 339.9 Selecting previously unselected package libbrotli1:amd64.
#12 339.9 Preparing to unpack .../076-libbrotli1_1.0.9-2+b6_amd64.deb ...
#12 340.2 Unpacking libbrotli1:amd64 (1.0.9-2+b6) ...
#12 342.8 Selecting previously unselected package libbsd0:amd64.
#12 342.8 Preparing to unpack .../077-libbsd0_0.11.7-2_amd64.deb ...
#12 343.1 Unpacking libbsd0:amd64 (0.11.7-2) ...
#12 345.4 Selecting previously unselected package libexpat1:amd64.
#12 345.4 Preparing to unpack .../078-libexpat1_2.5.0-1+deb12u1_amd64.deb ...
#12 345.7 Unpacking libexpat1:amd64 (2.5.0-1+deb12u1) ...
#12 348.3 Selecting previously unselected package libpng16-16:amd64.
#12 348.3 Preparing to unpack .../079-libpng16-16_1.6.39-2_amd64.deb ...
#12 348.8 Unpacking libpng16-16:amd64 (1.6.39-2) ...
#12 352.3 Selecting previously unselected package libfreetype6:amd64.
#12 352.3 Preparing to unpack .../080-libfreetype6_2.12.1+dfsg-5+deb12u4_amd64.deb ...
#12 352.7 Unpacking libfreetype6:amd64 (2.12.1+dfsg-5+deb12u4) ...
#12 355.8 Selecting previously unselected package libfontconfig1:amd64.
#12 355.8 Preparing to unpack .../081-libfontconfig1_2.14.1-4_amd64.deb ...
#12 356.4 Unpacking libfontconfig1:amd64 (2.14.1-4) ...
#12 358.9 Selecting previously unselected package libde265-0:amd64.
#12 358.9 Preparing to unpack .../082-libde265-0_1.0.11-1+deb12u2_amd64.deb ...
#12 359.2 Unpacking libde265-0:amd64 (1.0.11-1+deb12u2) ...
#12 360.7 Selecting previously unselected package libnuma1:amd64.
#12 360.7 Preparing to unpack .../083-libnuma1_2.0.16-1_amd64.deb ...
#12 360.9 Unpacking libnuma1:amd64 (2.0.16-1) ...
#12 364.8 Selecting previously unselected package libx265-199:amd64.
#12 364.8 Preparing to unpack .../084-libx265-199_3.5-2+b1_amd64.deb ...
#12 365.0 Unpacking libx265-199:amd64 (3.5-2+b1) ...
#12 366.8 Selecting previously unselected package libheif1:amd64.
#12 366.8 Preparing to unpack .../085-libheif1_1.15.1-1+deb12u1_amd64.deb ...
#12 367.0 Unpacking libheif1:amd64 (1.15.1-1+deb12u1) ...
#12 369.0 Selecting previously unselected package libdeflate0:amd64.
#12 369.0 Preparing to unpack .../086-libdeflate0_1.14-1_amd64.deb ...
#12 369.3 Unpacking libdeflate0:amd64 (1.14-1) ...
#12 371.3 Selecting previously unselected package libjbig0:amd64.
#12 371.3 Preparing to unpack .../087-libjbig0_2.1-6.1_amd64.deb ...
#12 371.6 Unpacking libjbig0:amd64 (2.1-6.1) ...
#12 374.1 Selecting previously unselected package liblerc4:amd64.
#12 374.1 Preparing to unpack .../088-liblerc4_4.0.0+ds-2_amd64.deb ...
#12 374.7 Unpacking liblerc4:amd64 (4.0.0+ds-2) ...
#12 376.4 Selecting previously unselected package libwebp7:amd64.
#12 376.4 Preparing to unpack .../089-libwebp7_1.2.4-0.2+deb12u1_amd64.deb ...
#12 376.7 Unpacking libwebp7:amd64 (1.2.4-0.2+deb12u1) ...
#12 379.2 Selecting previously unselected package libtiff6:amd64.
#12 379.2 Preparing to unpack .../090-libtiff6_4.5.0-6+deb12u2_amd64.deb ...
#12 379.7 Unpacking libtiff6:amd64 (4.5.0-6+deb12u2) ...
#12 381.4 Selecting previously unselected package libxau6:amd64.
#12 381.4 Preparing to unpack .../091-libxau6_1%3a1.0.9-1_amd64.deb ...
#12 381.6 Unpacking libxau6:amd64 (1:1.0.9-1) ...
#12 382.9 Selecting previously unselected package libxdmcp6:amd64.
#12 382.9 Preparing to unpack .../092-libxdmcp6_1%3a1.1.2-3_amd64.deb ...
#12 383.3 Unpacking libxdmcp6:amd64 (1:1.1.2-3) ...
#12 384.6 Selecting previously unselected package libxcb1:amd64.
#12 384.6 Preparing to unpack .../093-libxcb1_1.15-1_amd64.deb ...
#12 384.8 Unpacking libxcb1:amd64 (1.15-1) ...
#12 386.2 Selecting previously unselected package libx11-data.
#12 386.2 Preparing to unpack .../094-libx11-data_2%3a1.8.4-2+deb12u2_all.deb ...
#12 386.8 Unpacking libx11-data (2:1.8.4-2+deb12u2) ...
#12 389.7 Selecting previously unselected package libx11-6:amd64.
#12 389.7 Preparing to unpack .../095-libx11-6_2%3a1.8.4-2+deb12u2_amd64.deb ...
#12 389.9 Unpacking libx11-6:amd64 (2:1.8.4-2+deb12u2) ...
#12 391.6 Selecting previously unselected package libxpm4:amd64.
#12 391.6 Preparing to unpack .../096-libxpm4_1%3a3.5.12-1.1+deb12u1_amd64.deb ...
#12 391.8 Unpacking libxpm4:amd64 (1:3.5.12-1.1+deb12u1) ...
#12 397.6 Selecting previously unselected package libgd3:amd64.
#12 397.6 Preparing to unpack .../097-libgd3_2.3.3-9_amd64.deb ...
#12 398.0 Unpacking libgd3:amd64 (2.3.3-9) ...
#12 399.7 Selecting previously unselected package libc-devtools.
#12 399.7 Preparing to unpack .../098-libc-devtools_2.36-9+deb12u10_amd64.deb ...
#12 400.0 Unpacking libc-devtools (2.36-9+deb12u10) ...
#12 401.5 Selecting previously unselected package libfile-fcntllock-perl.
#12 401.5 Preparing to unpack .../099-libfile-fcntllock-perl_0.22-4+b1_amd64.deb ...
#12 401.7 Unpacking libfile-fcntllock-perl (0.22-4+b1) ...
#12 403.3 Selecting previously unselected package libldap-common.
#12 403.3 Preparing to unpack .../100-libldap-common_2.5.13+dfsg-5_all.deb ...
#12 403.5 Unpacking libldap-common (2.5.13+dfsg-5) ...
#12 406.5 Selecting previously unselected package libsasl2-modules:amd64.
#12 406.5 Preparing to unpack .../101-libsasl2-modules_2.1.28+dfsg-10_amd64.deb ...
#12 406.9 Unpacking libsasl2-modules:amd64 (2.1.28+dfsg-10) ...
#12 408.3 Selecting previously unselected package manpages-dev.
#12 408.3 Preparing to unpack .../102-manpages-dev_6.03-2_all.deb ...
#12 408.6 Unpacking manpages-dev (6.03-2) ...
#12 410.8 Setting up libksba8:amd64 (1.6.3-2) ...
#12 411.8 Setting up libexpat1:amd64 (2.5.0-1+deb12u1) ...
#12 412.8 Setting up libaom3:amd64 (3.6.0-1+deb12u1) ...
#12 413.4 Setting up libabsl20220623:amd64 (20220623.1-1+deb12u2) ...
#12 415.0 Setting up libxau6:amd64 (1:1.0.9-1) ...
#12 417.5 Setting up liblerc4:amd64 (4.0.0+ds-2) ...
#12 420.2 Setting up manpages (6.03-2) ...
#12 421.5 Setting up libbrotli1:amd64 (1.0.9-2+b6) ...
#12 423.2 Setting up libsasl2-modules:amd64 (2.1.28+dfsg-10) ...
#12 424.4 Setting up binutils-common:amd64 (2.40-2) ...
#12 429.2 Setting up libdeflate0:amd64 (1.14-1) ...
#12 430.9 Setting up linux-libc-dev:amd64 (6.1.140-1) ...
#12 432.3 Setting up libctf-nobfd0:amd64 (2.40-2) ...
#12 433.5 Setting up libnpth0:amd64 (1.6-3) ...
#12 434.9 Setting up libsvtav1enc1:amd64 (1.4.1+dfsg-1) ...
#12 435.7 Setting up libassuan0:amd64 (2.5.5-5) ...
#12 436.6 Setting up libgomp1:amd64 (12.2.0-14+deb12u1) ...
#12 437.5 Setting up bzip2 (1.0.8-5+b1) ...
#12 438.4 Setting up libldap-common (2.5.13+dfsg-5) ...
#12 439.8 Setting up libjbig0:amd64 (2.1-6.1) ...
#12 440.7 Setting up librav1e0:amd64 (0.5.1-6) ...
#12 441.7 Setting up libfakeroot:amd64 (1.31-1.2) ...
#12 443.0 Setting up libjansson4:amd64 (2.14-2) ...
#12 444.1 Setting up libsasl2-modules-db:amd64 (2.1.28+dfsg-10) ...
#12 445.0 Setting up fakeroot (1.31-1.2) ...
#12 445.9 update-alternatives: using /usr/bin/fakeroot-sysv to provide /usr/bin/fakeroot (fakeroot) in auto mode
#12 445.9 update-alternatives: warning: skip creation of /usr/share/man/man1/fakeroot.1.gz because associated file /usr/share/man/man1/fakeroot-sysv.1.gz (of link group fakeroot) doesn't exist
#12 445.9 update-alternatives: warning: skip creation of /usr/share/man/man1/faked.1.gz because associated file /usr/share/man/man1/faked-sysv.1.gz (of link group fakeroot) doesn't exist
#12 445.9 update-alternatives: warning: skip creation of /usr/share/man/es/man1/fakeroot.1.gz because associated file /usr/share/man/es/man1/fakeroot-sysv.1.gz (of link group fakeroot) doesn't exist
#12 445.9 update-alternatives: warning: skip creation of /usr/share/man/es/man1/faked.1.gz because associated file /usr/share/man/es/man1/faked-sysv.1.gz (of link group fakeroot) doesn't exist
#12 445.9 update-alternatives: warning: skip creation of /usr/share/man/fr/man1/fakeroot.1.gz because associated file /usr/share/man/fr/man1/fakeroot-sysv.1.gz (of link group fakeroot) doesn't exist
#12 445.9 update-alternatives: warning: skip creation of /usr/share/man/fr/man1/faked.1.gz because associated file /usr/share/man/fr/man1/faked-sysv.1.gz (of link group fakeroot) doesn't exist
#12 445.9 update-alternatives: warning: skip creation of /usr/share/man/sv/man1/fakeroot.1.gz because associated file /usr/share/man/sv/man1/fakeroot-sysv.1.gz (of link group fakeroot) doesn't exist
#12 445.9 update-alternatives: warning: skip creation of /usr/share/man/sv/man1/faked.1.gz because associated file /usr/share/man/sv/man1/faked-sysv.1.gz (of link group fakeroot) doesn't exist
#12 446.5 Setting up perl-modules-5.36 (5.36.0-7+deb12u2) ...
#12 447.7 Setting up libtirpc-dev:amd64 (1.3.3+ds-1) ...
#12 448.8 Setting up rpcsvc-proto (1.4.3-1) ...
#12 449.9 Setting up libjpeg62-turbo:amd64 (1:2.1.5-2) ...
#12 450.7 Setting up libx11-data (2:1.8.4-2+deb12u2) ...
#12 451.5 Setting up make (4.3-4.1) ...
#12 452.6 Setting up libmpfr6:amd64 (4.2.0-1) ...
#12 453.7 Setting up gnupg-l10n (2.2.40-1.1) ...
#12 454.5 Setting up xz-utils (5.4.1-1) ...
#12 455.2 update-alternatives: using /usr/bin/xz to provide /usr/bin/lzma (lzma) in auto mode
#12 455.2 update-alternatives: warning: skip creation of /usr/share/man/man1/lzma.1.gz because associated file /usr/share/man/man1/xz.1.gz (of link group lzma) doesn't exist
#12 455.2 update-alternatives: warning: skip creation of /usr/share/man/man1/unlzma.1.gz because associated file /usr/share/man/man1/unxz.1.gz (of link group lzma) doesn't exist
#12 455.2 update-alternatives: warning: skip creation of /usr/share/man/man1/lzcat.1.gz because associated file /usr/share/man/man1/xzcat.1.gz (of link group lzma) doesn't exist
#12 455.2 update-alternatives: warning: skip creation of /usr/share/man/man1/lzmore.1.gz because associated file /usr/share/man/man1/xzmore.1.gz (of link group lzma) doesn't exist
#12 455.2 update-alternatives: warning: skip creation of /usr/share/man/man1/lzless.1.gz because associated file /usr/share/man/man1/xzless.1.gz (of link group lzma) doesn't exist
#12 455.2 update-alternatives: warning: skip creation of /usr/share/man/man1/lzdiff.1.gz because associated file /usr/share/man/man1/xzdiff.1.gz (of link group lzma) doesn't exist
#12 455.2 update-alternatives: warning: skip creation of /usr/share/man/man1/lzcmp.1.gz because associated file /usr/share/man/man1/xzcmp.1.gz (of link group lzma) doesn't exist
#12 455.2 update-alternatives: warning: skip creation of /usr/share/man/man1/lzgrep.1.gz because associated file /usr/share/man/man1/xzgrep.1.gz (of link group lzma) doesn't exist
#12 455.2 update-alternatives: warning: skip creation of /usr/share/man/man1/lzegrep.1.gz because associated file /usr/share/man/man1/xzegrep.1.gz (of link group lzma) doesn't exist
#12 455.2 update-alternatives: warning: skip creation of /usr/share/man/man1/lzfgrep.1.gz because associated file /usr/share/man/man1/xzfgrep.1.gz (of link group lzma) doesn't exist
#12 455.8 Setting up libquadmath0:amd64 (12.2.0-14+deb12u1) ...
#12 456.6 Setting up libpng16-16:amd64 (1.6.39-2) ...
#12 460.4 Setting up libmpc3:amd64 (1.3.1-1) ...
#12 462.1 Setting up libatomic1:amd64 (12.2.0-14+deb12u1) ...
#12 463.8 Setting up patch (2.7.6-7) ...
#12 464.7 Setting up fonts-dejavu-core (2.37-6) ...
#12 469.0 Setting up libgdbm-compat4:amd64 (1.23-3) ...
#12 469.8 Setting up libgav1-1:amd64 (0.18.0-1+b1) ...
#12 470.5 Setting up libdav1d6:amd64 (1.0.0-2+deb12u1) ...
#12 471.4 Setting up libsasl2-2:amd64 (2.1.28+dfsg-10) ...
#12 472.1 Setting up libwebp7:amd64 (1.2.4-0.2+deb12u1) ...
#12 472.8 Setting up libubsan1:amd64 (12.2.0-14+deb12u1) ...
#12 473.7 Setting up libnuma1:amd64 (2.0.16-1) ...
#12 474.5 Setting up libnsl-dev:amd64 (1.3.0-2) ...
#12 475.2 Setting up libcrypt-dev:amd64 (1:4.4.33-2) ...
#12 475.8 Setting up libtiff6:amd64 (4.5.0-6+deb12u2) ...
#12 476.5 Setting up libasan8:amd64 (12.2.0-14+deb12u1) ...
#12 477.1 Setting up gpgconf (2.2.40-1.1) ...
#12 477.9 Setting up libtsan2:amd64 (12.2.0-14+deb12u1) ...
#12 478.6 Setting up libbinutils:amd64 (2.40-2) ...
#12 479.4 Setting up libisl23:amd64 (0.25-1.1) ...
#12 480.1 Setting up libde265-0:amd64 (1.0.11-1+deb12u2) ...
#12 480.8 Setting up libc-dev-bin (2.36-9+deb12u10) ...
#12 481.5 Setting up libbsd0:amd64 (0.11.7-2) ...
#12 482.1 Setting up libyuv0:amd64 (0.0~git20230123.b2528b0-1) ...
#12 482.9 Setting up libcc1-0:amd64 (12.2.0-14+deb12u1) ...
#12 483.7 Setting up libperl5.36:amd64 (5.36.0-7+deb12u2) ...
#12 484.5 Setting up liblocale-gettext-perl (1.07-5) ...
#12 485.1 Setting up gpg (2.2.40-1.1) ...
#12 485.8 Setting up liblsan0:amd64 (12.2.0-14+deb12u1) ...
#12 486.6 Setting up libitm1:amd64 (12.2.0-14+deb12u1) ...
#12 487.4 Setting up gnupg-utils (2.2.40-1.1) ...
#12 488.0 Setting up libctf0:amd64 (2.40-2) ...
#12 488.7 Setting up pinentry-curses (1.2.1-1) ...
#12 489.6 Setting up manpages-dev (6.03-2) ...
#12 493.3 Setting up libxdmcp6:amd64 (1:1.1.2-3) ...
#12 494.5 Setting up cpp-12 (12.2.0-14+deb12u1) ...
#12 495.6 Setting up libxcb1:amd64 (1.15-1) ...
#12 496.6 Setting up gpg-agent (2.2.40-1.1) ...
#12 498.6 Setting up libavif15:amd64 (0.11.1-1+deb12u1) ...
#12 499.3 Setting up fontconfig-config (2.14.1-4) ...
#12 500.6 debconf: unable to initialize frontend: Dialog
#12 500.6 debconf: (TERM is not set, so the dialog frontend is not usable.)
#12 500.6 debconf: falling back to frontend: Readline
#12 500.6 debconf: unable to initialize frontend: Readline
#12 500.6 debconf: (This frontend requires a controlling tty.)
#12 500.6 debconf: falling back to frontend: Teletype
#12 501.3 Setting up gpgsm (2.2.40-1.1) ...
#12 502.1 Setting up libldap-2.5-0:amd64 (2.5.13+dfsg-5) ...
#12 502.9 Setting up dirmngr (2.2.40-1.1) ...
#12 504.7 Setting up perl (5.36.0-7+deb12u2) ...
#12 505.8 Setting up libgprofng0:amd64 (2.40-2) ...
#12 506.8 Setting up libfreetype6:amd64 (2.12.1+dfsg-5+deb12u4) ...
#12 507.6 Setting up libgcc-12-dev:amd64 (12.2.0-14+deb12u1) ...
#12 508.4 Setting up libdpkg-perl (1.21.22) ...
#12 509.1 Setting up libx265-199:amd64 (3.5-2+b1) ...
#12 510.1 Setting up gpg-wks-server (2.2.40-1.1) ...
#12 510.8 Setting up cpp (4:12.2.0-3) ...
#12 511.9 Setting up libc6-dev:amd64 (2.36-9+deb12u10) ...
#12 512.7 Setting up libx11-6:amd64 (2:1.8.4-2+deb12u2) ...
#12 513.5 Setting up libfontconfig1:amd64 (2.14.1-4) ...
#12 514.5 Setting up binutils-x86-64-linux-gnu (2.40-2) ...
#12 516.3 Setting up libxpm4:amd64 (1:3.5.12-1.1+deb12u1) ...
#12 517.6 Setting up gpg-wks-client (2.2.40-1.1) ...
#12 518.4 Setting up libstdc++-12-dev:amd64 (12.2.0-14+deb12u1) ...
#12 519.2 Setting up libfile-fcntllock-perl (0.22-4+b1) ...
#12 520.2 Setting up libalgorithm-diff-perl (1.201-1) ...
#12 521.1 Setting up libheif1:amd64 (1.15.1-1+deb12u1) ...
#12 521.9 Setting up binutils (2.40-2) ...
#12 522.7 Setting up dpkg-dev (1.21.22) ...
#12 525.0 Setting up gcc-12 (12.2.0-14+deb12u1) ...
#12 526.0 Setting up libgd3:amd64 (2.3.3-9) ...
#12 526.8 Setting up gnupg (2.2.40-1.1) ...
#12 527.6 Setting up libalgorithm-diff-xs-perl:amd64 (0.04-8+b1) ...
#12 528.6 Setting up libc-devtools (2.36-9+deb12u10) ...
#12 529.6 Setting up libalgorithm-merge-perl (0.08-5) ...
#12 530.5 Setting up g++-12 (12.2.0-14+deb12u1) ...
#12 531.1 Setting up gcc (4:12.2.0-3) ...
#12 532.4 Setting up g++ (4:12.2.0-3) ...
#12 533.0 update-alternatives: using /usr/bin/g++ to provide /usr/bin/c++ (c++) in auto mode
#12 533.4 Setting up build-essential (12.9) ...
#12 534.3 Processing triggers for libc-bin (2.36-9+deb12u10) ...
#12 DONE 536.8s

#13 [websocket_server builder  6/17] RUN apt-get install -y libpq5
#13 3.790 Reading package lists...
#13 4.339 Building dependency tree...
#13 4.469 Reading state information...
#13 4.683 The following NEW packages will be installed:
#13 4.684   libpq5
#13 4.865 0 upgraded, 1 newly installed, 0 to remove and 26 not upgraded.
#13 4.865 Need to get 192 kB of archives.
#13 4.865 After this operation, 879 kB of additional disk space will be used.
#13 4.865 Get:1 http://deb.debian.org/debian bookworm/main amd64 libpq5 amd64 15.13-0+deb12u1 [192 kB]
#13 5.662 debconf: delaying package configuration, since apt-utils is not installed
#13 6.047 Fetched 192 kB in 0s (903 kB/s)
#13 7.066 Selecting previously unselected package libpq5:amd64.
#13 7.066 (Reading database ... (Reading database ... 5%(Reading database ... 10%(Reading database ... 15%(Reading database ... 20%(Reading database ... 25%(Reading database ... 30%(Reading database ... 35%(Reading database ... 40%(Reading database ... 45%(Reading database ... 50%(Reading database ... 55%(Reading database ... 60%(Reading database ... 65%(Reading database ... 70%(Reading database ... 75%(Reading database ... 80%(Reading database ... 85%(Reading database ... 90%(Reading database ... 95%(Reading database ... 100%(Reading database ... 16407 files and directories currently installed.)
#13 7.087 Preparing to unpack .../libpq5_15.13-0+deb12u1_amd64.deb ...
#13 7.562 Unpacking libpq5:amd64 (15.13-0+deb12u1) ...
#13 8.997 Setting up libpq5:amd64 (15.13-0+deb12u1) ...
#13 9.691 Processing triggers for libc-bin (2.36-9+deb12u10) ...
#13 DONE 12.1s

#14 [executor builder  7/17] RUN apt-get install -y libz-dev
#14 3.233 Reading package lists...
#14 3.756 Building dependency tree...
#14 3.884 Reading state information...
#14 -96.880 The following NEW packages will be installed:
#14 -96.880   zlib1g-dev
#14 5.363 0 upgraded, 1 newly installed, 0 to remove and 26 not upgraded.
#14 5.363 Need to get 916 kB of archives.
#14 5.363 After this operation, 1341 kB of additional disk space will be used.
#14 5.363 Get:1 http://deb.debian.org/debian bookworm/main amd64 zlib1g-dev amd64 1:1.2.13.dfsg-1 [916 kB]
#14 6.162 debconf: delaying package configuration, since apt-utils is not installed
#14 6.533 Fetched 916 kB in 0s (4501 kB/s)
#14 7.253 Selecting previously unselected package zlib1g-dev:amd64.
#14 7.253 (Reading database ... (Reading database ... 5%(Reading database ... 10%(Reading database ... 15%(Reading database ... 20%(Reading database ... 25%(Reading database ... 30%(Reading database ... 35%(Reading database ... 40%(Reading database ... 45%(Reading database ... 50%(Reading database ... 55%(Reading database ... 60%(Reading database ... 65%(Reading database ... 70%(Reading database ... 75%(Reading database ... 80%(Reading database ... 85%(Reading database ... 90%(Reading database ... 95%(Reading database ... 100%(Reading database ... 16426 files and directories currently installed.)
#14 7.276 Preparing to unpack .../zlib1g-dev_1%3a1.2.13.dfsg-1_amd64.deb ...
#14 7.553 Unpacking zlib1g-dev:amd64 (1:1.2.13.dfsg-1) ...
#14 8.836 Setting up zlib1g-dev:amd64 (1:1.2.13.dfsg-1) ...
#14 DONE 11.2s

#15 [executor builder  8/17] RUN apt-get install -y libssl-dev
#15 4.023 Reading package lists...
#15 4.748 Building dependency tree...
#15 4.972 Reading state information...
#15 5.276 The following additional packages will be installed:
#15 5.277   libssl3 openssl
#15 5.280 Suggested packages:
#15 5.280   libssl-doc
#15 5.343 The following NEW packages will be installed:
#15 5.344   libssl-dev
#15 5.347 The following packages will be upgraded:
#15 5.349   libssl3 openssl
#15 5.438 2 upgraded, 1 newly installed, 0 to remove and 24 not upgraded.
#15 5.438 Need to get 5893 kB of archives.
#15 5.438 After this operation, 12.7 MB of additional disk space will be used.
#15 5.438 Get:1 http://deb.debian.org/debian bookworm/main amd64 libssl3 amd64 3.0.16-1~deb12u1 [2026 kB]
#15 5.592 Get:2 http://deb.debian.org/debian bookworm/main amd64 libssl-dev amd64 3.0.16-1~deb12u1 [2440 kB]
#15 5.703 Get:3 http://deb.debian.org/debian bookworm/main amd64 openssl amd64 3.0.16-1~deb12u1 [1427 kB]
#15 6.470 debconf: delaying package configuration, since apt-utils is not installed
#15 6.823 Fetched 5893 kB in 0s (14.9 MB/s)
#15 7.792 (Reading database ... (Reading database ... 5%(Reading database ... 10%(Reading database ... 15%(Reading database ... 20%(Reading database ... 25%(Reading database ... 30%(Reading database ... 35%(Reading database ... 40%(Reading database ... 45%(Reading database ... 50%(Reading database ... 55%(Reading database ... 60%(Reading database ... 65%(Reading database ... 70%(Reading database ... 75%(Reading database ... 80%(Reading database ... 85%(Reading database ... 90%(Reading database ... 95%(Reading database ... 100%(Reading database ... 16458 files and directories currently installed.)
#15 7.816 Preparing to unpack .../libssl3_3.0.16-1~deb12u1_amd64.deb ...
#15 8.870 Unpacking libssl3:amd64 (3.0.16-1~deb12u1) over (3.0.15-1~deb12u1) ...
#15 12.04 Selecting previously unselected package libssl-dev:amd64.
#15 12.04 Preparing to unpack .../libssl-dev_3.0.16-1~deb12u1_amd64.deb ...
#15 12.22 Unpacking libssl-dev:amd64 (3.0.16-1~deb12u1) ...
#15 14.16 Preparing to unpack .../openssl_3.0.16-1~deb12u1_amd64.deb ...
#15 15.09 Unpacking openssl (3.0.16-1~deb12u1) over (3.0.15-1~deb12u1) ...
#15 17.88 Setting up libssl3:amd64 (3.0.16-1~deb12u1) ...
#15 18.73 Setting up libssl-dev:amd64 (3.0.16-1~deb12u1) ...
#15 19.59 Setting up openssl (3.0.16-1~deb12u1) ...
#15 20.78 Processing triggers for libc-bin (2.36-9+deb12u10) ...
#15 DONE 27.5s

#16 [rest_server builder  9/17] RUN apt-get install -y postgresql-client
#16 6.291 Reading package lists...
#16 6.851 Building dependency tree...
#16 7.012 Reading state information...
#16 7.206 The following additional packages will be installed:
#16 7.206   postgresql-client-15 postgresql-client-common sensible-utils
#16 7.209 Suggested packages:
#16 7.209   postgresql-15 postgresql-doc-15
#16 7.284 The following NEW packages will be installed:
#16 7.284   postgresql-client postgresql-client-15 postgresql-client-common
#16 7.284   sensible-utils
#16 7.406 0 upgraded, 4 newly installed, 0 to remove and 24 not upgraded.
#16 7.406 Need to get 1790 kB of archives.
#16 7.406 After this operation, 8629 kB of additional disk space will be used.
#16 7.406 Get:1 http://deb.debian.org/debian bookworm/main amd64 sensible-utils all 0.0.17+nmu1 [19.0 kB]
#16 7.432 Get:2 http://deb.debian.org/debian bookworm/main amd64 postgresql-client-common all 248 [35.1 kB]
#16 7.466 Get:3 http://deb.debian.org/debian bookworm/main amd64 postgresql-client-15 amd64 15.13-0+deb12u1 [1725 kB]
#16 7.586 Get:4 http://deb.debian.org/debian bookworm/main amd64 postgresql-client all 15+248 [10.1 kB]
#16 8.807 debconf: delaying package configuration, since apt-utils is not installed
#16 9.323 Fetched 1790 kB in 0s (6197 kB/s)
#16 10.18 Selecting previously unselected package sensible-utils.
#16 10.18 (Reading database ... (Reading database ... 5%(Reading database ... 10%(Reading database ... 15%(Reading database ... 20%(Reading database ... 25%(Reading database ... 30%(Reading database ... 35%(Reading database ... 40%(Reading database ... 45%(Reading database ... 50%(Reading database ... 55%(Reading database ... 60%(Reading database ... 65%(Reading database ... 70%(Reading database ... 75%(Reading database ... 80%(Reading database ... 85%(Reading database ... 90%(Reading database ... 95%(Reading database ... 100%(Reading database ... 16606 files and directories currently installed.)
#16 10.20 Preparing to unpack .../sensible-utils_0.0.17+nmu1_all.deb ...
#16 10.62 Unpacking sensible-utils (0.0.17+nmu1) ...
#16 12.24 Selecting previously unselected package postgresql-client-common.
#16 12.24 Preparing to unpack .../postgresql-client-common_248_all.deb ...
#16 12.64 Unpacking postgresql-client-common (248) ...
#16 14.29 Selecting previously unselected package postgresql-client-15.
#16 14.29 Preparing to unpack .../postgresql-client-15_15.13-0+deb12u1_amd64.deb ...
#16 14.48 Unpacking postgresql-client-15 (15.13-0+deb12u1) ...
#16 15.80 Selecting previously unselected package postgresql-client.
#16 15.80 Preparing to unpack .../postgresql-client_15+248_all.deb ...
#16 16.02 Unpacking postgresql-client (15+248) ...
#16 17.27 Setting up postgresql-client-common (248) ...
#16 18.77 Setting up sensible-utils (0.0.17+nmu1) ...
#16 20.31 Setting up postgresql-client-15 (15.13-0+deb12u1) ...
#16 22.16 update-alternatives: using /usr/share/postgresql/15/man/man1/psql.1.gz to provide /usr/share/man/man1/psql.1.gz (psql.1.gz) in auto mode
#16 22.96 Setting up postgresql-client (15+248) ...
#16 DONE 26.3s

#17 [migrate builder 10/17] RUN pip3 install --upgrade pip setuptools
#17 9.753 Requirement already satisfied: pip in /usr/local/lib/python3.11/site-packages (24.0)
#17 10.27 Collecting pip
#17 10.44   Downloading pip-25.1.1-py3-none-any.whl.metadata (3.6 kB)
#17 10.80 Requirement already satisfied: setuptools in /usr/local/lib/python3.11/site-packages (65.5.1)
#17 11.28 Collecting setuptools
#17 11.31   Downloading setuptools-80.9.0-py3-none-any.whl.metadata (6.6 kB)
#17 11.74 Downloading pip-25.1.1-py3-none-any.whl (1.8 MB)
#17 12.19    ━━━━━━━━━━━━━━━━━━━━━━━━━━━━━━━━━━━━━━━━ 1.8/1.8 MB 4.1 MB/s eta 0:00:00
#17 12.22 Downloading setuptools-80.9.0-py3-none-any.whl (1.2 MB)
#17 12.58    ━━━━━━━━━━━━━━━━━━━━━━━━━━━━━━━━━━━━━━━━ 1.2/1.2 MB 3.5 MB/s eta 0:00:00
#17 12.73 Installing collected packages: setuptools, pip
#17 12.73   Attempting uninstall: setuptools
#17 12.73     Found existing installation: setuptools 65.5.1
#17 12.76     Uninstalling setuptools-65.5.1:
#17 13.12       Successfully uninstalled setuptools-65.5.1
#17 14.43   Attempting uninstall: pip
#17 14.44     Found existing installation: pip 24.0
#17 14.50     Uninstalling pip-24.0:
#17 14.98       Successfully uninstalled pip-24.0
#17 18.61 Successfully installed pip-25.1.1 setuptools-80.9.0
#17 18.61 WARNING: Running pip as the 'root' user can result in broken permissions and conflicting behaviour with the system package manager. It is recommended to use a virtual environment instead: https://pip.pypa.io/warnings/venv
#17 DONE 21.0s

#18 [migrate builder 11/17] RUN pip3 install poetry
#18 5.502 Collecting poetry
#18 5.644   Downloading poetry-2.1.3-py3-none-any.whl.metadata (7.1 kB)
#18 6.736 Collecting build<2.0.0,>=1.2.1 (from poetry)
#18 6.780   Downloading build-1.2.2.post1-py3-none-any.whl.metadata (6.5 kB)
#18 7.511 Collecting cachecontrol<0.15.0,>=0.14.0 (from cachecontrol[filecache]<0.15.0,>=0.14.0->poetry)
#18 7.549   Downloading cachecontrol-0.14.3-py3-none-any.whl.metadata (3.1 kB)
#18 8.029 Collecting cleo<3.0.0,>=2.1.0 (from poetry)
#18 8.066   Downloading cleo-2.1.0-py3-none-any.whl.metadata (12 kB)
#18 9.074 Collecting dulwich<0.23.0,>=0.22.6 (from poetry)
#18 9.111   Downloading dulwich-0.22.8-cp311-cp311-manylinux_2_17_x86_64.manylinux2014_x86_64.whl.metadata (4.9 kB)
#18 9.799 Collecting fastjsonschema<3.0.0,>=2.18.0 (from poetry)
#18 9.835   Downloading fastjsonschema-2.21.1-py3-none-any.whl.metadata (2.2 kB)
#18 10.46 Collecting findpython<0.7.0,>=0.6.2 (from poetry)
#18 10.50   Downloading findpython-0.6.3-py3-none-any.whl.metadata (5.3 kB)
#18 11.09 Collecting installer<0.8.0,>=0.7.0 (from poetry)
#18 11.12   Downloading installer-0.7.0-py3-none-any.whl.metadata (936 bytes)
#18 11.83 Collecting keyring<26.0.0,>=25.1.0 (from poetry)
#18 11.88   Downloading keyring-25.6.0-py3-none-any.whl.metadata (20 kB)
#18 12.44 Collecting packaging>=24.0 (from poetry)
#18 12.48   Downloading packaging-25.0-py3-none-any.whl.metadata (3.3 kB)
#18 13.12 Collecting pbs-installer<2026.0.0,>=2025.1.6 (from pbs-installer[download,install]<2026.0.0,>=2025.1.6->poetry)
#18 13.15   Downloading pbs_installer-2025.7.12-py3-none-any.whl.metadata (991 bytes)
#18 16.56 Collecting pkginfo<2.0,>=1.12 (from poetry)
#18 16.60   Downloading pkginfo-1.12.1.2-py3-none-any.whl.metadata (13 kB)
#18 17.59 Collecting platformdirs<5,>=3.0.0 (from poetry)
#18 17.63   Downloading platformdirs-4.3.8-py3-none-any.whl.metadata (12 kB)
#18 18.32 Collecting poetry-core==2.1.3 (from poetry)
#18 18.36   Downloading poetry_core-2.1.3-py3-none-any.whl.metadata (3.5 kB)
#18 18.87 Collecting pyproject-hooks<2.0.0,>=1.0.0 (from poetry)
#18 18.91   Downloading pyproject_hooks-1.2.0-py3-none-any.whl.metadata (1.3 kB)
#18 19.54 Collecting requests<3.0,>=2.26 (from poetry)
#18 19.58   Downloading requests-2.32.4-py3-none-any.whl.metadata (4.9 kB)
#18 20.33 Collecting requests-toolbelt<2.0.0,>=1.0.0 (from poetry)
#18 20.37   Downloading requests_toolbelt-1.0.0-py2.py3-none-any.whl.metadata (14 kB)
#18 21.08 Collecting shellingham<2.0,>=1.5 (from poetry)
#18 21.13   Downloading shellingham-1.5.4-py2.py3-none-any.whl.metadata (3.5 kB)
#18 21.72 Collecting tomlkit<1.0.0,>=0.11.4 (from poetry)
#18 21.76   Downloading tomlkit-0.13.3-py3-none-any.whl.metadata (2.8 kB)
#18 22.47 Collecting trove-classifiers>=2022.5.19 (from poetry)
#18 22.51   Downloading trove_classifiers-2025.5.9.12-py3-none-any.whl.metadata (2.3 kB)
#18 23.11 Collecting virtualenv<21.0.0,>=20.26.6 (from poetry)
#18 23.15   Downloading virtualenv-20.32.0-py3-none-any.whl.metadata (4.5 kB)
#18 23.93 Collecting msgpack<2.0.0,>=0.5.2 (from cachecontrol<0.15.0,>=0.14.0->cachecontrol[filecache]<0.15.0,>=0.14.0->poetry)
#18 23.97   Downloading msgpack-1.1.1-cp311-cp311-manylinux_2_17_x86_64.manylinux2014_x86_64.whl.metadata (8.4 kB)
#18 24.71 Collecting filelock>=3.8.0 (from cachecontrol[filecache]<0.15.0,>=0.14.0->poetry)
#18 24.75   Downloading filelock-3.18.0-py3-none-any.whl.metadata (2.9 kB)
#18 25.36 Collecting crashtest<0.5.0,>=0.4.1 (from cleo<3.0.0,>=2.1.0->poetry)
#18 25.40   Downloading crashtest-0.4.1-py3-none-any.whl.metadata (1.1 kB)
#18 26.64 Collecting rapidfuzz<4.0.0,>=3.0.0 (from cleo<3.0.0,>=2.1.0->poetry)
#18 26.68   Downloading rapidfuzz-3.13.0-cp311-cp311-manylinux_2_17_x86_64.manylinux2014_x86_64.whl.metadata (12 kB)
#18 27.67 Collecting urllib3>=1.25 (from dulwich<0.23.0,>=0.22.6->poetry)
#18 27.72   Downloading urllib3-2.5.0-py3-none-any.whl.metadata (6.5 kB)
#18 28.38 Collecting SecretStorage>=3.2 (from keyring<26.0.0,>=25.1.0->poetry)
#18 28.42   Downloading SecretStorage-3.3.3-py3-none-any.whl.metadata (4.0 kB)
#18 29.23 Collecting jeepney>=0.4.2 (from keyring<26.0.0,>=25.1.0->poetry)
#18 29.26   Downloading jeepney-0.9.0-py3-none-any.whl.metadata (1.2 kB)
#18 29.95 Collecting importlib_metadata>=4.11.4 (from keyring<26.0.0,>=25.1.0->poetry)
#18 30.00   Downloading importlib_metadata-8.7.0-py3-none-any.whl.metadata (4.8 kB)
#18 30.64 Collecting jaraco.classes (from keyring<26.0.0,>=25.1.0->poetry)
#18 30.68   Downloading jaraco.classes-3.4.0-py3-none-any.whl.metadata (2.6 kB)
#18 31.55 Collecting jaraco.functools (from keyring<26.0.0,>=25.1.0->poetry)
#18 31.59   Downloading jaraco_functools-4.2.1-py3-none-any.whl.metadata (2.9 kB)
#18 32.27 Collecting jaraco.context (from keyring<26.0.0,>=25.1.0->poetry)
#18 32.31   Downloading jaraco.context-6.0.1-py3-none-any.whl.metadata (4.1 kB)
#18 33.12 Collecting httpx<1,>=0.27.0 (from pbs-installer[download,install]<2026.0.0,>=2025.1.6->poetry)
#18 33.18   Downloading httpx-0.28.1-py3-none-any.whl.metadata (7.1 kB)
#18 34.23 Collecting zstandard>=0.21.0 (from pbs-installer[download,install]<2026.0.0,>=2025.1.6->poetry)
#18 34.26   Downloading zstandard-0.23.0-cp311-cp311-manylinux_2_17_x86_64.manylinux2014_x86_64.whl.metadata (3.0 kB)
#18 35.37 Collecting anyio (from httpx<1,>=0.27.0->pbs-installer[download,install]<2026.0.0,>=2025.1.6->poetry)
#18 35.41   Downloading anyio-4.9.0-py3-none-any.whl.metadata (4.7 kB)
#18 36.86 Collecting certifi (from httpx<1,>=0.27.0->pbs-installer[download,install]<2026.0.0,>=2025.1.6->poetry)
#18 36.89   Downloading certifi-2025.7.14-py3-none-any.whl.metadata (2.4 kB)
#18 37.65 Collecting httpcore==1.* (from httpx<1,>=0.27.0->pbs-installer[download,install]<2026.0.0,>=2025.1.6->poetry)
#18 37.69   Downloading httpcore-1.0.9-py3-none-any.whl.metadata (21 kB)
#18 38.25 Collecting idna (from httpx<1,>=0.27.0->pbs-installer[download,install]<2026.0.0,>=2025.1.6->poetry)
#18 38.29   Downloading idna-3.10-py3-none-any.whl.metadata (10 kB)
#18 38.87 Collecting h11>=0.16 (from httpcore==1.*->httpx<1,>=0.27.0->pbs-installer[download,install]<2026.0.0,>=2025.1.6->poetry)
#18 38.91   Downloading h11-0.16.0-py3-none-any.whl.metadata (8.3 kB)
#18 39.68 Collecting charset_normalizer<4,>=2 (from requests<3.0,>=2.26->poetry)
#18 39.73   Downloading charset_normalizer-3.4.2-cp311-cp311-manylinux_2_17_x86_64.manylinux2014_x86_64.whl.metadata (35 kB)
#18 40.41 Collecting distlib<1,>=0.3.7 (from virtualenv<21.0.0,>=20.26.6->poetry)
#18 40.45   Downloading distlib-0.4.0-py2.py3-none-any.whl.metadata (5.2 kB)
#18 41.13 Collecting zipp>=3.20 (from importlib_metadata>=4.11.4->keyring<26.0.0,>=25.1.0->poetry)
#18 41.16   Downloading zipp-3.23.0-py3-none-any.whl.metadata (3.6 kB)
#18 41.91 Collecting cryptography>=2.0 (from SecretStorage>=3.2->keyring<26.0.0,>=25.1.0->poetry)
#18 41.95   Downloading cryptography-45.0.5-cp311-abi3-manylinux_2_34_x86_64.whl.metadata (5.7 kB)
#18 42.76 Collecting cffi>=1.14 (from cryptography>=2.0->SecretStorage>=3.2->keyring<26.0.0,>=25.1.0->poetry)
#18 42.80   Downloading cffi-1.17.1-cp311-cp311-manylinux_2_17_x86_64.manylinux2014_x86_64.whl.metadata (1.5 kB)
#18 43.56 Collecting pycparser (from cffi>=1.14->cryptography>=2.0->SecretStorage>=3.2->keyring<26.0.0,>=25.1.0->poetry)
#18 43.60   Downloading pycparser-2.22-py3-none-any.whl.metadata (943 bytes)
#18 44.14 Collecting sniffio>=1.1 (from anyio->httpx<1,>=0.27.0->pbs-installer[download,install]<2026.0.0,>=2025.1.6->poetry)
#18 44.17   Downloading sniffio-1.3.1-py3-none-any.whl.metadata (3.9 kB)
#18 44.68 Collecting typing_extensions>=4.5 (from anyio->httpx<1,>=0.27.0->pbs-installer[download,install]<2026.0.0,>=2025.1.6->poetry)
#18 44.72   Downloading typing_extensions-4.14.1-py3-none-any.whl.metadata (3.0 kB)
#18 45.25 Collecting more-itertools (from jaraco.classes->keyring<26.0.0,>=25.1.0->poetry)
#18 45.29   Downloading more_itertools-10.7.0-py3-none-any.whl.metadata (37 kB)
#18 45.91 Collecting backports.tarfile (from jaraco.context->keyring<26.0.0,>=25.1.0->poetry)
#18 45.94   Downloading backports.tarfile-1.2.0-py3-none-any.whl.metadata (2.0 kB)
#18 47.45 Downloading poetry-2.1.3-py3-none-any.whl (278 kB)
#18 48.11 Downloading poetry_core-2.1.3-py3-none-any.whl (332 kB)
#18 48.65 Downloading build-1.2.2.post1-py3-none-any.whl (22 kB)
#18 49.09 Downloading cachecontrol-0.14.3-py3-none-any.whl (21 kB)
#18 49.49 Downloading cleo-2.1.0-py3-none-any.whl (78 kB)
#18 49.85 Downloading crashtest-0.4.1-py3-none-any.whl (7.6 kB)
#18 50.20 Downloading dulwich-0.22.8-cp311-cp311-manylinux_2_17_x86_64.manylinux2014_x86_64.whl (1.0 MB)
#18 50.65    ━━━━━━━━━━━━━━━━━━━━━━━━━━━━━━━━━━━━━━━━ 1.0/1.0 MB 1.7 MB/s eta 0:00:00
#18 50.69 Downloading fastjsonschema-2.21.1-py3-none-any.whl (23 kB)
#18 51.07 Downloading findpython-0.6.3-py3-none-any.whl (20 kB)
#18 51.46 Downloading installer-0.7.0-py3-none-any.whl (453 kB)
#18 51.87 Downloading keyring-25.6.0-py3-none-any.whl (39 kB)
#18 52.24 Downloading msgpack-1.1.1-cp311-cp311-manylinux_2_17_x86_64.manylinux2014_x86_64.whl (429 kB)
#18 52.61 Downloading pbs_installer-2025.7.12-py3-none-any.whl (59 kB)
#18 52.94 Downloading httpx-0.28.1-py3-none-any.whl (73 kB)
#18 53.19 Downloading httpcore-1.0.9-py3-none-any.whl (78 kB)
#18 53.62 Downloading pkginfo-1.12.1.2-py3-none-any.whl (32 kB)
#18 53.93 Downloading platformdirs-4.3.8-py3-none-any.whl (18 kB)
#18 54.23 Downloading pyproject_hooks-1.2.0-py3-none-any.whl (10 kB)
#18 54.54 Downloading rapidfuzz-3.13.0-cp311-cp311-manylinux_2_17_x86_64.manylinux2014_x86_64.whl (3.1 MB)
#18 54.94    ━━━━━━━━━━━━━━━━━━━━━━━━━━━━━━━━━━━━━━━━ 3.1/3.1 MB 7.2 MB/s eta 0:00:00
#18 54.98 Downloading requests-2.32.4-py3-none-any.whl (64 kB)
#18 55.33 Downloading charset_normalizer-3.4.2-cp311-cp311-manylinux_2_17_x86_64.manylinux2014_x86_64.whl (147 kB)
#18 55.68 Downloading idna-3.10-py3-none-any.whl (70 kB)
#18 55.96 Downloading requests_toolbelt-1.0.0-py2.py3-none-any.whl (54 kB)
#18 56.27 Downloading shellingham-1.5.4-py2.py3-none-any.whl (9.8 kB)
#18 56.58 Downloading tomlkit-0.13.3-py3-none-any.whl (38 kB)
#18 56.98 Downloading urllib3-2.5.0-py3-none-any.whl (129 kB)
#18 57.57 Downloading virtualenv-20.32.0-py3-none-any.whl (6.1 MB)
#18 58.36    ━━━━━━━━━━━━━━━━━━━━━━━━━━━━━━━━━━━━━━━━ 6.1/6.1 MB 7.5 MB/s eta 0:00:00
#18 58.40 Downloading distlib-0.4.0-py2.py3-none-any.whl (469 kB)
#18 58.71 Downloading filelock-3.18.0-py3-none-any.whl (16 kB)
#18 58.96 Downloading certifi-2025.7.14-py3-none-any.whl (162 kB)
#18 59.27 Downloading h11-0.16.0-py3-none-any.whl (37 kB)
#18 59.54 Downloading importlib_metadata-8.7.0-py3-none-any.whl (27 kB)
#18 59.89 Downloading jeepney-0.9.0-py3-none-any.whl (49 kB)
#18 60.14 Downloading packaging-25.0-py3-none-any.whl (66 kB)
#18 60.44 Downloading SecretStorage-3.3.3-py3-none-any.whl (15 kB)
#18 60.76 Downloading cryptography-45.0.5-cp311-abi3-manylinux_2_34_x86_64.whl (4.5 MB)
#18 61.29    ━━━━━━━━━━━━━━━━━━━━━━━━━━━━━━━━━━━━━━━━ 4.5/4.5 MB 8.2 MB/s eta 0:00:00
#18 61.33 Downloading cffi-1.17.1-cp311-cp311-manylinux_2_17_x86_64.manylinux2014_x86_64.whl (467 kB)
#18 61.69 Downloading trove_classifiers-2025.5.9.12-py3-none-any.whl (14 kB)
#18 62.02 Downloading zipp-3.23.0-py3-none-any.whl (10 kB)
#18 62.66 Downloading zstandard-0.23.0-cp311-cp311-manylinux_2_17_x86_64.manylinux2014_x86_64.whl (5.4 MB)
#18 63.22    ━━━━━━━━━━━━━━━━━━━━━━━━━━━━━━━━━━━━━━━━ 5.4/5.4 MB 9.4 MB/s eta 0:00:00
#18 63.27 Downloading anyio-4.9.0-py3-none-any.whl (100 kB)
#18 63.63 Downloading sniffio-1.3.1-py3-none-any.whl (10 kB)
#18 63.96 Downloading typing_extensions-4.14.1-py3-none-any.whl (43 kB)
#18 64.34 Downloading jaraco.classes-3.4.0-py3-none-any.whl (6.8 kB)
#18 64.74 Downloading jaraco.context-6.0.1-py3-none-any.whl (6.8 kB)
#18 65.03 Downloading backports.tarfile-1.2.0-py3-none-any.whl (30 kB)
#18 65.46 Downloading jaraco_functools-4.2.1-py3-none-any.whl (10 kB)
#18 65.75 Downloading more_itertools-10.7.0-py3-none-any.whl (65 kB)
#18 66.14 Downloading pycparser-2.22-py3-none-any.whl (117 kB)
#18 66.69 Installing collected packages: trove-classifiers, fastjsonschema, distlib, zstandard, zipp, urllib3, typing_extensions, tomlkit, sniffio, shellingham, rapidfuzz, pyproject-hooks, pycparser, poetry-core, platformdirs, pkginfo, pbs-installer, packaging, msgpack, more-itertools, jeepney, installer, idna, h11, filelock, crashtest, charset_normalizer, certifi, backports.tarfile, virtualenv, requests, jaraco.functools, jaraco.context, jaraco.classes, importlib_metadata, httpcore, findpython, dulwich, cleo, cffi, build, anyio, requests-toolbelt, httpx, cryptography, cachecontrol, SecretStorage, keyring, poetry
#18 85.59 
#18 85.60 Successfully installed SecretStorage-3.3.3 anyio-4.9.0 backports.tarfile-1.2.0 build-1.2.2.post1 cachecontrol-0.14.3 certifi-2025.7.14 cffi-1.17.1 charset_normalizer-3.4.2 cleo-2.1.0 crashtest-0.4.1 cryptography-45.0.5 distlib-0.4.0 dulwich-0.22.8 fastjsonschema-2.21.1 filelock-3.18.0 findpython-0.6.3 h11-0.16.0 httpcore-1.0.9 httpx-0.28.1 idna-3.10 importlib_metadata-8.7.0 installer-0.7.0 jaraco.classes-3.4.0 jaraco.context-6.0.1 jaraco.functools-4.2.1 jeepney-0.9.0 keyring-25.6.0 more-itertools-10.7.0 msgpack-1.1.1 packaging-25.0 pbs-installer-2025.7.12 pkginfo-1.12.1.2 platformdirs-4.3.8 poetry-2.1.3 poetry-core-2.1.3 pycparser-2.22 pyproject-hooks-1.2.0 rapidfuzz-3.13.0 requests-2.32.4 requests-toolbelt-1.0.0 shellingham-1.5.4 sniffio-1.3.1 tomlkit-0.13.3 trove-classifiers-2025.5.9.12 typing_extensions-4.14.1 urllib3-2.5.0 virtualenv-20.32.0 zipp-3.23.0 zstandard-0.23.0
#18 85.60 WARNING: Running pip as the 'root' user can result in broken permissions and conflicting behaviour with the system package manager, possibly rendering your system unusable. It is recommended to use a virtual environment instead: https://pip.pypa.io/warnings/venv. Use the --root-user-action option if you know what you are doing and want to suppress this warning.
#18 DONE 89.5s

#19 [rest_server builder 12/17] COPY autogpt_platform/autogpt_libs /app/autogpt_platform/autogpt_libs
#19 DONE 3.0s

#20 [scheduler_server builder 13/17] COPY autogpt_platform/backend/poetry.lock autogpt_platform/backend/pyproject.toml /app/autogpt_platform/backend/
#20 DONE 3.3s

#21 [migrate builder 14/17] WORKDIR /app/autogpt_platform/backend
#21 DONE 3.0s

#22 [migrate builder 15/17] RUN poetry install --no-ansi --no-root
#22 4.606 Skipping virtualenv creation, as specified in config file.
#22 4.860 Installing dependencies from lock file
#22 5.558 
#22 5.558 Package operations: 177 installs, 14 updates, 0 removals
#22 5.558 
#22 5.558   - Installing protobuf (5.29.5)
#22 5.560   - Installing pyasn1 (0.6.1)
#22 5.873   - Installing cachetools (5.5.2)
#22 5.873   - Downgrading certifi (2025.7.14 -> 2025.4.26)
#22 5.873   - Installing frozenlist (1.6.0)
#22 5.880   - Installing googleapis-common-protos (1.70.0)
#22 5.881   - Installing grpcio (1.72.1)
#22 5.885   - Installing hpack (4.1.0)
#22 5.887   - Installing hyperframe (6.1.0)
#22 5.888   - Installing iniconfig (2.1.0)
#22 5.890   - Installing multidict (6.4.4)
#22 5.893   - Installing pluggy (1.6.0)
#22 5.897   - Installing propcache (0.3.1)
#22 5.899   - Installing pyasn1-modules (0.4.2)
#22 5.964   - Installing pygments (2.19.2)
#22 6.261   - Installing rsa (4.9.1)
#22 6.382   - Downgrading typing-extensions (4.14.1 -> 4.14.0)
#22 6.386   - Downgrading urllib3 (2.5.0 -> 2.4.0)
#22 8.171   - Installing aiohappyeyeballs (2.6.1)
#22 8.172   - Installing aiosignal (1.3.2)
#22 8.173   - Installing annotated-types (0.7.0)
#22 8.174   - Installing attrs (25.3.0)
#22 8.179   - Installing google-auth (2.40.2)
#22 8.179   - Installing grpcio-status (1.71.0)
#22 8.181   - Installing h2 (4.2.0)
#22 8.183   - Installing proto-plus (1.26.1)
#22 8.186   - Installing pydantic-core (2.33.2)
#22 8.187   - Installing pytest (8.4.1)
#22 8.188   - Installing six (1.17.0)
#22 8.193   - Installing typing-inspection (0.4.1)
#22 8.473   - Installing wrapt (1.17.2)
#22 8.490   - Installing yarl (1.20.0)
#22 8.497   - Downgrading zipp (3.23.0 -> 3.22.0)
#22 12.25   - Installing aiohttp (3.12.6)
#22 12.25   - Downgrading cryptography (45.0.5 -> 43.0.3)
#22 12.25   - Installing deprecated (1.2.18)
#22 12.25   - Installing deprecation (2.1.0)
#22 12.26   - Installing google-api-core (2.25.0)
#22 12.26   - Downgrading importlib-metadata (8.7.0 -> 8.6.1)
#22 12.26   - Installing pydantic (2.11.7)
#22 12.27   - Installing pyjwt (2.10.1)
#22 12.27   - Installing pyparsing (3.2.3)
#22 12.27   - Installing pytest-mock (3.14.1)
#22 12.27   - Installing python-dateutil (2.9.0.post0)
#22 12.27   - Installing rpds-py (0.25.1)
#22 12.55   - Installing strenum (0.4.15)
#22 12.62   - Installing websockets (14.2)
#22 14.51   - Installing backoff (2.2.1)
#22 14.51   - Installing click (8.2.1)
#22 14.51   - Downgrading distlib (0.4.0 -> 0.3.9)
#22 14.51   - Installing distro (1.9.0)
#22 14.51   - Installing dnspython (2.7.0)
#22 14.52   - Installing expiringdict (1.2.2)
#22 14.52   - Installing google-cloud-appengine-logging (1.6.1)
#22 14.52   - Installing google-cloud-audit-log (0.3.2)
#22 14.52   - Installing google-cloud-core (2.4.3)
#22 14.53   - Installing google-crc32c (1.7.1)
#22 14.53   - Installing gotrue (2.12.0)
#22 14.53   - Installing greenlet (3.2.2)
#22 14.84   - Installing grpc-google-iam-v1 (0.14.2)
#22 14.91   - Installing httplib2 (0.22.0)
#22 14.91   - Downgrading jaraco-functools (4.2.1 -> 4.1.0)
#22 14.92   - Installing jiter (0.10.0)
#22 14.92   - Installing launchdarkly-eventsource (1.2.4)
#22 14.95   - Installing markupsafe (3.0.2)
#22 15.00   - Downgrading msgpack (1.1.1 -> 1.1.0)
#22 15.09   - Installing mypy-extensions (1.1.0)
#22 15.16   - Installing numpy (2.2.6)
#22 15.29   - Installing oauthlib (3.2.2)
#22 15.31   - Installing opentelemetry-api (1.33.1)
#22 15.33   - Installing pamqp (3.3.0)
#22 15.37   - Installing pathspec (0.12.1)
#22 15.41   - Installing pillow (11.2.1)
#22 15.63   - Installing pinecone-plugin-interface (0.0.7)
#22 15.78   - Installing portalocker (2.10.1)
#22 15.83   - Installing postgrest (1.0.2)
#22 15.97   - Installing pyrfc3339 (2.0.1)
#22 16.07   - Installing python-dotenv (1.1.1)
#22 16.14   - Installing realtime (2.4.3)
#22 16.26   - Installing referencing (0.36.2)
#22 16.28   - Installing regex (2024.11.6)
#22 16.32   - Installing semver (3.0.4)
#22 16.41   - Installing starlette (0.46.2)
#22 16.47   - Installing storage3 (0.11.3)
#22 16.62   - Installing supafunc (0.9.4)
#22 16.65   - Installing tqdm (4.67.1)
#22 16.67   - Installing webencodings (0.5.1)
#22 19.55   - Installing aiormq (6.8.1)
#22 19.55   - Installing anthropic (0.57.1)
#22 19.55   - Installing black (24.10.0)
#22 19.55   - Installing colorama (0.4.6)
#22 19.55   - Installing decorator (5.2.1)
#22 19.55   - Installing defusedxml (0.7.1)
#22 19.56   - Installing e2b (1.5.4)
#22 19.56   - Installing email-validator (2.2.0)
#22 19.56   - Installing exceptiongroup (1.3.0)
#22 19.57   - Installing fastapi (0.115.14)
#22 19.57   - Installing google-auth-httplib2 (0.2.0)
#22 19.57   - Installing google-cloud-logging (3.12.1)
#22 19.83   - Installing google-resumable-media (2.7.2)
#22 19.85   - Installing httptools (0.6.4)
#22 19.87   - Installing imageio (2.37.0)
#22 19.88   - Installing imageio-ffmpeg (0.6.0)
#22 19.89   - Installing jinja2 (3.1.6)
#22 19.93   - Installing jsonschema-specifications (2025.4.1)
#22 19.99   - Installing launchdarkly-server-sdk (9.11.1)
#22 20.31   - Installing mccabe (0.7.0)
#22 20.31   - Installing nodeenv (1.9.1)
#22 20.40   - Installing openai (1.93.2)
#22 20.46   - Installing pastel (0.2.1)
#22 20.57   - Downgrading pbs-installer (2025.7.12 -> 2025.5.17)
#22 20.59   - Installing pinecone-plugin-inference (3.1.0)
#22 20.65   - Downgrading poetry-core (2.1.3 -> 2.1.1)
#22 20.69   - Installing posthog (4.2.0)
#22 20.75   - Installing prawcore (2.4.0)
#22 20.76   - Installing proglog (0.1.12)
#22 21.05   - Installing pycares (4.9.0)
#22 21.07   - Installing pycodestyle (2.14.0)
#22 21.10   - Installing pydantic-settings (2.10.1)
#22 21.34   - Installing pyflakes (3.4.0)
#22 21.47   - Installing pytest-asyncio (0.26.0)
#22 21.52   - Installing pytz (2025.2)
#22 21.70   - Installing pyyaml (6.0.2)
#22 21.72   - Installing qdrant-client (1.14.2)
#22 21.77   - Installing requests-oauthlib (2.0.0)
#22 21.88   - Installing sgmllib3k (1.0.0)
#22 22.16   - Installing sqlalchemy (2.0.41)
#22 22.18   - Installing supabase (2.16.0)
#22 22.36   - Installing tiktoken (0.9.0)
#22 22.66   - Installing tinycss2 (1.4.0)
#22 22.74   - Downgrading tomlkit (0.13.3 -> 0.13.2)
#22 22.87   - Installing tzdata (2025.2)
#22 22.92   - Installing tzlocal (5.3.1)
#22 22.96   - Installing update-checker (0.18.0)
#22 23.20   - Installing uritemplate (4.2.0)
#22 23.22   - Installing uvicorn (0.34.3)
#22 23.31   - Installing uvloop (0.21.0)
#22 23.57   - Downgrading virtualenv (20.32.0 -> 20.31.2)
#22 23.88   - Installing watchdog (6.0.0)
#22 24.01   - Installing watchfiles (1.0.5)
#22 24.47   - Installing websocket-client (1.8.0)
#22 29.23   - Installing aio-pika (9.5.5)
#22 29.23   - Installing aioclamd (1.0.0)
#22 29.23   - Installing aiodns (3.5.0)
#22 29.23   - Installing aiofiles (24.1.0)
#22 29.23   - Installing apscheduler (3.11.0)
#22 29.23   - Installing bleach (6.2.0)
#22 29.24   - Installing discord-py (2.5.2)
#22 29.24   - Installing e2b-code-interpreter (1.5.2)
#22 29.24   - Installing faker (33.3.1)
#22 29.25   - Installing feedparser (6.0.11)
#22 29.25   - Installing flake8 (7.3.0)
#22 29.25   - Installing google-api-python-client (2.176.0)
#22 29.49   - Installing google-auth-oauthlib (1.2.2)
#22 29.58   - Installing google-cloud-storage (3.2.0)
#22 29.59   - Installing googlemaps (4.10.0)
#22 29.62   - Installing gravitasml (0.1.3)
#22 29.76   - Installing groq (0.29.0)
#22 29.80   - Installing html2text (2024.2.26)
#22 29.88   - Installing isort (5.13.2)
#22 29.88   - Installing jsonref (1.1.0)
#22 29.89   - Installing jsonschema (4.24.0)
#22 29.91   - Installing mem0ai (0.1.114)
#22 30.12   - Installing moviepy (2.2.1)
#22 30.16   - Installing ollama (0.5.1)
#22 30.24   - Installing pandas (2.3.1)
#22 30.49   - Installing pika (1.3.2)
#22 30.59   - Installing pinecone (5.4.2)
#22 30.74   - Installing poethepoet (0.36.0)
#22 30.93   - Downgrading poetry (2.1.3 -> 2.1.1)
#22 31.14   - Installing postmarker (1.0)
#22 31.19   - Installing praw (7.8.1)
#22 31.25   - Installing prisma (0.15.0)
#22 31.45   - Installing prometheus-client (0.22.1)
#22 31.57   - Installing psutil (7.0.0)
#22 31.87   - Installing psycopg2-binary (2.9.10)
#22 31.96   - Installing pyright (1.1.402)
#22 32.43   - Installing pytest-snapshot (0.9.0)
#22 32.48   - Installing pytest-watcher (0.4.3)
#22 32.49   - Installing python-multipart (0.0.20)
#22 32.84   - Installing redis (5.2.1)
#22 33.90   - Installing replicate (1.0.7)
#22 34.16 Installing /usr/local/lib/python3.11/site-packages/LICENSE over existing file
#22 34.26   - Installing ruff (0.12.2)
#22 34.35   - Installing sentry-sdk (2.32.0)
#22 34.38   - Installing stripe (11.6.0)
#22 34.98   - Installing tenacity (9.1.2)
#22 35.25   - Installing todoist-api-python (2.1.7)
#22 35.36   - Installing tweepy (4.16.0)
#22 35.46 Installing /usr/local/lib/python3.11/site-packages/LICENSE over existing file
#22 35.57   - Installing youtube-transcript-api (0.6.3)
#22 35.88   - Installing zerobouncesdk (1.1.2)
#22 46.45   - Installing autogpt-libs (0.2.0 /app/autogpt_platform/autogpt_libs)
#22 DONE 66.4s

#23 [rest_server builder 16/17] COPY autogpt_platform/backend/schema.prisma ./
#23 DONE 4.8s

#24 [executor builder 17/17] RUN poetry run prisma generate
#24 8.229 Skipping virtualenv creation, as specified in config file.
#24 9.823 Installing Prisma CLI
#24 10.53  * Install prebuilt node (24.4.1) ..... done.
#24 28.63 Prisma schema loaded from schema.prisma
#24 31.42 
#24 31.42 ✔ Generated Prisma Client Python (v0.15.0) to ./../../../usr/local/lib/python3.11/site-packages/prisma in 1.23s
#24 31.42 
#24 DONE 41.0s

#25 [migrate server_dependencies  4/12] COPY --from=builder /app /app
#25 DONE 3.8s

#26 [executor server_dependencies  5/12] COPY --from=builder /usr/local/lib/python3.11 /usr/local/lib/python3.11
#26 DONE 25.1s

#27 [websocket_server server_dependencies  6/12] COPY --from=builder /usr/local/bin /usr/local/bin
#27 DONE 5.1s

#28 [migrate server_dependencies  7/12] COPY --from=builder /root/.cache/prisma-python/binaries /root/.cache/prisma-python/binaries
#28 DONE 6.2s

#29 [websocket_server server_dependencies  8/12] RUN mkdir -p /app/autogpt_platform/autogpt_libs
#29 DONE 9.3s

#30 [executor server_dependencies  9/12] RUN mkdir -p /app/autogpt_platform/backend
#30 DONE 7.6s

#31 [executor server_dependencies 10/12] COPY autogpt_platform/autogpt_libs /app/autogpt_platform/autogpt_libs
#31 DONE 4.0s

#32 [scheduler_server server_dependencies 11/12] COPY autogpt_platform/backend/poetry.lock autogpt_platform/backend/pyproject.toml /app/autogpt_platform/backend/
#32 DONE 5.1s

#33 [rest_server server_dependencies 12/12] WORKDIR /app/autogpt_platform/backend
#33 DONE 4.7s

#34 [rest_server server 1/2] COPY autogpt_platform/backend /app/autogpt_platform/backend
#34 DONE 4.7s

#35 [scheduler_server server 2/2] RUN poetry install --no-ansi --only-root
#35 10.39 Skipping virtualenv creation, as specified in config file.
#35 10.94 Installing dependencies from lock file
#35 11.70 
#35 11.70 Installing the current project: autogpt-platform-backend (0.4.9)
#35 DONE 13.5s

#36 [scheduler_server] exporting to image
#36 exporting layers
#36 ...

#37 [rest_server] exporting to image
#37 ...

#38 [executor] exporting to image
#38 ...

#39 [migrate] exporting to image
#39 ...

#40 [websocket_server] exporting to image
#40 ...

#36 [scheduler_server] exporting to image
#36 exporting layers 19.4s done
#36 writing image sha256:5f326295a7fd55c592c33086382637c99772681df0c5d43ba86556a7efcceb49
#36 writing image sha256:5f326295a7fd55c592c33086382637c99772681df0c5d43ba86556a7efcceb49 0.4s done
#36 naming to docker.io/library/autogpt_platform-scheduler_server
#36 ...

#38 [executor] exporting to image
#38 exporting layers 19.3s done
#38 writing image sha256:5f326295a7fd55c592c33086382637c99772681df0c5d43ba86556a7efcceb49 6.8s done
#38 naming to docker.io/library/autogpt_platform-executor
#38 ...

#36 [scheduler_server] exporting to image
#36 naming to docker.io/library/autogpt_platform-scheduler_server 9.9s done
#36 ...

#40 [websocket_server] exporting to image
#40 exporting layers 18.9s done
#40 writing image sha256:5f326295a7fd55c592c33086382637c99772681df0c5d43ba86556a7efcceb49 7.6s done
#40 naming to docker.io/library/autogpt_platform-websocket_server 3.8s done
#40 ...

#37 [rest_server] exporting to image
#37 exporting layers 18.7s done
#37 writing image sha256:5f326295a7fd55c592c33086382637c99772681df0c5d43ba86556a7efcceb49 3.6s done
#37 naming to docker.io/library/autogpt_platform-rest_server 6.7s done
#37 ...

#39 [migrate] exporting to image
#39 exporting layers 19.1s done
#39 writing image sha256:5f326295a7fd55c592c33086382637c99772681df0c5d43ba86556a7efcceb49 5.0s done
#39 naming to docker.io/library/autogpt_platform-migrate 5.3s done
#39 ...

#38 [executor] exporting to image
#38 naming to docker.io/library/autogpt_platform-executor 4.6s done
#38 ...

#40 [websocket_server] exporting to image
#40 DONE 34.4s

#39 [migrate] exporting to image
#39 ...

#36 [scheduler_server] exporting to image
#36 DONE 35.2s

#39 [migrate] exporting to image
#39 ...

#37 [rest_server] exporting to image
#37 DONE 34.7s

#39 [migrate] exporting to image
#39 ...

#38 [executor] exporting to image
#38 DONE 36.3s

#39 [migrate] exporting to image
#39 DONE 36.9s

#41 [migrate] resolving provenance for metadata file
#41 ...

#42 [scheduler_server] resolving provenance for metadata file
#42 ...

#43 [websocket_server] resolving provenance for metadata file
#43 ...

#44 [rest_server] resolving provenance for metadata file
#44 ...

#45 [executor] resolving provenance for metadata file
#45 DONE 12.4s

#43 [websocket_server] resolving provenance for metadata file
#43 ...

#42 [scheduler_server] resolving provenance for metadata file
#42 DONE 21.4s

#41 [migrate] resolving provenance for metadata file
#41 ...

#43 [websocket_server] resolving provenance for metadata file
#43 DONE 18.2s

#44 [rest_server] resolving provenance for metadata file
#44 DONE 15.5s

#41 [migrate] resolving provenance for metadata file
#41 DONE 32.7s
 scheduler_server  Built
 websocket_server  Built
 migrate  Built
 rest_server  Built
 executor  Built
 Network shared-network  Creating
 Network shared-network  Created
 Network app-network  Creating
 Network app-network  Created
 Volume "autogpt_platform_clamav-data"  Creating
 Volume "autogpt_platform_clamav-data"  Created
 Volume "autogpt_platform_supabase-config"  Creating
 Volume "autogpt_platform_supabase-config"  Created
 Container supabase-imgproxy  Creating
 Container rabbitmq  Creating
 Container autogpt_platform-redis-1  Creating
 Container supabase-vector  Creating
 Container autogpt_platform-clamav-1  Creating
 Container supabase-vector  Created
 Container supabase-db  Creating
 Container autogpt_platform-redis-1  Created
 Container rabbitmq  Created
 Container supabase-imgproxy  Created
 Container autogpt_platform-clamav-1  Created
 Container supabase-db  Created
 Container supabase-analytics  Creating
 Container autogpt_platform-migrate-1  Creating
 Container supabase-analytics  Created
 Container supabase-studio  Creating
 Container supabase-kong  Creating
 Container supabase-rest  Creating
 Container supabase-edge-functions  Creating
 Container realtime-dev.supabase-realtime  Creating
 Container supabase-meta  Creating
 Container supabase-auth  Creating
 Container autogpt_platform-migrate-1  Created
 Container autogpt_platform-scheduler_server-1  Creating
 Container autogpt_platform-executor-1  Creating
 Container autogpt_platform-websocket_server-1  Creating
 Container autogpt_platform-rest_server-1  Creating
 Container supabase-meta  Created
 Container supabase-rest  Created
 Container supabase-storage  Creating
 Container supabase-kong  Created
 Container supabase-edge-functions  Created
 Container realtime-dev.supabase-realtime  Created
 Container supabase-auth  Created
 Container supabase-studio  Created
 Container autogpt_platform-scheduler_server-1  Created
 Container autogpt_platform-executor-1  Created
 Container autogpt_platform-rest_server-1  Created
 Container autogpt_platform-websocket_server-1  Created
 Container supabase-storage  Created
 Container supabase-imgproxy  Starting
 Container autogpt_platform-redis-1  Starting
 Container supabase-vector  Starting
 Container autogpt_platform-clamav-1  Starting
 Container rabbitmq  Starting
 Container supabase-imgproxy  Started
 Container autogpt_platform-clamav-1  Started
 Container autogpt_platform-redis-1  Started
 Container rabbitmq  Started
 Container supabase-vector  Started
 Container supabase-vector  Waiting
 Container supabase-vector  Healthy
 Container supabase-db  Starting
 Container supabase-db  Started
 Container supabase-db  Waiting
 Container supabase-db  Waiting
 Container supabase-db  Error
 Container supabase-db  Error
dependency failed to start: container supabase-db exited (137)
